ITEM_ID,COMUNE,TIPO_ANNUNCIO,VIA_RADAR,AZIONE,TARGET,TELEFONO,STATO,FONTE
9a8e6bc5c6aaedd0ee05,Almese,NON_DETERMINATO,Via Rubiana,VAI_IN_ZONA,Via Rubiana 142,,PRONTO,https://www.idealista.it/immobile/36069783/
9a8e6bc5c6aaedd0ee05,Almese,NON_DETERMINATO,Via Rubiana,VAI_IN_ZONA,via Rubiana 100,,PRONTO,https://www.idealista.it/immobile/36069783/
9a8e6bc5c6aaedd0ee05,Almese,NON_DETERMINATO,Via Rubiana,VAI_IN_ZONA,Via Rubiana 51,,PRONTO,https://www.idealista.it/immobile/36069783/
bf60f35b150fb65b89e1,Rosta,NON_DETERMINATO,Via Piave,VAI_IN_ZONA,Via Piave 53,,PRONTO,https://www.idealista.it/immobile/35863658/
bf60f35b150fb65b89e1,Rosta,NON_DETERMINATO,Via Piave,VAI_IN_ZONA,via piave 33,,PRONTO,https://www.idealista.it/immobile/35863658/
07dbbaf94a4528802364,Sant'Antonino di Susa,NON_DETERMINATO,via Medagli,VAI_IN_ZONA,via Medagli 55,,PRONTO,https://www.immobiliare.it/annunci/131644636/
14e172d2c96512dfa79e,Vaie,NON_DETERMINATO,Via Peirolero,VAI_IN_ZONA,Via Peirolero 28,,PRONTO,https://www.casa.it/immobili/50035067/
7907ca91e2689613c6a8,Vaie,NON_DETERMINATO,Vicolo Superiore,VAI_IN_ZONA,Vicolo Superiore 19,,PRONTO,https://www.idealista.it/immobile/34422440/
d48aa39affeee332a566,Villar Dora,NON_DETERMINATO,Via Celle,VAI_IN_ZONA,Via Celle 64,,PRONTO,https://www.idealista.it/immobile/34771243/
10687f9dcb0e59a3c489,Rosta,NON_DETERMINATO,Via Piave,VAI_IN_ZONA,Via Piave 53,,PRONTO,https://www.casa.it/immobili/54099496/
81ad12948dc002c416d4,Buttigliera Alta,NON_DETERMINATO,Via Conti Carron,VAI_IN_ZONA,Via Conti Carron 4,,PRONTO,https://www.idealista.it/immobile/33719415/
81ad12948dc002c416d4,Buttigliera Alta,NON_DETERMINATO,Via Conti Carron,VAI_IN_ZONA,Via Conti Carron 57,,PRONTO,https://www.idealista.it/immobile/33719415/
3cb21c58d0c3d50430d6,Avigliana,NON_DETERMINATO,VIA MONTE CUNEO,VAI_IN_ZONA,VIA MONTE CUNEO 6,,PRONTO,https://www.luxuryestate.com/it/p131147981-villa-for-sale-avigliana
2bcdb0fc06c342a547fe,Almese,NON_DETERMINATO,VIA AVIGLIANA,VAI_IN_ZONA,VIA AVIGLIANA 98,,PRONTO,https://immobiliare.mitula.it/almese
5fe366ce6142845c6cfa,Almese,NON_DETERMINATO,via Rubiana,VAI_IN_ZONA,via Rubiana 100,,PRONTO,https://www.immobiliare.it/annunci/119867056/
5fe366ce6142845c6cfa,Almese,NON_DETERMINATO,via Rubiana,VAI_IN_ZONA,Via Rubiana 51,,PRONTO,https://www.immobiliare.it/annunci/119867056/
f03f60de65c9aab43eb5,Almese,NON_DETERMINATO,via Montecapretto,VAI_IN_ZONA,via Montecapretto 24,,PRONTO,https://www.immobiliare.it/annunci/108146029/
2356b8a6cc2bf07676f7,Almese,NON_DETERMINATO,via Roma,VAI_IN_ZONA,via Roma 29,,PRONTO,https://www.immobiliare.it/annunci/130993624/
c49246626beeeef88169,Almese,NON_DETERMINATO,frazione Tuberghengo,VAI_IN_ZONA,frazione Tuberghengo 2,,PRONTO,https://www.immobiliare.it/annunci/101503673/
d11a35dc33bf88a2bc87,Almese,NON_DETERMINATO,Via Almese,VAI_IN_ZONA,Via Almese 10,,PRONTO,https://www.idealista.it/immobile/35031076/
d11a35dc33bf88a2bc87,Almese,NON_DETERMINATO,Via Almese,VAI_IN_ZONA,Via Almese 64,,PRONTO,https://www.idealista.it/immobile/35031076/
f203f95c72721cdc179e,Alpignano,INDIZIO_AGENZIA,Via Della costa,VAI_IN_ZONA,Via Della costa 41,,PRONTO,https://www.gabetti.it/vendita/alpignano
f203f95c72721cdc179e,Alpignano,INDIZIO_AGENZIA,Via Della costa,VAI_IN_ZONA,via della Costa 71,,PRONTO,https://www.gabetti.it/vendita/alpignano
8ea27ac2188aa7571e12,Avigliana,INDIZIO_AGENZIA,Via Sacra San Michele - Laghi,VAI_IN_ZONA,Via Sacra San Michele - Laghi 6,,PRONTO,https://avigliana1.tecnorete.it/immobili-in-vendita
8b565539856bab5ada39,Bardonecchia,INDIZIO_AGENZIA,Via Sommeiller,VAI_IN_ZONA,Via Sommeiller 8,,PRONTO,https://www.gabetti.it/vendita/bardonecchia
318b0b8cf624873620cf,Borgone Susa,INDIZIO_AGENZIA,Via dei Gravè,VAI_IN_ZONA,Via dei Gravè 5,,PRONTO,https://www.tecnorete.it/annunci/immobili/piemonte/torino/borgone-susa.html
318b0b8cf624873620cf,Borgone Susa,INDIZIO_AGENZIA,Via dei Gravè,VAI_IN_ZONA,via dei Gravè 4,,PRONTO,https://www.tecnorete.it/annunci/immobili/piemonte/torino/borgone-susa.html
4f5cf204b69e8b17d71a,Bruzolo,NON_DETERMINATO,Via dei Mille,VAI_IN_ZONA,Via dei Mille 19,,PRONTO,https://www.casa.it/immobili/53531383/
7eb7633fa452b0c25637,Caselette,INDIZIO_AGENZIA,Via Ciriè,VAI_IN_ZONA,Via Ciriè 15,,PRONTO,https://www.gabetti.it/vendita/caselette
8d9824c2f77f054d9cb0,Caselette,NON_DETERMINATO,Località Favorita,VAI_IN_ZONA,Località Favorita 1,,PRONTO,https://www.immobiliare.it/annunci/126844533/
7b44780d0bc664387b4a,Coazze,NON_DETERMINATO,via Freinetto,VAI_IN_ZONA,via Freinetto 50,,PRONTO,https://www.caasa.it/torino/coazze/villa/in-vendita.html
7b44780d0bc664387b4a,Coazze,NON_DETERMINATO,via Freinetto,VAI_IN_ZONA,Via Freinetto 22,,PRONTO,https://www.caasa.it/torino/coazze/villa/in-vendita.html
7b44780d0bc664387b4a,Coazze,NON_DETERMINATO,via Freinetto,VAI_IN_ZONA,Via Freinetto 16,,PRONTO,https://www.caasa.it/torino/coazze/villa/in-vendita.html
7b44780d0bc664387b4a,Coazze,NON_DETERMINATO,via Freinetto,VAI_IN_ZONA,via freinetto 51,,PRONTO,https://www.caasa.it/torino/coazze/villa/in-vendita.html
f44ad5fa03f6ed2409e9,Collegno,INDIZIO_PRIVATO,viale XXIV Maggio,VAI_IN_ZONA,viale XXIV Maggio 54,,PRONTO,https://www.clickcase.it/annunci/vendita-case-privati-collegno.html
d0285dc04def4380e9a9,Condove,INDIZIO_AGENZIA,Via Moncenisio,VAI_IN_ZONA,Via Moncenisio 72,,PRONTO,https://www.idealista.it/immobile/33250712/
2a8284bab567393d4b8d,Giaveno,INDIZIO_AGENZIA,Borgata Selvaggio Sotto,VAI_IN_ZONA,Borgata Selvaggio Sotto 31,,PRONTO,https://www.gabetti.it/vendita/giaveno
ff1296c4ecfce1a16b2e,Gravere,NON_DETERMINATO,Via Nazionale,VAI_IN_ZONA,Via Nazionale 45,,PRONTO,https://www.casadaprivato.it/annunci-vendita/immobili/torino-gravere
6e6a47b7eec5e05ab25f,Grugliasco,NON_DETERMINATO,Viale Gramsci,VAI_IN_ZONA,Viale Gramsci 58,,PRONTO,https://www.bancadellecase.it/torino/in-vendita/con-planimetrie_compagnia-immobiliare-grugliasco
6e6a47b7eec5e05ab25f,Grugliasco,NON_DETERMINATO,Viale Gramsci,VAI_IN_ZONA,Viale Gramsci 66,,PRONTO,https://www.bancadellecase.it/torino/in-vendita/con-planimetrie_compagnia-immobiliare-grugliasco
5b91c89651162afbc2c9,Mattie,NON_DETERMINATO,via giordani,VAI_IN_ZONA,via giordani 3,,PRONTO,https://www.trovacasa.it/annunci/to-tc-64869-72779648
1daa8e373daef9d76013,Mompantero,NON_DETERMINATO,Frazione San Giuseppe,VAI_IN_ZONA,Frazione San Giuseppe 21,,PRONTO,https://www.casa.it/immobili/54595196/
1daa8e373daef9d76013,Mompantero,NON_DETERMINATO,Frazione San Giuseppe,VAI_IN_ZONA,frazione San Giuseppe 21/d,,PRONTO,https://www.casa.it/immobili/54595196/
0b923c7493e1ebef4dfc,Oulx,INDIZIO_AGENZIA,vicolo Bouchard,VAI_IN_ZONA,vicolo Bouchard 6,,PRONTO,https://www.gabetti.it/vendita/oulx
798bc20d7bafed18cabb,Pianezza,INDIZIO_AGENZIA,Via Calvino,VAI_IN_ZONA,Via Calvino 0,,PRONTO,https://www.gabetti.it/vendita/pianezza
1da3198f8f2f5ee6137c,Almese,INDIZIO_AGENZIA,borgata franchino - Mompellato,VAI_IN_ZONA,borgata franchino - Mompellato 6,,PRONTO,https://almese1.tecnorete.it/immobili-in-vendita
072b1c2eb7b838a219e4,Bardonecchia,NON_DETERMINATO,Via Pollicino,VAI_IN_ZONA,Via Pollicino 10,,PRONTO,https://www.idealista.it/immobile/36094722/
8adf11bd6d953dc9431c,Buttigliera Alta,NON_DETERMINATO,via Allende,VAI_IN_ZONA,via Allende 13,,PRONTO,https://www.immobiliare.it/annunci/131629064/
8a27392532f5e00f6e2d,Chiusa di San Michele,NON_DETERMINATO,vicolo G. Pietro Riva,VAI_IN_ZONA,vicolo G. Pietro Riva 13,,PRONTO,https://www.immobiliare.it/annunci/127844320/
060aaceda5469d778f19,Reano,NON_DETERMINATO,via Principe della Cisterna,VAI_IN_ZONA,via Principe della Cisterna 63,,PRONTO,https://www.immobiliare.it/annunci/122985494/
060aaceda5469d778f19,Reano,NON_DETERMINATO,via Principe della Cisterna,VAI_IN_ZONA,Via Principe della Cisterna 5,,PRONTO,https://www.immobiliare.it/annunci/122985494/
060aaceda5469d778f19,Reano,NON_DETERMINATO,via Principe della Cisterna,VAI_IN_ZONA,via Principe Della Cisterna 3,,PRONTO,https://www.immobiliare.it/annunci/122985494/
9278e80e6cbc35917400,Bussoleno,NON_DETERMINATO,"Viale Lungo Dora, Bussoleno",VAI_IN_ZONA,"Viale Lungo Dora, Bussoleno 160",,PRONTO,https://caseinvenditainaffitto.it/case-in-vendita/centro-bussoleno
9decd940042d59e0ad55,Buttigliera Alta,INDIZIO_AGENZIA,Via IV Novembre,VAI_IN_ZONA,Via IV Novembre 5,,PRONTO,https://www.tecnorete.it/annunci/immobili/piemonte/torino/buttigliera-alta.html
0b6a36d807b20e72186e,Gravere,NON_DETERMINATO,via San Lorenzo,VAI_IN_ZONA,via San Lorenzo 1,,PRONTO,https://www.immobiliare.it/annunci/126652927/
b2177e0b60eb038d86c0,Mattie,NON_DETERMINATO,via Mattie,VAI_IN_ZONA,via Mattie 21,,PRONTO,https://www.immobiliare.it/annunci/130850322/
b2177e0b60eb038d86c0,Mattie,NON_DETERMINATO,via Mattie,VAI_IN_ZONA,Via Mattie 2/B,,PRONTO,https://www.immobiliare.it/annunci/130850322/
83d2f90615a15e19f07d,Rivoli,NON_DETERMINATO,Via Pullino,VAI_IN_ZONA,Via Pullino 14,,PRONTO,https://www.idealista.it/immobile/35768952/
83d2f90615a15e19f07d,Rivoli,NON_DETERMINATO,Via Pullino,VAI_IN_ZONA,Via Pullino 21,,PRONTO,https://www.idealista.it/immobile/35768952/
2ff1931d152ab7c05285,Rivoli,NON_DETERMINATO,via Rossini,VAI_IN_ZONA,via Rossini 8,,PRONTO,https://www.vemaimmobiliare.com/it/immobile/3139-prestigioso-appartamento-con-giardino---rivoli-centro.htm
372e8d3efedd00da03bc,Avigliana,INDIZIO_AGENZIA,Corso Laghi,VAI_IN_ZONA,Corso Laghi 208,,PRONTO,https://avigliana1.tecnorete.it/avigliana/avigliana/
372e8d3efedd00da03bc,Avigliana,INDIZIO_AGENZIA,Corso Laghi,VAI_IN_ZONA,Corso Laghi 3,,PRONTO,https://avigliana1.tecnorete.it/avigliana/avigliana/
372e8d3efedd00da03bc,Avigliana,INDIZIO_AGENZIA,Corso Laghi,VAI_IN_ZONA,Corso Laghi 115,,PRONTO,https://avigliana1.tecnorete.it/avigliana/avigliana/
372e8d3efedd00da03bc,Avigliana,INDIZIO_AGENZIA,Corso Laghi,VAI_IN_ZONA,corso Laghi 165,,PRONTO,https://avigliana1.tecnorete.it/avigliana/avigliana/
899f1b1a99b411684f64,Buttigliera Alta,INDIZIO_AGENZIA,Corso Laghi,VAI_IN_ZONA,Corso Laghi 75,,PRONTO,https://www.wikicasa.it/vendita-case/buttigliera-alta/
899f1b1a99b411684f64,Buttigliera Alta,INDIZIO_AGENZIA,Corso Laghi,VAI_IN_ZONA,corso Laghi 81,,PRONTO,https://www.wikicasa.it/vendita-case/buttigliera-alta/
d8ef7bfdf75744bb84fc,Buttigliera Alta,INDIZIO_AGENZIA,Via della Torre - Ferriera,VAI_IN_ZONA,Via della Torre - Ferriera 4,,PRONTO,https://buttiglieraalta1.tecnorete.it/immobili-in-vendita
c20b4e08b8a9430e80eb,Condove,NON_DETERMINATO,Borgata Borlera,VAI_IN_ZONA,Borgata Borlera 12,,PRONTO,https://www.idealista.it/immobile/36228538/
c20b4e08b8a9430e80eb,Condove,NON_DETERMINATO,Borgata Borlera,VAI_IN_ZONA,Borgata Borlera 21,,PRONTO,https://www.idealista.it/immobile/36228538/
22c9c81c30cacb3c02ee,Gravere,NON_DETERMINATO,Via Terzo Reggimento Alpini,VAI_IN_ZONA,Via Terzo Reggimento Alpini 9,,PRONTO,https://www.idealista.it/immobile/30296520/
8b5f6b6db55a3dc069e8,Almese,NON_DETERMINATO,Via Rubiana,VAI_IN_ZONA,Via Rubiana 51,,PRONTO,https://www.idealista.it/immobile/36195511/
8b5f6b6db55a3dc069e8,Almese,NON_DETERMINATO,Via Rubiana,VAI_IN_ZONA,via Rubiana 100,,PRONTO,https://www.idealista.it/immobile/36195511/
3cfdce1ca761a778b5ee,Almese,NON_DETERMINATO,via Braida,VAI_IN_ZONA,via Braida 18,,PRONTO,https://www.immobiliare.it/annunci/131901566/
819bbae160b4cb6cf211,Almese,INDIZIO_AGENZIA,via Morsino,VAI_IN_ZONA,via Morsino 74/5,,PRONTO,https://www.immobiliare.it/annunci/127965590/
688904bbbae673cda953,Alpignano,NON_DETERMINATO,via 11 Febbraio,VAI_IN_ZONA,via 11 Febbraio 51,,PRONTO,https://www.immobiliare.it/annunci/125870679/
f419f3e00a8c84320bab,Alpignano,NON_DETERMINATO,via Lanzo,VAI_IN_ZONA,via Lanzo 8,,PRONTO,https://www.immobiliare.it/annunci/128988474/
47d3a839df5233c029f0,Avigliana,INDIZIO_AGENZIA,Corso Laghi,VAI_IN_ZONA,Corso Laghi 165,,PRONTO,https://www.valsusaoggi.it/vendesi-terratetto-ad-avigliana/
aaa238999467f83f1e8b,Avigliana,NON_DETERMINATO,via Sacra San Michele,VAI_IN_ZONA,via Sacra San Michele 17,,PRONTO,https://www.immobiliare.it/annunci/131895478/
30744fecacf4693f0d71,Avigliana,NON_DETERMINATO,viale roma,VAI_IN_ZONA,viale roma 8,,PRONTO,https://www.immobiliare.it/annunci/131481726/
718abb2aaac44d321aed,Avigliana,NON_DETERMINATO,via Ailliaud Augusto,VAI_IN_ZONA,via Ailliaud Augusto 8,,PRONTO,https://www.immobiliare.it/annunci/129887012/
49d5c63ca82d68593444,Avigliana,NON_DETERMINATO,piazza del Popolo,VAI_IN_ZONA,piazza del Popolo 4,,PRONTO,https://www.immobiliare.it/annunci/127408283/
3056b03e2b9521350869,Avigliana,NON_DETERMINATO,via Aldo Carnino,VAI_IN_ZONA,via Aldo Carnino 6,,PRONTO,https://www.immobiliare.it/annunci/131045692/
9007fd5e0eccfe1089c3,Avigliana,NON_DETERMINATO,via villar dora,VAI_IN_ZONA,via villar dora 15,,PRONTO,https://www.immobiliare.it/annunci/130446938/
dcc79366123e25e678f4,Avigliana,NON_DETERMINATO,via 4 Novembre,VAI_IN_ZONA,via 4 Novembre 21,,PRONTO,https://www.immobiliare.it/annunci/130632950/
c1ad4d3fe6048c75dc6d,Avigliana,NON_DETERMINATO,corso Laghi,VAI_IN_ZONA,corso Laghi 238,,PRONTO,https://www.immobiliare.it/annunci/129213392/
c1ad4d3fe6048c75dc6d,Avigliana,NON_DETERMINATO,corso Laghi,VAI_IN_ZONA,corso Laghi 165,,PRONTO,https://www.immobiliare.it/annunci/129213392/
77ecc5911b39e9f9e909,Avigliana,NON_DETERMINATO,Via Cesare Battisti,VAI_IN_ZONA,Via Cesare Battisti 19,,PRONTO,https://www.idealista.it/immobile/36653195/
cb7a9c45ac78165b7c89,Avigliana,NON_DETERMINATO,Via Felice Goffi,VAI_IN_ZONA,Via Felice Goffi 6,,PRONTO,https://www.idealista.it/immobile/36626365/
9b1158889eced804ea5b,Avigliana,NON_DETERMINATO,Via Avigliana,VAI_IN_ZONA,Via Avigliana 13,,PRONTO,https://www.idealista.it/immobile/36264890/
9b1158889eced804ea5b,Avigliana,NON_DETERMINATO,Via Avigliana,VAI_IN_ZONA,Via Avigliana 4,,PRONTO,https://www.idealista.it/immobile/36264890/
87b308cd9d5312ce65b2,Avigliana,NON_DETERMINATO,Via Avigliana,VAI_IN_ZONA,Via Avigliana 28,,PRONTO,https://www.idealista.it/immobile/36626970/
87b308cd9d5312ce65b2,Avigliana,NON_DETERMINATO,Via Avigliana,VAI_IN_ZONA,via Avigliana 36,,PRONTO,https://www.idealista.it/immobile/36626970/
87b308cd9d5312ce65b2,Avigliana,NON_DETERMINATO,Via Avigliana,VAI_IN_ZONA,Via Avigliana 4,,PRONTO,https://www.idealista.it/immobile/36626970/
87b308cd9d5312ce65b2,Avigliana,NON_DETERMINATO,Via Avigliana,VAI_IN_ZONA,Via Avigliana 18,,PRONTO,https://www.idealista.it/immobile/36626970/
87b308cd9d5312ce65b2,Avigliana,NON_DETERMINATO,Via Avigliana,VAI_IN_ZONA,via Avigliana 35,,PRONTO,https://www.idealista.it/immobile/36626970/
c8502ef71ed84c98d4bf,Avigliana,NON_DETERMINATO,Via Avigliana,VAI_IN_ZONA,Via Avigliana 18,,PRONTO,https://www.idealista.it/immobile/36652455/
c8502ef71ed84c98d4bf,Avigliana,NON_DETERMINATO,Via Avigliana,VAI_IN_ZONA,Via Avigliana 13,,PRONTO,https://www.idealista.it/immobile/36652455/
c8502ef71ed84c98d4bf,Avigliana,NON_DETERMINATO,Via Avigliana,VAI_IN_ZONA,Via Avigliana 4,,PRONTO,https://www.idealista.it/immobile/36652455/
f1550a53361dff11572b,Bardonecchia,INDIZIO_AGENZIA,Via des Geneys,VAI_IN_ZONA,Via des Geneys 3,,PRONTO,https://www.bardonecchiaamormio.it/
42b37696206183c8ff32,Bardonecchia,NON_DETERMINATO,via Genova,VAI_IN_ZONA,via Genova 9,,PRONTO,https://www.immobiliare.it/annunci/131110054/
42b37696206183c8ff32,Bardonecchia,NON_DETERMINATO,via Genova,VAI_IN_ZONA,Via Genova 4,,PRONTO,https://www.immobiliare.it/annunci/131110054/
21d3a8ce0afec21a443a,Bardonecchia,INDIZIO_AGENZIA,Via Giolitti,VAI_IN_ZONA,Via Giolitti 15,,PRONTO,https://www.rockagent.it/agenzie-immobiliari/bardonecchia
9e0ab78177c61bc3bece,Bardonecchia,NON_DETERMINATO,via Einaudi,VAI_IN_ZONA,via Einaudi 27,,PRONTO,https://www.immobiliare.it/annunci/131784092/
9e0ab78177c61bc3bece,Bardonecchia,NON_DETERMINATO,via Einaudi,VAI_IN_ZONA,Via Einaudi 11,,PRONTO,https://www.immobiliare.it/annunci/131784092/
e4fcd9be27c2991a95c3,Bardonecchia,NON_DETERMINATO,via G. F. Medail,VAI_IN_ZONA,via G. F. Medail 100B,,PRONTO,https://www.immobiliare.it/annunci/130514828/
e4fcd9be27c2991a95c3,Bardonecchia,NON_DETERMINATO,via G. F. Medail,VAI_IN_ZONA,via g. F. Medail 102,,PRONTO,https://www.immobiliare.it/annunci/130514828/
f113213e940ae926130e,Bardonecchia,NON_DETERMINATO,via Einaudi,VAI_IN_ZONA,via Einaudi 27,,PRONTO,https://www.immobiliare.it/annunci/131821402/
f113213e940ae926130e,Bardonecchia,NON_DETERMINATO,via Einaudi,VAI_IN_ZONA,Via Einaudi 11,,PRONTO,https://www.immobiliare.it/annunci/131821402/
fdd13f6e279963fa5cbe,Bardonecchia,NON_DETERMINATO,via Medail,VAI_IN_ZONA,via Medail 98,,PRONTO,https://www.immobiliare.it/annunci/127405041/
40432f0e4d601b6410b1,Bardonecchia,NON_DETERMINATO,"Via Medail, proponiamo in vendita un appartamento di mq",VAI_IN_ZONA,"Via Medail, proponiamo in vendita un appartamento di mq 70",,PRONTO,https://www.immobiliare.it/annunci/126015157/
9114bb5abdb174c6e8b6,Bardonecchia,NON_DETERMINATO,via Montello,VAI_IN_ZONA,via Montello 7,,PRONTO,https://www.immobiliare.it/annunci/129900654/
9114bb5abdb174c6e8b6,Bardonecchia,NON_DETERMINATO,via Montello,VAI_IN_ZONA,Via Montello 9,,PRONTO,https://www.immobiliare.it/annunci/129900654/
9114bb5abdb174c6e8b6,Bardonecchia,NON_DETERMINATO,via Montello,VAI_IN_ZONA,via Montello 11,,PRONTO,https://www.immobiliare.it/annunci/129900654/
9114bb5abdb174c6e8b6,Bardonecchia,NON_DETERMINATO,via Montello,VAI_IN_ZONA,Via Montello 48,,PRONTO,https://www.immobiliare.it/annunci/129900654/
a43e6a52b463a2f02a93,Borgone Susa,NON_DETERMINATO,Via Dei Gravè,VAI_IN_ZONA,Via Dei Gravè 4,,PRONTO,https://www.idealista.it/immobile/36637574/
259c53008adc47e68346,Borgone Susa,NON_DETERMINATO,Via A. Abegg,VAI_IN_ZONA,Via A. Abegg 41,,PRONTO,https://www.idealista.it/immobile/36629494/
259c53008adc47e68346,Borgone Susa,NON_DETERMINATO,Via A. Abegg,VAI_IN_ZONA,Via A. Abegg 68,,PRONTO,https://www.idealista.it/immobile/36629494/
259c53008adc47e68346,Borgone Susa,NON_DETERMINATO,Via A. Abegg,VAI_IN_ZONA,Via A. Abegg 43,,PRONTO,https://www.idealista.it/immobile/36629494/
4636196af630315b8a87,Borgone Susa,INDIZIO_AGENZIA,Via Monte Bianco,VAI_IN_ZONA,Via Monte Bianco 60/A,,PRONTO,https://www.tecnocasa.it/vendita/ville/torino/borgone-susa/61255852.html
580535b8abe40557f323,Borgone Susa,NON_DETERMINATO,via Abegg,VAI_IN_ZONA,via Abegg 18,,PRONTO,https://www.immobiliare.it/annunci/125219057/
36df642c95ebadc51a9a,Borgone Susa,NON_DETERMINATO,via A. Abegg,VAI_IN_ZONA,via A. Abegg 18,,PRONTO,https://www.immobiliare.it/annunci/131271224/
36df642c95ebadc51a9a,Borgone Susa,NON_DETERMINATO,via A. Abegg,VAI_IN_ZONA,Via A. Abegg 34,,PRONTO,https://www.immobiliare.it/annunci/131271224/
a715dfd5c3969035c568,Borgone Susa,NON_DETERMINATO,via Condove,VAI_IN_ZONA,via Condove 3,,PRONTO,https://www.immobiliare.it/annunci/123006226/
cbe57f4cb885a79a3f73,Borgone Susa,NON_DETERMINATO,via Augusto Abegg,VAI_IN_ZONA,via Augusto Abegg 79,,PRONTO,https://www.immobiliare.it/annunci/116242543/
a4d364c5ffd5f86bf2ba,Borgone Susa,NON_DETERMINATO,via Augusto Abegg,VAI_IN_ZONA,via Augusto Abegg 41,,PRONTO,https://www.immobiliare.it/annunci/127550838/
83d798285542757f6948,Borgone Susa,NON_DETERMINATO,via Tarro Boiro,VAI_IN_ZONA,via Tarro Boiro 5,,PRONTO,https://www.immobiliare.it/annunci/127215327/
83d798285542757f6948,Borgone Susa,NON_DETERMINATO,via Tarro Boiro,VAI_IN_ZONA,via Tarro Boiro 26,,PRONTO,https://www.immobiliare.it/annunci/127215327/
93aca0f4b12f1f8c2223,Borgone Susa,NON_DETERMINATO,via Montenero,VAI_IN_ZONA,via Montenero 13,,PRONTO,https://www.immobiliare.it/annunci/122226200/
2d3bbb1079093ec10b90,Borgone Susa,NON_DETERMINATO,via Tarro Boiro,VAI_IN_ZONA,via Tarro Boiro 26,,PRONTO,https://www.immobiliare.it/annunci/117236507/
2d3bbb1079093ec10b90,Borgone Susa,NON_DETERMINATO,via Tarro Boiro,VAI_IN_ZONA,via Tarro Boiro 5,,PRONTO,https://www.immobiliare.it/annunci/117236507/
c04b26514366b8fa03ad,Bruzolo,NON_DETERMINATO,Via Bologna,VAI_IN_ZONA,Via Bologna 1,,PRONTO,https://www.trovacasa.it/annunci/to-tc-96536-72839695
abce8d4ae84a624dcccb,Bussoleno,INDIZIO_AGENZIA,via bussoleno,VAI_IN_ZONA,via bussoleno 26,,PRONTO,https://www.immobiliare.it/annunci/128788718/
abce8d4ae84a624dcccb,Bussoleno,INDIZIO_AGENZIA,via bussoleno,VAI_IN_ZONA,Via Bussoleno 7,,PRONTO,https://www.immobiliare.it/annunci/128788718/
abce8d4ae84a624dcccb,Bussoleno,INDIZIO_AGENZIA,via bussoleno,VAI_IN_ZONA,Via Bussoleno 16,,PRONTO,https://www.immobiliare.it/annunci/128788718/
abce8d4ae84a624dcccb,Bussoleno,INDIZIO_AGENZIA,via bussoleno,VAI_IN_ZONA,via bussoleno 21,,PRONTO,https://www.immobiliare.it/annunci/128788718/
abce8d4ae84a624dcccb,Bussoleno,INDIZIO_AGENZIA,via bussoleno,VAI_IN_ZONA,Via bussoleno 4,,PRONTO,https://www.immobiliare.it/annunci/128788718/
da9efafcd4f50168b7f4,Bussoleno,INDIZIO_AGENZIA,via bussoleno,VAI_IN_ZONA,via bussoleno 7,,PRONTO,https://www.immobiliare.it/annunci/129460110/
da9efafcd4f50168b7f4,Bussoleno,INDIZIO_AGENZIA,via bussoleno,VAI_IN_ZONA,Via Bussoleno 16,,PRONTO,https://www.immobiliare.it/annunci/129460110/
da9efafcd4f50168b7f4,Bussoleno,INDIZIO_AGENZIA,via bussoleno,VAI_IN_ZONA,via bussoleno 21,,PRONTO,https://www.immobiliare.it/annunci/129460110/
da9efafcd4f50168b7f4,Bussoleno,INDIZIO_AGENZIA,via bussoleno,VAI_IN_ZONA,Via bussoleno 4,,PRONTO,https://www.immobiliare.it/annunci/129460110/
293d1cf053810dbb6be8,Bussoleno,NON_DETERMINATO,Strada Monginevro,VAI_IN_ZONA,Strada Monginevro 7/a,,PRONTO,https://www.immobiliare.it/annunci/106297853/
7132719c8706f284e66c,Caselette,INDIZIO_AGENZIA,corso Susa,VAI_IN_ZONA,corso Susa 192,,PRONTO,https://www.remax.it/trova/immobile/Casa-Semindipendente-In-Vendita-Caselette_45671003-52
471f5426ac3d280c9982,Chianocco,NON_DETERMINATO,Via Primo Maggio n,VAI_IN_ZONA,Via Primo Maggio n. 4/c,,PRONTO,https://www.astalegale.net/Aste/Detail/B2404054-Abitazione-di-tipo-civile-Via-Primo--Maggio-4C-10050-Chianocco-TO-Italia-Chianocco
ca0da030b717e3360d8b,Collegno,NON_DETERMINATO,via Avigliana,VAI_IN_ZONA,via Avigliana 13,,PRONTO,https://www.immobiliare.it/annunci/130994920/
ca0da030b717e3360d8b,Collegno,NON_DETERMINATO,via Avigliana,VAI_IN_ZONA,via Avigliana 15,,PRONTO,https://www.immobiliare.it/annunci/130994920/
ca0da030b717e3360d8b,Collegno,NON_DETERMINATO,via Avigliana,VAI_IN_ZONA,via Avigliana 4,,PRONTO,https://www.immobiliare.it/annunci/130994920/
39754a2e99a55c635568,Susa,NON_DETERMINATO,via Susa,VAI_IN_ZONA,via Susa 13,,PRONTO,https://www.immobiliare.it/annunci/125737541/
39754a2e99a55c635568,Susa,NON_DETERMINATO,via Susa,VAI_IN_ZONA,Via Susa 60,,PRONTO,https://www.immobiliare.it/annunci/125737541/
39754a2e99a55c635568,Susa,NON_DETERMINATO,via Susa,VAI_IN_ZONA,Via Susa 2,,PRONTO,https://www.immobiliare.it/annunci/125737541/
39754a2e99a55c635568,Susa,NON_DETERMINATO,via Susa,VAI_IN_ZONA,Via Susa 50,,PRONTO,https://www.immobiliare.it/annunci/125737541/
2812ed64093f464b6c85,Almese,NON_DETERMINATO,via Rubiana,VAI_IN_ZONA,via Rubiana 33f,,PRONTO,https://www.nuroa.it/affitto-case/almese
2812ed64093f464b6c85,Almese,NON_DETERMINATO,via Rubiana,VAI_IN_ZONA,via Rubiana 21,,PRONTO,https://www.nuroa.it/affitto-case/almese
2812ed64093f464b6c85,Almese,NON_DETERMINATO,via Rubiana,VAI_IN_ZONA,Via Rubiana 51,,PRONTO,https://www.nuroa.it/affitto-case/almese
2812ed64093f464b6c85,Almese,NON_DETERMINATO,via Rubiana,VAI_IN_ZONA,via Rubiana 100,,PRONTO,https://www.nuroa.it/affitto-case/almese
de9d98620acb3e21826c,Alpignano,NON_DETERMINATO,Via Collegno,VAI_IN_ZONA,Via Collegno 23,,PRONTO,https://www.casadaprivato.it/annunci-vendita/immobili/torino-alpignano
de9d98620acb3e21826c,Alpignano,NON_DETERMINATO,Via Collegno,VAI_IN_ZONA,via Collegno 84,,PRONTO,https://www.casadaprivato.it/annunci-vendita/immobili/torino-alpignano
1b81c26fe60f41754e8a,Alpignano,NON_DETERMINATO,Via dei Ronchi,VAI_IN_ZONA,Via dei Ronchi 51/A6,,PRONTO,https://www.nuroa.it/vendita-immobili/capannone-vendita-alpignano
1b81c26fe60f41754e8a,Alpignano,NON_DETERMINATO,Via dei Ronchi,VAI_IN_ZONA,Via dei Ronchi 51,,PRONTO,https://www.nuroa.it/vendita-immobili/capannone-vendita-alpignano
66478e0ea28bbf6bd725,Avigliana,INDIZIO_AGENZIA,Corso Laghi,VAI_IN_ZONA,Corso Laghi 70,,PRONTO,https://www.valsusaoggi.it/valsusa-affittasi-locale-commerciale-offerta-ad-avigliana/
66478e0ea28bbf6bd725,Avigliana,INDIZIO_AGENZIA,Corso Laghi,VAI_IN_ZONA,Corso Laghi 165,,PRONTO,https://www.valsusaoggi.it/valsusa-affittasi-locale-commerciale-offerta-ad-avigliana/
3adcafe82d35ce3c7be8,Bardonecchia,NON_DETERMINATO,Piazza Europa,VAI_IN_ZONA,Piazza Europa 18/B,,PRONTO,https://maisondoc.it/affitto-stagionale/
a8d2985549c287ccaf93,Bardonecchia,NON_DETERMINATO,via generale cantore,VAI_IN_ZONA,via generale cantore 11,,PRONTO,https://www.immobiliare.it/annunci/126542873/
997d8c6d6104c3e40dd7,Borgone Susa,NON_DETERMINATO,via Montenero,VAI_IN_ZONA,via Montenero 2A,,PRONTO,https://www.immobiliare.it/annunci/122849092/
eb1e8e8bbb4906ffb427,Borgone Susa,NON_DETERMINATO,via Ponte Dora,VAI_IN_ZONA,via Ponte Dora 2,,PRONTO,https://www.immobiliare.it/annunci/119519371/
93178ba075da13b66c61,Bruzolo,NON_DETERMINATO,Via Bologna,VAI_IN_ZONA,Via Bologna 1,,PRONTO,https://www.ilrinascimentoimmobiliare.it/web/immobile_print.asp?language=ita&cod_annuncio=2591902&cod_foto=29325481
b6580d35068fa70b073c,Bussoleno,NON_DETERMINATO,Strada Monginevro,VAI_IN_ZONA,Strada Monginevro 7/a,,PRONTO,https://www.immobiliare.it/annunci/65394712/
b601c2a15af0cfaaedf8,Bussoleno,NON_DETERMINATO,Via San Lorenzo,VAI_IN_ZONA,Via San Lorenzo 2,,PRONTO,https://www.attico.it/immobile-casa+indipendente-piemonte-bussoleno-54425376/
3a4675afb24807d65c82,Avigliana,NON_DETERMINATO,via Avigliana,VAI_IN_ZONA,via Avigliana 4,,PRONTO,https://www.immobiliare.it/annunci/129488292/
3a4675afb24807d65c82,Avigliana,NON_DETERMINATO,via Avigliana,VAI_IN_ZONA,Via Avigliana 18,,PRONTO,https://www.immobiliare.it/annunci/129488292/
7c705b2969b4cb1f1bb9,Avigliana,NON_DETERMINATO,via Avigliana,VAI_IN_ZONA,via Avigliana 24,,PRONTO,https://www.immobiliare.it/annunci/131999982/
7c705b2969b4cb1f1bb9,Avigliana,NON_DETERMINATO,via Avigliana,VAI_IN_ZONA,Via Avigliana 4,,PRONTO,https://www.immobiliare.it/annunci/131999982/
7c705b2969b4cb1f1bb9,Avigliana,NON_DETERMINATO,via Avigliana,VAI_IN_ZONA,Via Avigliana 18,,PRONTO,https://www.immobiliare.it/annunci/131999982/
0aa713c1d374b06fb647,Avigliana,NON_DETERMINATO,via Orsiera,VAI_IN_ZONA,via Orsiera 5,,PRONTO,https://www.immobiliare.it/annunci/129672110/
8ff15a9d9bf50ac0df35,Bardonecchia,INDIZIO_AGENZIA,Via Medail,VAI_IN_ZONA,Via Medail 37/A,,PRONTO,https://www.valsusaoggi.it/bardonecchia-vendesi-proprieta-con-giardino-in-via-san-giorgio/
8ff15a9d9bf50ac0df35,Bardonecchia,INDIZIO_AGENZIA,Via Medail,VAI_IN_ZONA,via Medail 74,,PRONTO,https://www.valsusaoggi.it/bardonecchia-vendesi-proprieta-con-giardino-in-via-san-giorgio/
8ff15a9d9bf50ac0df35,Bardonecchia,INDIZIO_AGENZIA,Via Medail,VAI_IN_ZONA,via medail 86,,PRONTO,https://www.valsusaoggi.it/bardonecchia-vendesi-proprieta-con-giardino-in-via-san-giorgio/
8ff15a9d9bf50ac0df35,Bardonecchia,INDIZIO_AGENZIA,Via Medail,VAI_IN_ZONA,Via medail 86/A,,PRONTO,https://www.valsusaoggi.it/bardonecchia-vendesi-proprieta-con-giardino-in-via-san-giorgio/
8ff15a9d9bf50ac0df35,Bardonecchia,INDIZIO_AGENZIA,Via Medail,VAI_IN_ZONA,Via Medail 57,,PRONTO,https://www.valsusaoggi.it/bardonecchia-vendesi-proprieta-con-giardino-in-via-san-giorgio/
22dcd0f468fedfee14c9,Bardonecchia,NON_DETERMINATO,via Verdi,VAI_IN_ZONA,via Verdi 27,,PRONTO,https://www.immobiliare.it/annunci/124612643/
22dcd0f468fedfee14c9,Bardonecchia,NON_DETERMINATO,via Verdi,VAI_IN_ZONA,via Verdi 14,,PRONTO,https://www.immobiliare.it/annunci/124612643/
6fa0852fbbba8e070235,Borgone Susa,NON_DETERMINATO,via dei Gravè,VAI_IN_ZONA,via dei Gravè 4,,PRONTO,https://www.immobiliare.it/annunci/131917682/
ec8b9bd87a9c17875f68,Borgone Susa,NON_DETERMINATO,via Augusto Abegg ... L'appartamento è stato ristrutturato circa,VAI_IN_ZONA,via Augusto Abegg ... L'appartamento è stato ristrutturato circa 10,,PRONTO,https://www.immobiliare.it/annunci/103552834/
55ef2c7fdb2770f273b2,Bussoleno,INDIZIO_AGENZIA,Via della Bocciofila,VAI_IN_ZONA,Via della Bocciofila 4,,PRONTO,https://www.nuroa.it/vendita-immobili/bussoleno
97a8d751ed8dfe575b6b,Almese,NON_DETERMINATO,via Almese,VAI_IN_ZONA,via Almese 73,,PRONTO,https://www.immobiliare.it/annunci/125159231/
97a8d751ed8dfe575b6b,Almese,NON_DETERMINATO,via Almese,VAI_IN_ZONA,Via Almese 10,,PRONTO,https://www.immobiliare.it/annunci/125159231/
97a8d751ed8dfe575b6b,Almese,NON_DETERMINATO,via Almese,VAI_IN_ZONA,Via Almese 12,,PRONTO,https://www.immobiliare.it/annunci/125159231/
97a8d751ed8dfe575b6b,Almese,NON_DETERMINATO,via Almese,VAI_IN_ZONA,Via Almese 64,,PRONTO,https://www.immobiliare.it/annunci/125159231/
fa464327d098b42cc057,Alpignano,NON_DETERMINATO,"Via dei Ronchi, si propone in locazione un capannone di circa",VAI_IN_ZONA,"Via dei Ronchi, si propone in locazione un capannone di circa 300",,PRONTO,https://case.trovit.it/affitto-negozio-alpignano
76b37646a59f6fb8302d,Alpignano,NON_DETERMINATO,via Beinasco,VAI_IN_ZONA,via Beinasco 13,,PRONTO,https://www.immobiliare.it/annunci/129515200/
4cd47f6dd65116e694de,Bardonecchia,NON_DETERMINATO,via La Rho,VAI_IN_ZONA,via La Rho 19,,PRONTO,https://www.immobiliare.it/annunci/124664157/
f4e5b096c2e7dd7bb240,Bardonecchia,NON_DETERMINATO,via Pollicino,VAI_IN_ZONA,via Pollicino 10,,PRONTO,https://www.immobiliare.it/annunci/128966152/
583440cfb831ddc1e6c8,Bardonecchia,NON_DETERMINATO,viale Callet,VAI_IN_ZONA,viale Callet 19,,PRONTO,https://www.immobiliare.it/annunci/125028809/
22cf8fb9c6f04f583503,Borgone Susa,INDIZIO_AGENZIA,via A. Abegg,VAI_IN_ZONA,via A. Abegg 18,,PRONTO,https://www.immobiliare.it/annunci/129563936/
22cf8fb9c6f04f583503,Borgone Susa,INDIZIO_AGENZIA,via A. Abegg,VAI_IN_ZONA,Via A. Abegg 34,,PRONTO,https://www.immobiliare.it/annunci/129563936/
22cf8fb9c6f04f583503,Borgone Susa,INDIZIO_AGENZIA,via A. Abegg,VAI_IN_ZONA,via A. Abegg 62,,PRONTO,https://www.immobiliare.it/annunci/129563936/
ba7ca81bf5879fb17efd,Bruzolo,NON_DETERMINATO,località dove Mappa aggiornato più di un mese fa,VAI_IN_ZONA,località dove Mappa aggiornato più di un mese fa 198,,PRONTO,https://www.nuroa.it/vendita-immobili/bruzolo
174c264a5da220da7872,Bussoleno,NON_DETERMINATO,"strada principale, si trova un negozio di",VAI_IN_ZONA,"strada principale, si trova un negozio di 65",,PRONTO,https://case.trovit.it/affitto-negozio-bussoleno
27883b3a518cd1d67d0e,Bussoleno,NON_DETERMINATO,via Bussoleno,VAI_IN_ZONA,via Bussoleno 3,,PRONTO,https://www.immobiliare.it/annunci/132018520/
27883b3a518cd1d67d0e,Bussoleno,NON_DETERMINATO,via Bussoleno,VAI_IN_ZONA,Via Bussoleno 7,,PRONTO,https://www.immobiliare.it/annunci/132018520/
27883b3a518cd1d67d0e,Bussoleno,NON_DETERMINATO,via Bussoleno,VAI_IN_ZONA,Via Bussoleno 16,,PRONTO,https://www.immobiliare.it/annunci/132018520/
27883b3a518cd1d67d0e,Bussoleno,NON_DETERMINATO,via Bussoleno,VAI_IN_ZONA,via bussoleno 26,,PRONTO,https://www.immobiliare.it/annunci/132018520/
bb3abf7bc9c5e1f29d84,Caprie,NON_DETERMINATO,via Roma,VAI_IN_ZONA,via Roma 12,,PRONTO,https://www.immobiliare.it/annunci/132000372/
bb3abf7bc9c5e1f29d84,Caprie,NON_DETERMINATO,via Roma,VAI_IN_ZONA,Via Roma 250,,PRONTO,https://www.immobiliare.it/annunci/132000372/
c7f47eaabb71eaeacc0e,Caprie,NON_DETERMINATO,via Roma,VAI_IN_ZONA,via Roma 12,,PRONTO,https://www.trovacasa.it/annunci/to-tc-95641-72900561
c7f47eaabb71eaeacc0e,Caprie,NON_DETERMINATO,via Roma,VAI_IN_ZONA,Via Roma 250,,PRONTO,https://www.trovacasa.it/annunci/to-tc-95641-72900561
041bc8b84e1a74c0717c,Caprie,NON_DETERMINATO,"Borgata Peroldrado, proponiamo una soluzione indipendente risalente al",VAI_IN_ZONA,"Borgata Peroldrado, proponiamo una soluzione indipendente risalente al 1940",,PRONTO,https://www.immobiliare.it/annunci/131999318/
4d7aaa09799578b25da2,Caselette,NON_DETERMINATO,corso Susa,VAI_IN_ZONA,corso Susa 192,,PRONTO,https://www.wikicasa.it/vendita-case/caselette/
5579e5e92a50ca4d1a1b,Caselette,NON_DETERMINATO,"Corso Susa, Caselette",VAI_IN_ZONA,"Corso Susa, Caselette 156",,PRONTO,https://caseinvenditainaffitto.it/case-in-vendita/caselette-valli-susa-sangone
d4527eb1e6d3d20afe95,Caselette,NON_DETERMINATO,via Alpignano,VAI_IN_ZONA,via Alpignano 146,,PRONTO,https://www.immobiliare.it/annunci/109429209/
3f2eea7300803c86c355,Val della Torre,NON_DETERMINATO,via Val della Torre,VAI_IN_ZONA,via Val della Torre 184,,PRONTO,https://www.immobiliare.it/annunci/127148161/
3f2eea7300803c86c355,Val della Torre,NON_DETERMINATO,via Val della Torre,VAI_IN_ZONA,Via Val della Torre 101,,PRONTO,https://www.immobiliare.it/annunci/127148161/
3f2eea7300803c86c355,Val della Torre,NON_DETERMINATO,via Val della Torre,VAI_IN_ZONA,via Val della Torre 94,,PRONTO,https://www.immobiliare.it/annunci/127148161/
3f2eea7300803c86c355,Val della Torre,NON_DETERMINATO,via Val della Torre,VAI_IN_ZONA,Via Val della Torre 62,,PRONTO,https://www.immobiliare.it/annunci/127148161/
3f2eea7300803c86c355,Val della Torre,NON_DETERMINATO,via Val della Torre,VAI_IN_ZONA,via Val della Torre 41,,PRONTO,https://www.immobiliare.it/annunci/127148161/
5233b0ca73cbf346d3d1,Avigliana,NON_DETERMINATO,via Monte Pirchiriano,VAI_IN_ZONA,via Monte Pirchiriano 14,,PRONTO,https://www.immobiliare.it/annunci/130847028/
3c04aae80e37d81472c7,Avigliana,NON_DETERMINATO,via Monte Cuneo,VAI_IN_ZONA,via Monte Cuneo 6,,PRONTO,https://www.immobiliare.it/annunci/117894169/
1c7671bec69d8f1d4362,Avigliana,NON_DETERMINATO,via Oscar Borgesa,VAI_IN_ZONA,via Oscar Borgesa 19,,PRONTO,https://www.immobiliare.it/annunci/127109565/
78656e54804ae44cf466,Avigliana,NON_DETERMINATO,via Chiattera,VAI_IN_ZONA,via Chiattera 56,,PRONTO,https://www.immobiliare.it/annunci/128300848/
9efb0029fd1333284a42,Bruzolo,NON_DETERMINATO,Piazza del Moro,VAI_IN_ZONA,Piazza del Moro 6/8,,PRONTO,https://www.valsusaoggi.it/News-Commerciali/
f0e95c5d3bbf444e6c41,Chianocco,NON_DETERMINATO,Frazione Pavaglione,VAI_IN_ZONA,Frazione Pavaglione 169,,PRONTO,https://www.casa.it/immobili/54627174/
745c146044ce33a349f9,Alpignano,NON_DETERMINATO,"Via dei Ronchi, si propone in locazione un capannone di circa",VAI_IN_ZONA,"Via dei Ronchi, si propone in locazione un capannone di circa 300",,PRONTO,https://case.trovit.it/affitto-capannone-alpignano
a1ac520584c2852000c7,Avigliana,NON_DETERMINATO,via Monte Cuneo,VAI_IN_ZONA,via Monte Cuneo 6,,PRONTO,https://www.immobiliare.it/annunci/113651037/
024f263b6a2bf328409a,Bardonecchia,NON_DETERMINATO,via Campo Principe,VAI_IN_ZONA,via Campo Principe 27,,PRONTO,https://www.immobiliare.it/annunci/127130063/
024f263b6a2bf328409a,Bardonecchia,NON_DETERMINATO,via Campo Principe,VAI_IN_ZONA,via Campo Principe 31,,PRONTO,https://www.immobiliare.it/annunci/127130063/
f0548e22d7117187fc2b,Bardonecchia,NON_DETERMINATO,viale Bramafam,VAI_IN_ZONA,viale Bramafam 39,,PRONTO,https://www.immobiliare.it/annunci/131382180/
f0548e22d7117187fc2b,Bardonecchia,NON_DETERMINATO,viale Bramafam,VAI_IN_ZONA,Viale Bramafam 37,,PRONTO,https://www.immobiliare.it/annunci/131382180/
f0548e22d7117187fc2b,Bardonecchia,NON_DETERMINATO,viale Bramafam,VAI_IN_ZONA,viale Bramafam 31,,PRONTO,https://www.immobiliare.it/annunci/131382180/
ab2196a93e1fb8725dc9,Buttigliera Alta,INDIZIO_AGENZIA,Via Monte Bianco,VAI_IN_ZONA,Via Monte Bianco 60/A,,PRONTO,https://www.tecnocasa.it/vendita/negozio/torino/buttigliera-alta/60932694.html
c10b47311edad0b31066,Caprie,NON_DETERMINATO,Viale Kennedy,VAI_IN_ZONA,Viale Kennedy 27,,PRONTO,https://www.casa.it/immobili/54638195/
d6373297aedc07de7664,San Valeriano,NON_DETERMINATO,"via principale del paese e vicina al centro, appartamento al piano terra di",VAI_IN_ZONA,"via principale del paese e vicina al centro, appartamento al piano terra di 98",,PRONTO,https://www.nuroa.it/vendita-immobili/appartamento-borgone-susa
341b2c68c4675093ddb3,Alpignano,NON_DETERMINATO,Strada della Costa,VAI_IN_ZONA,Strada della Costa 91,,PRONTO,https://www.immobiliare.it/annunci/121671340/
341b2c68c4675093ddb3,Alpignano,NON_DETERMINATO,Strada della Costa,VAI_IN_ZONA,Strada della Costa 6,,PRONTO,https://www.immobiliare.it/annunci/121671340/
8df3cd2fe1742ec01fce,Avigliana,NON_DETERMINATO,via Avigliana,VAI_IN_ZONA,via Avigliana 2,,PRONTO,https://www.immobiliare.it/annunci/129828138/
8df3cd2fe1742ec01fce,Avigliana,NON_DETERMINATO,via Avigliana,VAI_IN_ZONA,Via Avigliana 13,,PRONTO,https://www.immobiliare.it/annunci/129828138/
8df3cd2fe1742ec01fce,Avigliana,NON_DETERMINATO,via Avigliana,VAI_IN_ZONA,via Avigliana 35,,PRONTO,https://www.immobiliare.it/annunci/129828138/
05dc113a3b175fd5fe3c,Bardonecchia,INDIZIO_AGENZIA,borgata pre richard,VAI_IN_ZONA,borgata pre richard 25,,PRONTO,https://www.pcase.it/agenzie-immobiliari/fiminter-bardonecchia_bardonecchia_ag18483/
3e131965ce6c00bee049,Borgone Susa,NON_DETERMINATO,via Augusto Abegg,VAI_IN_ZONA,via Augusto Abegg 68,,PRONTO,https://www.immobiliare.it/annunci/116053317/
86a1aa48b9cb5458e229,Avigliana,NON_DETERMINATO,via Tetti Colombo,VAI_IN_ZONA,via Tetti Colombo 7,,PRONTO,https://www.immobiliare.it/annunci/132047290/
5d7e991a9beae4f076a8,Borgone Susa,NON_DETERMINATO,via Felice Falco,VAI_IN_ZONA,via Felice Falco 6,,PRONTO,https://www.immobiliare.it/annunci/128787806/
6128f8afd89c8d2567cf,Caprie,NON_DETERMINATO,via Caprie,VAI_IN_ZONA,via Caprie 12,,PRONTO,https://www.immobiliare.it/annunci/128454554/
6128f8afd89c8d2567cf,Caprie,NON_DETERMINATO,via Caprie,VAI_IN_ZONA,via Caprie 5,,PRONTO,https://www.immobiliare.it/annunci/128454554/
c5f21054381eae5f8b1e,Almese,NON_DETERMINATO,piazza Martiri della Libertà,VAI_IN_ZONA,piazza Martiri della Libertà 31,,PRONTO,https://www.immobiliare.it/annunci/113407257/
a3c539be280ece22d1a0,Avigliana,NON_DETERMINATO,"Vicolo Statuto, Avigliana",VAI_IN_ZONA,"Vicolo Statuto, Avigliana 75",,PRONTO,https://caseinvenditainaffitto.it/case-in-vendita/avigliana-valli-susa-sangone?page=7
85cb95dc5e6242f9fab6,Avigliana,NON_DETERMINATO,via Tetti Colombo,VAI_IN_ZONA,via Tetti Colombo 7,,PRONTO,https://www.immobiliare.it/annunci/130992664/
50cd610ab6bcf42429eb,Avigliana,NON_DETERMINATO,corso Laghi,VAI_IN_ZONA,corso Laghi 259,,PRONTO,https://www.immobiliare.it/annunci/132126730/
50cd610ab6bcf42429eb,Avigliana,NON_DETERMINATO,corso Laghi,VAI_IN_ZONA,Corso Laghi 42,,PRONTO,https://www.immobiliare.it/annunci/132126730/
50cd610ab6bcf42429eb,Avigliana,NON_DETERMINATO,corso Laghi,VAI_IN_ZONA,corso Laghi 165,,PRONTO,https://www.immobiliare.it/annunci/132126730/
abaaca4cf9d1a058cb04,Bardonecchia,NON_DETERMINATO,Via Bardonecchia,VAI_IN_ZONA,Via Bardonecchia  134,,PRONTO,https://www.nuroa.it/affitto-case/locale-commerciale-bardonecchia
abaaca4cf9d1a058cb04,Bardonecchia,NON_DETERMINATO,Via Bardonecchia,VAI_IN_ZONA,Via Bardonecchia  33,,PRONTO,https://www.nuroa.it/affitto-case/locale-commerciale-bardonecchia
abaaca4cf9d1a058cb04,Bardonecchia,NON_DETERMINATO,Via Bardonecchia,VAI_IN_ZONA,via Bardonecchia 168,,PRONTO,https://www.nuroa.it/affitto-case/locale-commerciale-bardonecchia
ca01a4c62ab0780ba610,Bardonecchia,NON_DETERMINATO,via Montenero,VAI_IN_ZONA,via Montenero 22,,PRONTO,https://www.immobiliare.it/annunci/131109262/
ca01a4c62ab0780ba610,Bardonecchia,NON_DETERMINATO,via Montenero,VAI_IN_ZONA,Via Montenero 16,,PRONTO,https://www.immobiliare.it/annunci/131109262/
d7ee33d6b4b9ab54f7f7,Caprie,NON_DETERMINATO,via Peroldrado,VAI_IN_ZONA,via Peroldrado 22,,PRONTO,https://www.immobiliare.it/annunci/132084518/
caf593979784073235a7,Alpignano,NON_DETERMINATO,via dei Ronchi,VAI_IN_ZONA,via dei Ronchi 45,,PRONTO,https://www.immobiliare.it/annunci/127650474/
caf593979784073235a7,Alpignano,NON_DETERMINATO,via dei Ronchi,VAI_IN_ZONA,Via dei Ronchi 51/A6,,PRONTO,https://www.immobiliare.it/annunci/127650474/
eed9c6a6ba5260e9edab,Alpignano,NON_DETERMINATO,"Via dei Ronchi, si propone in locazione un capannone di circa",VAI_IN_ZONA,"Via dei Ronchi, si propone in locazione un capannone di circa 300",,PRONTO,https://www.nuroa.it/affitto-case/alpignano
0f40cd33c71b810b02e2,Avigliana,NON_DETERMINATO,via Aldo Moro,VAI_IN_ZONA,via Aldo Moro 14,,PRONTO,https://www.immobiliare.it/annunci/126423911/
17c9b431014ef6e0a297,Bardonecchia,NON_DETERMINATO,Via Montello,VAI_IN_ZONA,Via Montello 9,,PRONTO,https://www.casa.it/immobili/54501771/
17c9b431014ef6e0a297,Bardonecchia,NON_DETERMINATO,Via Montello,VAI_IN_ZONA,via Montello 7,,PRONTO,https://www.casa.it/immobili/54501771/
17c9b431014ef6e0a297,Bardonecchia,NON_DETERMINATO,Via Montello,VAI_IN_ZONA,via Montello 11,,PRONTO,https://www.casa.it/immobili/54501771/
17c9b431014ef6e0a297,Bardonecchia,NON_DETERMINATO,Via Montello,VAI_IN_ZONA,Via Montello 48,,PRONTO,https://www.casa.it/immobili/54501771/
77b73cf1a085bdaa3c66,Bardonecchia,NON_DETERMINATO,via Medail,VAI_IN_ZONA,via Medail 21,,PRONTO,https://www.immobiliare.it/annunci/125996311/
77b73cf1a085bdaa3c66,Bardonecchia,NON_DETERMINATO,via Medail,VAI_IN_ZONA,via Medail 74,,PRONTO,https://www.immobiliare.it/annunci/125996311/
77b73cf1a085bdaa3c66,Bardonecchia,NON_DETERMINATO,via Medail,VAI_IN_ZONA,via medail 86,,PRONTO,https://www.immobiliare.it/annunci/125996311/
77b73cf1a085bdaa3c66,Bardonecchia,NON_DETERMINATO,via Medail,VAI_IN_ZONA,Via medail 86/A,,PRONTO,https://www.immobiliare.it/annunci/125996311/
77b73cf1a085bdaa3c66,Bardonecchia,NON_DETERMINATO,via Medail,VAI_IN_ZONA,Via Medail 57,,PRONTO,https://www.immobiliare.it/annunci/125996311/
088546dced4c0aaefcd5,Bussoleno,NON_DETERMINATO,"Via Traforo, Bussoleno",VAI_IN_ZONA,"Via Traforo, Bussoleno 85",,PRONTO,https://caseinvenditainaffitto.it/case-in-vendita/bussoleno-valli-susa-sangone?page=2
088546dced4c0aaefcd5,Bussoleno,NON_DETERMINATO,"Via Traforo, Bussoleno",VAI_IN_ZONA,"Via Traforo, Bussoleno 33",,PRONTO,https://caseinvenditainaffitto.it/case-in-vendita/bussoleno-valli-susa-sangone?page=2
5424d40d3809995b5348,Bardonecchia,NON_DETERMINATO,via Campo Principe,VAI_IN_ZONA,via Campo Principe 31,,PRONTO,https://immobiliare.mitula.it/bardonecchia
5424d40d3809995b5348,Bardonecchia,NON_DETERMINATO,via Campo Principe,VAI_IN_ZONA,via Campo Principe 27,,PRONTO,https://immobiliare.mitula.it/bardonecchia
5424d40d3809995b5348,Bardonecchia,NON_DETERMINATO,via Campo Principe,VAI_IN_ZONA,Via Campo Principe 23,,PRONTO,https://immobiliare.mitula.it/bardonecchia
00ed215cdb48add21b71,Bussoleno,NON_DETERMINATO,via bussoleno,VAI_IN_ZONA,via bussoleno 21,,PRONTO,https://www.immobiliare.it/annunci/130283966/
00ed215cdb48add21b71,Bussoleno,NON_DETERMINATO,via bussoleno,VAI_IN_ZONA,Via Bussoleno 7,,PRONTO,https://www.immobiliare.it/annunci/130283966/
00ed215cdb48add21b71,Bussoleno,NON_DETERMINATO,via bussoleno,VAI_IN_ZONA,Via Bussoleno 16,,PRONTO,https://www.immobiliare.it/annunci/130283966/
00ed215cdb48add21b71,Bussoleno,NON_DETERMINATO,via bussoleno,VAI_IN_ZONA,Via bussoleno 4,,PRONTO,https://www.immobiliare.it/annunci/130283966/
00ed215cdb48add21b71,Bussoleno,NON_DETERMINATO,via bussoleno,VAI_IN_ZONA,via bussoleno 26,,PRONTO,https://www.immobiliare.it/annunci/130283966/
a7d3937f49385d70657c,Avigliana,NON_DETERMINATO,via Drubiaglio,VAI_IN_ZONA,via Drubiaglio 8,,PRONTO,https://www.immobiliare.it/annunci/132164902/
df186e5741167473d851,Bardonecchia,NON_DETERMINATO,via Melezet,VAI_IN_ZONA,via Melezet 125,,PRONTO,https://www.immobiliare.it/annunci/132162388/
df186e5741167473d851,Bardonecchia,NON_DETERMINATO,via Melezet,VAI_IN_ZONA,Via Melezet 16,,PRONTO,https://www.immobiliare.it/annunci/132162388/
ed9b75c3f668c1f4aebe,Bussoleno,NON_DETERMINATO,Via della Bocciofila,VAI_IN_ZONA,Via della Bocciofila 4,,PRONTO,https://www.nuroa.it/vendita-immobili/immobili-bussoleno
19539e28fc9159b48eec,Alpignano,INDIZIO_AGENZIA,Via Primo maggio - Centro Storico,VAI_IN_ZONA,Via Primo maggio - Centro Storico 3,,PRONTO,https://alpignano1.tecnorete.it/immobili-in-vendita
c89148258589985e491e,Avigliana,NON_DETERMINATO,via Alliaud,VAI_IN_ZONA,via Alliaud 42,,PRONTO,https://www.immobiliare.it/annunci/120792436/
4aaab70540849d1a7164,Buttigliera Alta,NON_DETERMINATO,via Reano,VAI_IN_ZONA,via Reano 23,,PRONTO,https://www.oikia.it/vendita-case/buttigliera_alta/
88972322a7cc841626d1,Alpignano,NON_DETERMINATO,"Via Biancone Piemonte, Torino Visualizza foto Villetta indipendente in vendita di",VAI_IN_ZONA,"Via Biancone Piemonte, Torino Visualizza foto Villetta indipendente in vendita di 234",,PRONTO,https://www.nuroa.it/vendita-immobili/casa-indipendente-alpignano
cb01c7fcddf5263aa759,Caprie,NON_DETERMINATO,Viale Kennedy,VAI_IN_ZONA,Viale Kennedy 27,,PRONTO,https://www.idealista.it/immobile/36681241/
cb01c7fcddf5263aa759,Caprie,NON_DETERMINATO,Viale Kennedy,VAI_IN_ZONA,viale kennedy 25,,PRONTO,https://www.idealista.it/immobile/36681241/
e1b49046f29013830623,Almese,NON_DETERMINATO,Via Roma,VAI_IN_ZONA,Via Roma 29,,PRONTO,https://www.idealista.it/immobile/36723793/
36034a4eb610d1b52b5c,Borgone Susa,NON_DETERMINATO,via Moncenisio,VAI_IN_ZONA,via Moncenisio 1B,,PRONTO,https://www.immobiliare.it/annunci/111573305/
05bf2227e702d3064a7e,Alpignano,NON_DETERMINATO,via Alpignano,VAI_IN_ZONA,via Alpignano 133,,PRONTO,https://www.immobiliare.it/annunci/130993166/
05bf2227e702d3064a7e,Alpignano,NON_DETERMINATO,via Alpignano,VAI_IN_ZONA,Via Alpignano 13,,PRONTO,https://www.immobiliare.it/annunci/130993166/
05bf2227e702d3064a7e,Alpignano,NON_DETERMINATO,via Alpignano,VAI_IN_ZONA,via Alpignano 44,,PRONTO,https://www.immobiliare.it/annunci/130993166/
05bf2227e702d3064a7e,Alpignano,NON_DETERMINATO,via Alpignano,VAI_IN_ZONA,via Alpignano 59,,PRONTO,https://www.immobiliare.it/annunci/130993166/
6e81dfac10eca1db9553,Alpignano,NON_DETERMINATO,via Alpignano,VAI_IN_ZONA,via Alpignano 1/B,,PRONTO,https://www.immobiliare.it/annunci/130521356/
6e81dfac10eca1db9553,Alpignano,NON_DETERMINATO,via Alpignano,VAI_IN_ZONA,via Alpignano 159/4,,PRONTO,https://www.immobiliare.it/annunci/130521356/
6e81dfac10eca1db9553,Alpignano,NON_DETERMINATO,via Alpignano,VAI_IN_ZONA,Via Alpignano 159,,PRONTO,https://www.immobiliare.it/annunci/130521356/
6e81dfac10eca1db9553,Alpignano,NON_DETERMINATO,via Alpignano,VAI_IN_ZONA,Via Alpignano 13,,PRONTO,https://www.immobiliare.it/annunci/130521356/
eaacd074f47bef21d82a,Alpignano,NON_DETERMINATO,Via Valle,VAI_IN_ZONA,Via Valle 18,,PRONTO,https://www.idealista.it/immobile/36667517/
dbce482195fd717d0b6d,Alpignano,NON_DETERMINATO,Via Primo Maggio,VAI_IN_ZONA,Via Primo Maggio 19,,PRONTO,https://www.idealista.it/immobile/36259149/
feae333010e39e1d57fc,Alpignano,NON_DETERMINATO,Via Alpignano,VAI_IN_ZONA,Via Alpignano 13,,PRONTO,https://www.idealista.it/immobile/35978767/
feae333010e39e1d57fc,Alpignano,NON_DETERMINATO,Via Alpignano,VAI_IN_ZONA,via Alpignano 59,,PRONTO,https://www.idealista.it/immobile/35978767/
feae333010e39e1d57fc,Alpignano,NON_DETERMINATO,Via Alpignano,VAI_IN_ZONA,Via Alpignano 8,,PRONTO,https://www.idealista.it/immobile/35978767/
feae333010e39e1d57fc,Alpignano,NON_DETERMINATO,Via Alpignano,VAI_IN_ZONA,Via Alpignano 159,,PRONTO,https://www.idealista.it/immobile/35978767/
16b8346b84b9dc415520,Bussoleno,NON_DETERMINATO,Strada Monginevro,VAI_IN_ZONA,Strada Monginevro 28,,PRONTO,https://www.immobiliare.it/annunci/119706740/
0c1e92df57d093f7a427,Borgone Susa,NON_DETERMINATO,via Guido Bobba,VAI_IN_ZONA,via Guido Bobba 46,,PRONTO,https://www.immobiliare.it/annunci/122347108/
8abec76f3598edc5ae54,Caselette,NON_DETERMINATO,corso Susa,VAI_IN_ZONA,corso Susa 192,,PRONTO,https://www.immobiliare.it/annunci/119823144/
06c03c81f2b1b0d10724,Moncenisio,NON_DETERMINATO,via Moncenisio,VAI_IN_ZONA,via Moncenisio 12,,PRONTO,https://www.immobiliare.it/annunci/132188518/
06c03c81f2b1b0d10724,Moncenisio,NON_DETERMINATO,via Moncenisio,VAI_IN_ZONA,via Moncenisio 10,,PRONTO,https://www.immobiliare.it/annunci/132188518/
2a8434676ada393addec,Borgone Susa,NON_DETERMINATO,via Condove,VAI_IN_ZONA,via Condove 86,,PRONTO,https://www.immobiliare.it/annunci/126581511/
4e1204e82daafde31e4e,Bruzolo,NON_DETERMINATO,località dove Mappa aggiornato più di un mese fa,VAI_IN_ZONA,località dove Mappa aggiornato più di un mese fa 198,,PRONTO,https://www.nuroa.it/vendita-immobili/vendita-bruzolo
dfb212ee276ada4413ac,Almese,NON_DETERMINATO,via Rubiana,VAI_IN_ZONA,via Rubiana 93,,PRONTO,https://www.immobiliare.it/annunci/132183836/
dfb212ee276ada4413ac,Almese,NON_DETERMINATO,via Rubiana,VAI_IN_ZONA,Via Rubiana 51,,PRONTO,https://www.immobiliare.it/annunci/132183836/
dfb212ee276ada4413ac,Almese,NON_DETERMINATO,via Rubiana,VAI_IN_ZONA,via Rubiana 100,,PRONTO,https://www.immobiliare.it/annunci/132183836/
cd60a58dfa065a2e505f,Almese,NON_DETERMINATO,via Rivera,VAI_IN_ZONA,via Rivera 66,,PRONTO,https://www.immobiliare.it/annunci/132181734/
2cd8e4544351911ada91,Alpignano,NON_DETERMINATO,"Via dei Ronchi, si propone in locazione un capannone di circa",VAI_IN_ZONA,"Via dei Ronchi, si propone in locazione un capannone di circa 300",,PRONTO,https://www.nuroa.it/affitto-case/locale-commerciale-alpignano
75d6bc18009e4085d491,Alpignano,NON_DETERMINATO,via Roma,VAI_IN_ZONA,via Roma 29,,PRONTO,https://www.immobiliare.it/annunci/124901063/
76a6a0e0186415ba9a3d,Avigliana,NON_DETERMINATO,via Pinerolo,VAI_IN_ZONA,via Pinerolo 45,,PRONTO,https://www.nuroa.it/vendita-immobili/avigliana-vista-lago
a5d9c1c2aabf83d80be5,Bardonecchia,NON_DETERMINATO,via Susa,VAI_IN_ZONA,via Susa 13,,PRONTO,https://www.immobiliare.it/annunci/125746981/
a5d9c1c2aabf83d80be5,Bardonecchia,NON_DETERMINATO,via Susa,VAI_IN_ZONA,Via Susa 36,,PRONTO,https://www.immobiliare.it/annunci/125746981/
2f04d36f9f123cce4506,Bussoleno,NON_DETERMINATO,Via della Bocciofila,VAI_IN_ZONA,Via della Bocciofila 4,,PRONTO,https://www.nuroa.it/vendita-immobili/bilocale-bussoleno
21830642df5f6f3128d6,Almese,NON_DETERMINATO,via Rivera,VAI_IN_ZONA,via Rivera 66,,PRONTO,https://www.immobiliare.it/annunci/132181320/
a13cea7665c570c565a8,Alpignano,INDIZIO_AGENZIA,Via Monte Bianco,VAI_IN_ZONA,Via Monte Bianco 60/A,,PRONTO,https://alpignano1.tecnorete.it/alpignano/alpignano-centro/
ac4b9b9d10cc2738df84,Avigliana,NON_DETERMINATO,Corso Laghi,VAI_IN_ZONA,Corso Laghi 157,,PRONTO,https://www.casa.it/immobili/52355323/
ac4b9b9d10cc2738df84,Avigliana,NON_DETERMINATO,Corso Laghi,VAI_IN_ZONA,corso Laghi 238,,PRONTO,https://www.casa.it/immobili/52355323/
66adaf6abe4f879e7384,Borgone Susa,NON_DETERMINATO,via Roma,VAI_IN_ZONA,via Roma 6,,PRONTO,https://www.immobiliare.it/annunci/105065761/
0f8324646646681bc754,Buttigliera Alta,NON_DETERMINATO,Corso Superga,VAI_IN_ZONA,Corso Superga 57,,PRONTO,https://www.idealista.it/immobile/35549687/
0f8324646646681bc754,Buttigliera Alta,NON_DETERMINATO,Corso Superga,VAI_IN_ZONA,Corso Superga 57/4,,PRONTO,https://www.idealista.it/immobile/35549687/
0f8324646646681bc754,Buttigliera Alta,NON_DETERMINATO,Corso Superga,VAI_IN_ZONA,Corso Superga 8,,PRONTO,https://www.idealista.it/immobile/35549687/
7460868d656f7217deb5,Buttigliera Alta,NON_DETERMINATO,Via della Torre,VAI_IN_ZONA,Via della Torre 26,,PRONTO,https://www.idealista.it/immobile/36213874/
7460868d656f7217deb5,Buttigliera Alta,NON_DETERMINATO,Via della Torre,VAI_IN_ZONA,via della Torre 59,,PRONTO,https://www.idealista.it/immobile/36213874/
42eb553af87ecd610c36,Almese,NON_DETERMINATO,Via Roma,VAI_IN_ZONA,Via Roma 29,,PRONTO,https://www.casa.it/immobili/54664232/
37605260fa37624caeea,Borgone Susa,INDIZIO_AGENZIA,via A. Abegg,VAI_IN_ZONA,via A. Abegg 68,,PRONTO,https://www.immobiliare.it/annunci/108837545/
37605260fa37624caeea,Borgone Susa,INDIZIO_AGENZIA,via A. Abegg,VAI_IN_ZONA,via A. Abegg 18,,PRONTO,https://www.immobiliare.it/annunci/108837545/
4f7b49c561550681f9ff,Borgone Susa,NON_DETERMINATO,via 4 Novembre,VAI_IN_ZONA,via 4 Novembre 13,,PRONTO,https://www.immobiliare.it/annunci/105071031/
96c3a54a0f7c913a3766,Avigliana,NON_DETERMINATO,Via Drubiaglio,VAI_IN_ZONA,Via Drubiaglio 8,,PRONTO,https://www.idealista.it/immobile/36719669/
d950f91cbcb57ca3ca15,Avigliana,NON_DETERMINATO,Via Avigliana,VAI_IN_ZONA,Via Avigliana 18,,PRONTO,https://www.idealista.it/immobile/36670455/
d950f91cbcb57ca3ca15,Avigliana,NON_DETERMINATO,Via Avigliana,VAI_IN_ZONA,Via Avigliana 4,,PRONTO,https://www.idealista.it/immobile/36670455/
d950f91cbcb57ca3ca15,Avigliana,NON_DETERMINATO,Via Avigliana,VAI_IN_ZONA,Via Avigliana 13,,PRONTO,https://www.idealista.it/immobile/36670455/
69c1c5509a2fba8da0d8,Avigliana,NON_DETERMINATO,Via Avigliana,VAI_IN_ZONA,Via Avigliana 18,,PRONTO,https://www.idealista.it/immobile/36735842/
69c1c5509a2fba8da0d8,Avigliana,NON_DETERMINATO,Via Avigliana,VAI_IN_ZONA,Via Avigliana 13,,PRONTO,https://www.idealista.it/immobile/36735842/
69c1c5509a2fba8da0d8,Avigliana,NON_DETERMINATO,Via Avigliana,VAI_IN_ZONA,Via Avigliana 4,,PRONTO,https://www.idealista.it/immobile/36735842/
8c7a73bc77c61c931637,Buttigliera Alta,NON_DETERMINATO,vicolo Moncenisio,VAI_IN_ZONA,vicolo Moncenisio 4,,PRONTO,https://www.immobiliare.it/annunci/123148631/
8c7a73bc77c61c931637,Buttigliera Alta,NON_DETERMINATO,vicolo Moncenisio,VAI_IN_ZONA,vicolo Moncenisio 2,,PRONTO,https://www.immobiliare.it/annunci/123148631/
b7b6010cf71194115081,Avigliana,NON_DETERMINATO,via Avigliana,VAI_IN_ZONA,via Avigliana 38,,PRONTO,https://www.immobiliare.it/annunci/128813528/
b7b6010cf71194115081,Avigliana,NON_DETERMINATO,via Avigliana,VAI_IN_ZONA,Via Avigliana 13,,PRONTO,https://www.immobiliare.it/annunci/128813528/
b7b6010cf71194115081,Avigliana,NON_DETERMINATO,via Avigliana,VAI_IN_ZONA,Via Avigliana 4,,PRONTO,https://www.immobiliare.it/annunci/128813528/
4c451e0c2ec7488cc987,Avigliana,NON_DETERMINATO,Via Avigliana,VAI_IN_ZONA,Via Avigliana 15,,PRONTO,https://www.immobiliare.it/annunci/131177854/
4c451e0c2ec7488cc987,Avigliana,NON_DETERMINATO,Via Avigliana,VAI_IN_ZONA,Via Avigliana 18,,PRONTO,https://www.immobiliare.it/annunci/131177854/
4c451e0c2ec7488cc987,Avigliana,NON_DETERMINATO,Via Avigliana,VAI_IN_ZONA,Via Avigliana 13,,PRONTO,https://www.immobiliare.it/annunci/131177854/
d85ba2d8e8fd31f1b4ee,Borgone Susa,NON_DETERMINATO,Via A. Abegg,VAI_IN_ZONA,Via A. Abegg 68,,PRONTO,https://www.idealista.it/immobile/31221200/
d85ba2d8e8fd31f1b4ee,Borgone Susa,NON_DETERMINATO,Via A. Abegg,VAI_IN_ZONA,Via A. Abegg 34,,PRONTO,https://www.idealista.it/immobile/31221200/
d85ba2d8e8fd31f1b4ee,Borgone Susa,NON_DETERMINATO,Via A. Abegg,VAI_IN_ZONA,via A. Abegg 18,,PRONTO,https://www.idealista.it/immobile/31221200/
d54334bfd94a66030788,Borgone Susa,INDIZIO_AGENZIA,Via A. Abegg,VAI_IN_ZONA,Via A. Abegg 34,,PRONTO,https://www.idealista.it/immobile/33743415/
d54334bfd94a66030788,Borgone Susa,INDIZIO_AGENZIA,Via A. Abegg,VAI_IN_ZONA,Via A. Abegg 68,,PRONTO,https://www.idealista.it/immobile/33743415/
d54334bfd94a66030788,Borgone Susa,INDIZIO_AGENZIA,Via A. Abegg,VAI_IN_ZONA,via A. Abegg 18,,PRONTO,https://www.idealista.it/immobile/33743415/
d54334bfd94a66030788,Borgone Susa,INDIZIO_AGENZIA,Via A. Abegg,VAI_IN_ZONA,Via A. Abegg 43,,PRONTO,https://www.idealista.it/immobile/33743415/
ac78d9ca08e8ca8b7861,Borgone Susa,NON_DETERMINATO,Via Condove,VAI_IN_ZONA,Via Condove 3,,PRONTO,https://www.idealista.it/immobile/33654375/
f3ba65fe0f3af1cfa680,Borgone Susa,NON_DETERMINATO,Via A. Abegg,VAI_IN_ZONA,Via A. Abegg 34,,PRONTO,https://www.idealista.it/immobile/33742491/
f3ba65fe0f3af1cfa680,Borgone Susa,NON_DETERMINATO,Via A. Abegg,VAI_IN_ZONA,Via A. Abegg 68,,PRONTO,https://www.idealista.it/immobile/33742491/
f3ba65fe0f3af1cfa680,Borgone Susa,NON_DETERMINATO,Via A. Abegg,VAI_IN_ZONA,via A. Abegg 18,,PRONTO,https://www.idealista.it/immobile/33742491/
f3ba65fe0f3af1cfa680,Borgone Susa,NON_DETERMINATO,Via A. Abegg,VAI_IN_ZONA,Via A. Abegg 43,,PRONTO,https://www.idealista.it/immobile/33742491/
c7b5553420c80d17dc42,Borgone Susa,NON_DETERMINATO,piazza Montabone,VAI_IN_ZONA,piazza Montabone 5,,PRONTO,https://www.idealista.it/immobile/31471280/
6b20759ff65ddc56ba26,Borgone Susa,NON_DETERMINATO,Via Bruno Mosconi,VAI_IN_ZONA,Via Bruno Mosconi 3,,PRONTO,https://www.idealista.it/immobile/29849422/
2811ed392d1360e0f2fb,Borgone Susa,NON_DETERMINATO,via Bruno Mosconi,VAI_IN_ZONA,via Bruno Mosconi 2,,PRONTO,https://www.idealista.it/immobile/30873639/
2811ed392d1360e0f2fb,Borgone Susa,NON_DETERMINATO,via Bruno Mosconi,VAI_IN_ZONA,Via Bruno Mosconi 2,,PRONTO,https://www.idealista.it/immobile/30873639/
2fd27472044a8bdd7e09,Caprie,NON_DETERMINATO,vicolo Volpellato,VAI_IN_ZONA,vicolo Volpellato 13,,PRONTO,https://www.immobiliare.it/annunci/117726703/
c6e967a5205f22581825,Bardonecchia,NON_DETERMINATO,Viale Roma,VAI_IN_ZONA,Viale Roma 59,,PRONTO,https://www.casa.it/immobili/47732003/
b14ad0411daaeb13ef93,Bardonecchia,NON_DETERMINATO,Via Pollicino,VAI_IN_ZONA,Via Pollicino 10,,PRONTO,https://www.casa.it/immobili/50230708/
bb39bc2fb8e6b1e59fb0,Bardonecchia,NON_DETERMINATO,Via Melezet,VAI_IN_ZONA,Via Melezet 18,,PRONTO,https://www.casa.it/immobili/54664042/
bb39bc2fb8e6b1e59fb0,Bardonecchia,NON_DETERMINATO,Via Melezet,VAI_IN_ZONA,Via Melezet 16,,PRONTO,https://www.casa.it/immobili/54664042/
bb39bc2fb8e6b1e59fb0,Bardonecchia,NON_DETERMINATO,Via Melezet,VAI_IN_ZONA,VIA MELEZET 125,,PRONTO,https://www.casa.it/immobili/54664042/
82a3aa3f30a8fc65fde8,Almese,NON_DETERMINATO,via Rivera,VAI_IN_ZONA,via Rivera 66,,PRONTO,https://www.immobiliare.it/annunci/132203708/
0855bd581a6f97bc2ab3,Bardonecchia,NON_DETERMINATO,via Luigi Einaudi,VAI_IN_ZONA,via Luigi Einaudi 21,,PRONTO,https://www.immobiliare.it/annunci/127950542/
0855bd581a6f97bc2ab3,Bardonecchia,NON_DETERMINATO,via Luigi Einaudi,VAI_IN_ZONA,Via Luigi Einaudi 9,,PRONTO,https://www.immobiliare.it/annunci/127950542/
0f5a24c10627e5eaa354,Bardonecchia,NON_DETERMINATO,via Verdi,VAI_IN_ZONA,via Verdi 14,,PRONTO,https://www.immobiliare.it/annunci/127103425/
0f5a24c10627e5eaa354,Bardonecchia,NON_DETERMINATO,via Verdi,VAI_IN_ZONA,via Verdi 27,,PRONTO,https://www.immobiliare.it/annunci/127103425/
dee5f58cad36dc7d904a,Buttigliera Alta,NON_DETERMINATO,"via del Cavallo Grigio, Ferriera gio",VAI_IN_ZONA,"via del Cavallo Grigio, Ferriera gio 3",,PRONTO,https://www.caasa.it/torino/buttigliera-alta-zona-ferriera/casa-indipendente/in-vendita.html
4ce8ae6af7d58b5805f1,Alpignano,NON_DETERMINATO,via Germano Sommeiller,VAI_IN_ZONA,via Germano Sommeiller 7,,PRONTO,https://www.immobiliare.it/annunci/127479090/
4ce8ae6af7d58b5805f1,Alpignano,NON_DETERMINATO,via Germano Sommeiller,VAI_IN_ZONA,via Germano Sommeiller 17,,PRONTO,https://www.immobiliare.it/annunci/127479090/
397034e795f02e33d149,Avigliana,NON_DETERMINATO,Corso Laghi,VAI_IN_ZONA,Corso Laghi 159,,PRONTO,https://www.casadaprivato.it/annunci-vendita/immobili/torino-avigliana
397034e795f02e33d149,Avigliana,NON_DETERMINATO,Corso Laghi,VAI_IN_ZONA,corso Laghi 238,,PRONTO,https://www.casadaprivato.it/annunci-vendita/immobili/torino-avigliana
d028b72515cdd0cf5856,Avigliana,NON_DETERMINATO,via Umberto I,VAI_IN_ZONA,via Umberto I 42,,PRONTO,https://www.immobiliare.it/annunci/132071842/
d872a8bccff109f71716,Alpignano,NON_DETERMINATO,via Torelle,VAI_IN_ZONA,via Torelle 12,,PRONTO,https://www.immobiliare.it/annunci/129275348/
0a1b48b9b85dc979654c,Alpignano,NON_DETERMINATO,corso Torino,VAI_IN_ZONA,corso Torino 7,,PRONTO,https://www.immobiliare.it/annunci/124972329/
939dcdcd8d0855b7cd83,Avigliana,NON_DETERMINATO,via Avigliana,VAI_IN_ZONA,via Avigliana 13,,PRONTO,https://www.immobiliare.it/annunci/132223466/
939dcdcd8d0855b7cd83,Avigliana,NON_DETERMINATO,via Avigliana,VAI_IN_ZONA,Via Avigliana 4,,PRONTO,https://www.immobiliare.it/annunci/132223466/
939dcdcd8d0855b7cd83,Avigliana,NON_DETERMINATO,via Avigliana,VAI_IN_ZONA,Via Avigliana 18,,PRONTO,https://www.immobiliare.it/annunci/132223466/
3830095702e4d1a7e3dc,Avigliana,NON_DETERMINATO,via Don Luigi Balbiano,VAI_IN_ZONA,via Don Luigi Balbiano 11,,PRONTO,https://www.immobiliare.it/annunci/132226918/
3830095702e4d1a7e3dc,Avigliana,NON_DETERMINATO,via Don Luigi Balbiano,VAI_IN_ZONA,via Don Luigi Balbiano 27/m,,PRONTO,https://www.immobiliare.it/annunci/132226918/
0d7341a0f2f731fe1cca,Beinasco,NON_DETERMINATO,via Principe Amedeo,VAI_IN_ZONA,via Principe Amedeo 51,,PRONTO,https://www.immobiliare.it/annunci/130841324/
0d7341a0f2f731fe1cca,Beinasco,NON_DETERMINATO,via Principe Amedeo,VAI_IN_ZONA,Via Principe Amedeo 18,,PRONTO,https://www.immobiliare.it/annunci/130841324/
b8129ae85601ee46dfa0,Beinasco,NON_DETERMINATO,via Volta,VAI_IN_ZONA,via Volta 2,,PRONTO,https://www.immobiliare.it/annunci/130526654/
b8129ae85601ee46dfa0,Beinasco,NON_DETERMINATO,via Volta,VAI_IN_ZONA,Via Volta 13,,PRONTO,https://www.immobiliare.it/annunci/130526654/
0a986536592c004012ff,Beinasco,NON_DETERMINATO,via Nenni,VAI_IN_ZONA,via Nenni 8,,PRONTO,https://www.immobiliare.it/annunci/129731582/
1f2eb81ad98e7a2cd401,Beinasco,NON_DETERMINATO,via Gaetano Donizetti,VAI_IN_ZONA,via Gaetano Donizetti 6,,PRONTO,https://www.immobiliare.it/annunci/130017238/
3d0fab5ed15973206326,Beinasco,NON_DETERMINATO,via San Giovanni,VAI_IN_ZONA,via San Giovanni 6,,PRONTO,https://www.immobiliare.it/annunci/129731706/
3d0fab5ed15973206326,Beinasco,NON_DETERMINATO,via San Giovanni,VAI_IN_ZONA,via San Giovanni 2,,PRONTO,https://www.immobiliare.it/annunci/129731706/
6b7201ecbecac92139ae,Beinasco,INDIZIO_AGENZIA,Strada Torino,VAI_IN_ZONA,Strada Torino 90,,PRONTO,https://www.immobiliare.it/annunci/130708164/
6b7201ecbecac92139ae,Beinasco,INDIZIO_AGENZIA,Strada Torino,VAI_IN_ZONA,Strada Torino 122,,PRONTO,https://www.immobiliare.it/annunci/130708164/
0b3df67c62211b0b3182,Beinasco,NON_DETERMINATO,via Don Minzoni,VAI_IN_ZONA,via Don Minzoni 16,,PRONTO,https://www.immobiliare.it/annunci/132232512/
3465510fc79214d23801,Beinasco,NON_DETERMINATO,vicolo Antonio Trucchi,VAI_IN_ZONA,vicolo Antonio Trucchi 27,,PRONTO,https://www.immobiliare.it/annunci/127290995/
3465510fc79214d23801,Beinasco,NON_DETERMINATO,vicolo Antonio Trucchi,VAI_IN_ZONA,vicolo Antonio Trucchi 2,,PRONTO,https://www.immobiliare.it/annunci/127290995/
4b567a6e7ecfee623414,Beinasco,NON_DETERMINATO,via San Giovanni,VAI_IN_ZONA,via San Giovanni 2,,PRONTO,https://www.immobiliare.it/annunci/125068303/
4b567a6e7ecfee623414,Beinasco,NON_DETERMINATO,via San Giovanni,VAI_IN_ZONA,via San Giovanni 6,,PRONTO,https://www.immobiliare.it/annunci/125068303/
f1ee95cb22cb49b42929,Beinasco,NON_DETERMINATO,via dei Villini,VAI_IN_ZONA,via dei Villini 30,,PRONTO,https://www.immobiliare.it/annunci/125829075/
ffcda583629159fe6539,Bruino,NON_DETERMINATO,Via Torino,VAI_IN_ZONA,Via Torino 63,,PRONTO,https://www.nuroa.it/affitto-case/locale-commerciale-bruino
ffcda583629159fe6539,Bruino,NON_DETERMINATO,Via Torino,VAI_IN_ZONA,via Torino 78,,PRONTO,https://www.nuroa.it/affitto-case/locale-commerciale-bruino
c031c1c079c91b64927b,Bruino,NON_DETERMINATO,Via Torino,VAI_IN_ZONA,Via Torino 63,,PRONTO,https://www.nuroa.it/affitto-case/bruino
c031c1c079c91b64927b,Bruino,NON_DETERMINATO,Via Torino,VAI_IN_ZONA,via Torino 78,,PRONTO,https://www.nuroa.it/affitto-case/bruino
1cad1d5ded85f86f4878,Bruino,NON_DETERMINATO,via Rocciamelone,VAI_IN_ZONA,via Rocciamelone 30,,PRONTO,https://www.immobiliare.it/annunci/127253049/
2f640833ebf2dc3dbb37,Bruino,NON_DETERMINATO,via vittorio alfieri,VAI_IN_ZONA,via vittorio alfieri 19,,PRONTO,https://www.immobiliare.it/annunci/127893670/
5701f187ad04c1db766d,Bruino,INDIZIO_AGENZIA,via Don Bosco,VAI_IN_ZONA,via Don Bosco 5,,PRONTO,https://www.immobiliare.it/annunci/124662523/
7bdd34a1439d4a539ced,Bruino,NON_DETERMINATO,via Don Giovanni Bosco,VAI_IN_ZONA,via Don Giovanni Bosco 2,,PRONTO,https://www.immobiliare.it/annunci/125748689/
dd55b46282b67136f66c,Bruino,NON_DETERMINATO,via piossasco,VAI_IN_ZONA,via piossasco 123,,PRONTO,https://www.immobiliare.it/annunci/128786104/
dd55b46282b67136f66c,Bruino,NON_DETERMINATO,via piossasco,VAI_IN_ZONA,Via Piossasco 113,,PRONTO,https://www.immobiliare.it/annunci/128786104/
dd55b46282b67136f66c,Bruino,NON_DETERMINATO,via piossasco,VAI_IN_ZONA,Via Piossasco 74,,PRONTO,https://www.immobiliare.it/annunci/128786104/
8f3c54f277cb8e0b9144,Bruino,INDIZIO_AGENZIA,via VOLVERA,VAI_IN_ZONA,via VOLVERA 37,,PRONTO,https://www.immobiliare.it/annunci/126709191/
cf35260248541150964b,Givoletto,NON_DETERMINATO,via Alpignano,VAI_IN_ZONA,via Alpignano 44,,PRONTO,https://www.immobiliare.it/annunci/122846016/
cf35260248541150964b,Givoletto,NON_DETERMINATO,via Alpignano,VAI_IN_ZONA,Via Alpignano 8,,PRONTO,https://www.immobiliare.it/annunci/122846016/
5a6f4db24bcda72aaed7,Beinasco,NON_DETERMINATO,via fornasio,VAI_IN_ZONA,via fornasio 1,,PRONTO,https://www.immobiliare.it/annunci/128180162/
86a1f6403852806f8d20,Bruzolo,NON_DETERMINATO,"Via Camillo Benso... Piemonte, Torino Visualizza foto Appartamento in vendita di",VAI_IN_ZONA,"Via Camillo Benso... Piemonte, Torino Visualizza foto Appartamento in vendita di 48",,PRONTO,https://www.nuroa.it/vendita-immobili/appartamento-bruzolo
a270031c5f6c303c1fbb,Buttigliera Alta,NON_DETERMINATO,"frazione Bessen Alto, Sauze di Cesana Sauze di Cesana",VAI_IN_ZONA,"frazione Bessen Alto, Sauze di Cesana Sauze di Cesana 165",,PRONTO,https://immhogroup.it/
3a7bbb545af3daf20fa9,Alpignano,NON_DETERMINATO,"Piazza dei Caduti, proponiamo muri negozio di circa",VAI_IN_ZONA,"Piazza dei Caduti, proponiamo muri negozio di circa 35",,PRONTO,https://case.trovit.it/negozio-alpignano
34acceeb5dcbfc15c793,Alpignano,NON_DETERMINATO,via Giuseppe Bellagarda,VAI_IN_ZONA,via Giuseppe Bellagarda 25,,PRONTO,https://www.immobiliare.it/annunci/132225500/
7698153874879317f3e7,Avigliana,NON_DETERMINATO,via Bacchiasso,VAI_IN_ZONA,via Bacchiasso 17,,PRONTO,https://www.immobiliare.it/annunci/115943823/
0cb80f3a021de2f19a89,Avigliana,NON_DETERMINATO,via Pontetto,VAI_IN_ZONA,via Pontetto 19,,PRONTO,https://www.immobiliare.it/annunci/116770153/
5b51caf201157ac26dd5,Beinasco,INDIZIO_AGENZIA,Corso Cavour,VAI_IN_ZONA,Corso Cavour 9,,PRONTO,https://www.abytare.com/it/agenzie-immobiliari/piemonte/torino/beinasco/agenzia-beinasco/
5b51caf201157ac26dd5,Beinasco,INDIZIO_AGENZIA,Corso Cavour,VAI_IN_ZONA,Corso Cavour 16,,PRONTO,https://www.abytare.com/it/agenzie-immobiliari/piemonte/torino/beinasco/agenzia-beinasco/
4504cbb29483c8f98fd4,Beinasco,INDIZIO_AGENZIA,via San Giacomo,VAI_IN_ZONA,via San Giacomo 8,,PRONTO,https://www.immobiliare.it/annunci/126608181/
4504cbb29483c8f98fd4,Beinasco,INDIZIO_AGENZIA,via San Giacomo,VAI_IN_ZONA,via San Giacomo 12,,PRONTO,https://www.immobiliare.it/annunci/126608181/
5d3bb47ce88187493ff3,Beinasco,NON_DETERMINATO,via San Felice,VAI_IN_ZONA,via San Felice 0,,PRONTO,https://www.immobiliare.it/annunci/119996462/
87d07650d14134638e2b,Beinasco,NON_DETERMINATO,viale Generale Perotti,VAI_IN_ZONA,viale Generale Perotti 28,,PRONTO,https://www.immobiliare.it/annunci/132231552/
f9e99b22668ac06e5306,Bruino,NON_DETERMINATO,via Volvera,VAI_IN_ZONA,via Volvera 173,,PRONTO,https://www.immobiliare.it/annunci/132230126/
f9e99b22668ac06e5306,Bruino,NON_DETERMINATO,via Volvera,VAI_IN_ZONA,via VOLVERA 37,,PRONTO,https://www.immobiliare.it/annunci/132230126/
f9e99b22668ac06e5306,Bruino,NON_DETERMINATO,via Volvera,VAI_IN_ZONA,Via Volvera 20,,PRONTO,https://www.immobiliare.it/annunci/132230126/
987a9ccb966f7cd0d1fe,Beinasco,NON_DETERMINATO,Strada Torino,VAI_IN_ZONA,Strada Torino 90,,PRONTO,https://www.idealista.it/immobile/31689224/
987a9ccb966f7cd0d1fe,Beinasco,NON_DETERMINATO,Strada Torino,VAI_IN_ZONA,Strada Torino 122,,PRONTO,https://www.idealista.it/immobile/31689224/
e28eafe38d7fc74f1b71,Beinasco,NON_DETERMINATO,via Torino,VAI_IN_ZONA,via Torino 36,,PRONTO,https://www.immobiliare.it/annunci/110515307/
e28eafe38d7fc74f1b71,Beinasco,NON_DETERMINATO,via Torino,VAI_IN_ZONA,via Torino 14,,PRONTO,https://www.immobiliare.it/annunci/110515307/
8623d7271397de64e9b0,Bruino,NON_DETERMINATO,via Torino,VAI_IN_ZONA,via Torino 78,,PRONTO,https://www.immobiliare.it/annunci/132181574/
8623d7271397de64e9b0,Bruino,NON_DETERMINATO,via Torino,VAI_IN_ZONA,via torino 78,,PRONTO,https://www.immobiliare.it/annunci/132181574/
a97cef39a6fe88183a70,Avigliana,NON_DETERMINATO,via Generale C. Alberto dalla Chiesa,VAI_IN_ZONA,via Generale C. Alberto dalla Chiesa 7,,PRONTO,https://www.immobiliare.it/annunci/119041139/
2d3493263eea1d91a12b,Beinasco,NON_DETERMINATO,via Gioacchino Rossini,VAI_IN_ZONA,via Gioacchino Rossini 1,,PRONTO,https://www.immobiliare.it/annunci/132127888/
9e3bd3b98c665c53d8ba,Beinasco,NON_DETERMINATO,piazza Kennedy,VAI_IN_ZONA,piazza Kennedy 17,,PRONTO,https://www.immobiliare.it/annunci/132231550/
9e3bd3b98c665c53d8ba,Beinasco,NON_DETERMINATO,piazza Kennedy,VAI_IN_ZONA,Piazza Kennedy 21,,PRONTO,https://www.immobiliare.it/annunci/132231550/
5f8a6fdf350e9c4c6ea5,Avigliana,NON_DETERMINATO,corso Torino,VAI_IN_ZONA,corso Torino 35,,PRONTO,https://www.immobiliare.it/annunci/132260558/
d28666cc215f0a105dd6,Beinasco,NON_DETERMINATO,"via San Felice, zona industriale, proponiamo in vendita capannone di",VAI_IN_ZONA,"via San Felice, zona industriale, proponiamo in vendita capannone di 2200",,PRONTO,https://www.nuroa.it/affitto-case/locale-commerciale-beinasco
c8a9c2af8c034efbcd38,Beinasco,NON_DETERMINATO,via Dante Alighieri,VAI_IN_ZONA,via Dante Alighieri 6,,PRONTO,https://www.immobiliare.it/annunci/127030947/
025e3b323cd2f7a93856,Almese,NON_DETERMINATO,via Roma,VAI_IN_ZONA,via Roma 29,,PRONTO,https://www.immobiliare.it/annunci/132169640/
55cb4d66e34bf79bc0cc,Almese,NON_DETERMINATO,Via Ruffini,VAI_IN_ZONA,Via Ruffini 13,,PRONTO,https://www.idealista.it/immobile/35234714/
ef78ae2d07c58fcca768,Avigliana,NON_DETERMINATO,via Avigliana,VAI_IN_ZONA,via Avigliana 15,,PRONTO,https://www.immobiliare.it/annunci/132265274/
ef78ae2d07c58fcca768,Avigliana,NON_DETERMINATO,via Avigliana,VAI_IN_ZONA,Via Avigliana 4,,PRONTO,https://www.immobiliare.it/annunci/132265274/
782f0c1e8c4615304c6a,Beinasco,NON_DETERMINATO,Via San Giacomo,VAI_IN_ZONA,Via San Giacomo 9,,PRONTO,https://www.nuroa.it/vendita-immobili/locale-commerciale-beinasco
782f0c1e8c4615304c6a,Beinasco,NON_DETERMINATO,Via San Giacomo,VAI_IN_ZONA,via San Giacomo 12,,PRONTO,https://www.nuroa.it/vendita-immobili/locale-commerciale-beinasco
782f0c1e8c4615304c6a,Beinasco,NON_DETERMINATO,Via San Giacomo,VAI_IN_ZONA,via San Giacomo 31,,PRONTO,https://www.nuroa.it/vendita-immobili/locale-commerciale-beinasco
4c92b5955ef6e5cf6fe7,Beinasco,NON_DETERMINATO,viale Papa Giovanni Xxiii,VAI_IN_ZONA,viale Papa Giovanni Xxiii 3,,PRONTO,https://www.immobiliare.it/annunci/132231566/
4c92b5955ef6e5cf6fe7,Beinasco,NON_DETERMINATO,viale Papa Giovanni Xxiii,VAI_IN_ZONA,viale Papa Giovanni XXIII 3,,PRONTO,https://www.immobiliare.it/annunci/132231566/
4c92b5955ef6e5cf6fe7,Beinasco,NON_DETERMINATO,viale Papa Giovanni Xxiii,VAI_IN_ZONA,Viale Papa Giovanni XXIII 11,,PRONTO,https://www.immobiliare.it/annunci/132231566/
4c92b5955ef6e5cf6fe7,Beinasco,NON_DETERMINATO,viale Papa Giovanni Xxiii,VAI_IN_ZONA,Viale Papa Giovanni XXIII 24,,PRONTO,https://www.immobiliare.it/annunci/132231566/
1dd9d9bad49e46174e79,Beinasco,NON_DETERMINATO,"Frazione Borgaretto, Via Galileo Galilei",VAI_IN_ZONA,"Frazione Borgaretto, Via Galileo Galilei 10",,PRONTO,https://www.casadaprivato.it/annunci-vendita/immobili/torino-beinasco
97fd7635aabc6d8fe98b,Beinasco,NON_DETERMINATO,via Rivalta,VAI_IN_ZONA,via Rivalta 1,,PRONTO,https://www.immobiliare.it/annunci/132332736/
713e3fc57f98c4781e9f,Beinasco,NON_DETERMINATO,via San Felice Beinasco,VAI_IN_ZONA,via San Felice Beinasco. 250,,PRONTO,https://www.immobiliare.it/annunci/132332726/
24a508a9b50e4819738b,Borgone Susa,NON_DETERMINATO,Via Bruno Mosconi,VAI_IN_ZONA,Via Bruno Mosconi 24,,PRONTO,https://www.idealista.it/immobile/34756672/
9e6544bd16fced76b81c,Borgone Susa,NON_DETERMINATO,Via Florio Benvenuto,VAI_IN_ZONA,Via Florio Benvenuto 10,,PRONTO,https://www.idealista.it/immobile/34302532/
815c0502392e2fb7ef45,Borgone Susa,NON_DETERMINATO,Via A. Abegg,VAI_IN_ZONA,Via A. Abegg 67,,PRONTO,https://www.idealista.it/immobile/31520884/
815c0502392e2fb7ef45,Borgone Susa,NON_DETERMINATO,Via A. Abegg,VAI_IN_ZONA,Via A. Abegg 68,,PRONTO,https://www.idealista.it/immobile/31520884/
815c0502392e2fb7ef45,Borgone Susa,NON_DETERMINATO,Via A. Abegg,VAI_IN_ZONA,via A. Abegg 18,,PRONTO,https://www.idealista.it/immobile/31520884/
c6f1619ab90ada01fc92,Bruino,NON_DETERMINATO,via Torino,VAI_IN_ZONA,via Torino 63,,PRONTO,https://www.immobiliare.it/annunci/125835137/
c6f1619ab90ada01fc92,Bruino,NON_DETERMINATO,via Torino,VAI_IN_ZONA,Via Torino 78,,PRONTO,https://www.immobiliare.it/annunci/125835137/
f66c1e057abc51050e6d,Almese,NON_DETERMINATO,"località Grangia, offre una superficie totale di",VAI_IN_ZONA,"località Grangia, offre una superficie totale di 300",,PRONTO,https://www.nuroa.it/vendita-immobili/almese
d60bda274383df89e95f,Bruino,NON_DETERMINATO,Via Marconi57,VAI_IN_ZONA,Via Marconi57. 6,,PRONTO,https://www.bilocale.it/bruino-via-marconi57-ufficio-vendita-2721992.html
d60bda274383df89e95f,Bruino,NON_DETERMINATO,Via Marconi57,VAI_IN_ZONA,Via Marconi57 6,,PRONTO,https://www.bilocale.it/bruino-via-marconi57-ufficio-vendita-2721992.html
80ea73f48372d51edf0a,Alpignano,NON_DETERMINATO,via Pianezza,VAI_IN_ZONA,via Pianezza 76,,PRONTO,https://www.immobiliare.it/annunci/132249964/
9bbf984461c969f64585,Beinasco,NON_DETERMINATO,Via Principe Amedeo,VAI_IN_ZONA,Via Principe Amedeo 18,,PRONTO,https://www.wikicasa.it/annuncio/30795663
9bbf984461c969f64585,Beinasco,NON_DETERMINATO,Via Principe Amedeo,VAI_IN_ZONA,via Principe Amedeo 37,,PRONTO,https://www.wikicasa.it/annuncio/30795663
6c6738a754e391524007,Alpignano,NON_DETERMINATO,"Via Valdellatorre, 10091 Alpignano TO, Italia",VAI_IN_ZONA,"Via Valdellatorre,  10091 Alpignano TO, Italia 41",,PRONTO,https://www.bilocale.it/vendita-case/alpignano/
7ef8cfff279601a22c43,Alpignano,INDIZIO_AGENZIA,"Via Collegno, si propone un capannone di circa",VAI_IN_ZONA,"Via Collegno, si propone un capannone di circa 500",,PRONTO,https://www.subito.it/uffici-locali-commerciali/capannone-a-alpignano-torino-659433515.htm
89a6bcd62687ba9219f5,Buttigliera Alta,NON_DETERMINATO,Via dei Comuni,VAI_IN_ZONA,Via dei Comuni 16,,PRONTO,https://www.nuroa.it/vendita-immobili/ferriera-buttigliera-alta
1789ae344e8296f5cfa3,Beinasco,NON_DETERMINATO,via Mirafiori,VAI_IN_ZONA,via Mirafiori 13,,PRONTO,https://www.immobiliare.it/annunci/132332716/
6feb0b7f28c990bf7bc7,Bruino,NON_DETERMINATO,viale Marconi,VAI_IN_ZONA,viale Marconi 57,,PRONTO,https://www.immobiliare.it/annunci/132298946/
37c85f6bffa3b13cf602,Bruino,NON_DETERMINATO,via Torino,VAI_IN_ZONA,via Torino 78,,PRONTO,https://www.immobiliare.it/annunci/132332674/
37c85f6bffa3b13cf602,Bruino,NON_DETERMINATO,via Torino,VAI_IN_ZONA,via torino 78,,PRONTO,https://www.immobiliare.it/annunci/132332674/
27dd374f631f6b64816e,Pianezza,NON_DETERMINATO,Via Pianezza,VAI_IN_ZONA,Via Pianezza 83,,PRONTO,https://www.idealista.it/immobile/36796591/
27dd374f631f6b64816e,Pianezza,NON_DETERMINATO,Via Pianezza,VAI_IN_ZONA,Via Pianezza 8,,PRONTO,https://www.idealista.it/immobile/36796591/
f43d55412570b0867c41,Almese,NON_DETERMINATO,via Milanere,VAI_IN_ZONA,via Milanere 29,,PRONTO,https://torino.bakeca.it/annunci/vendita-case/luogo/Almese/
af362993a1d1d500d109,Avigliana,INDIZIO_AGENZIA,"Corso Laghi , Avigliana Avigliana - Corso Laghi proponiamo alloggio libero su",VAI_IN_ZONA,"Corso Laghi , Avigliana Avigliana - Corso Laghi proponiamo alloggio libero su 3",,PRONTO,https://www.wikicasa.it/vendita-appartamenti/avigliana/
ea3809aa24d883a5509b,Avigliana,NON_DETERMINATO,Via Partigiani D'Italia,VAI_IN_ZONA,Via Partigiani D'Italia 10,,PRONTO,https://www.casa.it/immobili/54715382/
1b355b1f8ef3ebd0c74b,Avigliana,NON_DETERMINATO,Via G. Matteotti,VAI_IN_ZONA,Via G. Matteotti 6,,PRONTO,https://torino.bakeca.it/annunci/vendita-case/luogo/avigliana/
35b1e0ddd6b103ec1326,Avigliana,NON_DETERMINATO,Via Micheletta a Avigliana - Rexer Villa di 239mq in vendita a Avigliana,VAI_IN_ZONA,Via Micheletta a Avigliana - Rexer Villa di 239mq in vendita a Avigliana. 5,,PRONTO,https://rexer.it/immobile/389643
733c26c43bc5467690cc,Avigliana,INDIZIO_AGENZIA,Corso Laghi,VAI_IN_ZONA,Corso Laghi 5,,PRONTO,https://www.tecnorete.it/annunci/immobili/piemonte/torino/avigliana.html
733c26c43bc5467690cc,Avigliana,INDIZIO_AGENZIA,Corso Laghi,VAI_IN_ZONA,Corso Laghi 3,,PRONTO,https://www.tecnorete.it/annunci/immobili/piemonte/torino/avigliana.html
733c26c43bc5467690cc,Avigliana,INDIZIO_AGENZIA,Corso Laghi,VAI_IN_ZONA,Corso Laghi 165,,PRONTO,https://www.tecnorete.it/annunci/immobili/piemonte/torino/avigliana.html
2c8bf6f149320d6c60f4,Beinasco,NON_DETERMINATO,Strada Torino,VAI_IN_ZONA,Strada Torino 90,,PRONTO,https://www.casa.it/immobili/54336798/
2c8bf6f149320d6c60f4,Beinasco,NON_DETERMINATO,Strada Torino,VAI_IN_ZONA,Strada Torino 122,,PRONTO,https://www.casa.it/immobili/54336798/
655d0fabb25e58018cd2,Beinasco,NON_DETERMINATO,via Danilo Dolci,VAI_IN_ZONA,via Danilo Dolci 7,,PRONTO,https://www.immobiliare.it/annunci/132332730/
67da772f547f1e2e6708,Borgone Susa,NON_DETERMINATO,via Augusto Abegg,VAI_IN_ZONA,via Augusto Abegg 46,,PRONTO,https://www.immobiliare.it/annunci/115022795/
67da772f547f1e2e6708,Borgone Susa,NON_DETERMINATO,via Augusto Abegg,VAI_IN_ZONA,via Augusto Abegg 68,,PRONTO,https://www.immobiliare.it/annunci/115022795/
fc9b091d31bee128d2b2,Caprie,NON_DETERMINATO,via Pietra Rotonda,VAI_IN_ZONA,via Pietra Rotonda 15,,PRONTO,https://www.immobiliare.it/annunci/132334780/
88d07963707c01858779,Beinasco,NON_DETERMINATO,Via Aosta,VAI_IN_ZONA,Via Aosta 16/A,,PRONTO,https://asteflorio.it/aste/capannone-a-beinasco-to-beinasco-2
88d07963707c01858779,Beinasco,NON_DETERMINATO,Via Aosta,VAI_IN_ZONA,Via Aosta 16,,PRONTO,https://asteflorio.it/aste/capannone-a-beinasco-to-beinasco-2
3ba45506fa42f0be6383,Beinasco,INDIZIO_AGENZIA,via Enrico De Nicola,VAI_IN_ZONA,via Enrico De Nicola 10,,PRONTO,https://www.immobiliare.it/annunci/130016970/
3ba45506fa42f0be6383,Beinasco,INDIZIO_AGENZIA,via Enrico De Nicola,VAI_IN_ZONA,Via Enrico de Nicola 15,,PRONTO,https://www.immobiliare.it/annunci/130016970/
1d95b1f5952adc668bd4,Bruino,NON_DETERMINATO,"via Orbassano, proponiamo in affitto capannone di",VAI_IN_ZONA,"via Orbassano, proponiamo in affitto capannone di 300",,PRONTO,https://www.nuroa.it/vendita-immobili/capannone-bruino
a00251fe32d5e2e6f836,Avigliana,NON_DETERMINATO,via Micheletta,VAI_IN_ZONA,via Micheletta 23,,PRONTO,https://www.immobiliare.it/annunci/132324314/
87b352441eb8e008f43b,Avigliana,NON_DETERMINATO,Via Micheletta,VAI_IN_ZONA,Via Micheletta 23,,PRONTO,https://www.idealista.it/immobile/36760841/
e7edfedd2592c56c3118,Avigliana,NON_DETERMINATO,Via Partigiani D'Italia,VAI_IN_ZONA,Via Partigiani D'Italia 10,,PRONTO,https://www.idealista.it/immobile/36796999/
844ee7c6cf5bb1c1da5e,Avigliana,NON_DETERMINATO,Via Partigiani D'Italia,VAI_IN_ZONA,Via Partigiani D'Italia 10,,PRONTO,https://www.idealista.it/immobile/36798196/
447731b9657a1d94ca0f,Avigliana,NON_DETERMINATO,Via Laghi di Avigliana,VAI_IN_ZONA,Via Laghi di Avigliana 29,,PRONTO,https://www.idealista.it/immobile/36748394/
5f4f282a783aea54595d,Avigliana,NON_DETERMINATO,Via Avigliana,VAI_IN_ZONA,Via Avigliana 13,,PRONTO,https://www.idealista.it/immobile/36744009/
5f4f282a783aea54595d,Avigliana,NON_DETERMINATO,Via Avigliana,VAI_IN_ZONA,Via Avigliana 4,,PRONTO,https://www.idealista.it/immobile/36744009/
1ee108c2d35ae0921d31,Avigliana,NON_DETERMINATO,Via Avigliana,VAI_IN_ZONA,Via Avigliana 18,,PRONTO,https://www.idealista.it/immobile/36752163/
1ee108c2d35ae0921d31,Avigliana,NON_DETERMINATO,Via Avigliana,VAI_IN_ZONA,Via Avigliana 4,,PRONTO,https://www.idealista.it/immobile/36752163/
1ee108c2d35ae0921d31,Avigliana,NON_DETERMINATO,Via Avigliana,VAI_IN_ZONA,Via Avigliana 13,,PRONTO,https://www.idealista.it/immobile/36752163/
3301656548c0ccd5ebbd,Avigliana,NON_DETERMINATO,Via Avigliana,VAI_IN_ZONA,Via Avigliana 18,,PRONTO,https://www.idealista.it/immobile/36742432/
3301656548c0ccd5ebbd,Avigliana,NON_DETERMINATO,Via Avigliana,VAI_IN_ZONA,Via Avigliana 4,,PRONTO,https://www.idealista.it/immobile/36742432/
3301656548c0ccd5ebbd,Avigliana,NON_DETERMINATO,Via Avigliana,VAI_IN_ZONA,Via Avigliana 13,,PRONTO,https://www.idealista.it/immobile/36742432/
e7eec40523b7ae9efedc,Almese,NON_DETERMINATO,via Granaglie,VAI_IN_ZONA,via Granaglie 43,,PRONTO,https://www.immobiliare.it/annunci/132358596/
19c5c7948e383e0211ff,Alpignano,NON_DETERMINATO,"via Alpignano Rivoli. Buono stato, posto auto, con terrazza, riscaldamento autonomo",VAI_IN_ZONA,"via Alpignano Rivoli. Buono stato, posto auto, con terrazza, riscaldamento autonomo 250",,PRONTO,https://www.immobiliare.it/annunci/132055228/
f1f192e424147f4d1944,Trana,INDIZIO_AGENZIA,via Giordano Bruno,VAI_IN_ZONA,via Giordano Bruno 8,,PRONTO,https://www.immobiliare.it/annunci/131553914/
961adf090436954455e4,Almese,INDIZIO_AGENZIA,via Morsino,VAI_IN_ZONA,via Morsino 74/5,,PRONTO,https://www.immobiliare.it/annunci/131300422/
e7c183d9182405c31ae9,Beinasco,NON_DETERMINATO,Via Aosta,VAI_IN_ZONA,Via Aosta 16,,PRONTO,https://www.astalegale.net/Aste/Detail/B2433259-Fabbricati-industriali-Via-Aosta-16-10092-Beinasco-TO-Italia-Beinasco
e7c183d9182405c31ae9,Beinasco,NON_DETERMINATO,Via Aosta,VAI_IN_ZONA,Via Aosta 16/A,,PRONTO,https://www.astalegale.net/Aste/Detail/B2433259-Fabbricati-industriali-Via-Aosta-16-10092-Beinasco-TO-Italia-Beinasco
d1e9c84c6daccf6d586a,Almese,INDIZIO_AGENZIA,Borgata Soffietti Bollè,VAI_IN_ZONA,Borgata Soffietti Bollè 14,,PRONTO,https://www.immobiliare.it/annunci/114608417/
6f0e2cca736207405a09,Beinasco,NON_DETERMINATO,Via Aosta numero,VAI_IN_ZONA,Via Aosta numero 16/A,,PRONTO,https://www.bilocale.it/beinasco-beinasco-16-capannone-vendita-2759686.html
29389dbb028dfc929458,Beinasco,NON_DETERMINATO,Via Aosta numero,VAI_IN_ZONA,Via Aosta numero 16/A,,PRONTO,https://www.pcase.it/immobili/capannone-vendita-beinasco-sc9708325/
92fb22cd338e10ca5fdc,Bruino,NON_DETERMINATO,"Piazza Municipio, proponiamo in locazione locale commerciale di",VAI_IN_ZONA,"Piazza Municipio, proponiamo in locazione locale commerciale di 40",,PRONTO,https://www.immobiliare.it/annunci/125595159/
de1325509ceefaeb4cc9,Beinasco,NON_DETERMINATO,Via Galileo Galilei,VAI_IN_ZONA,Via Galileo Galilei 43,,PRONTO,https://www.nuroa.it/vendita-immobili/bilocale-beinasco
de1325509ceefaeb4cc9,Beinasco,NON_DETERMINATO,Via Galileo Galilei,VAI_IN_ZONA,Via Galileo Galilei 32,,PRONTO,https://www.nuroa.it/vendita-immobili/bilocale-beinasco
c7e0b5b08b7ada6f8f9e,Alpignano,NON_DETERMINATO,"via Valdellatorre, a soli",VAI_IN_ZONA,"via Valdellatorre, a soli 300",,PRONTO,https://immobiliare.mitula.it/affitto-appartamento-alpignano
a3329af859e0bd87c31d,Beinasco,NON_DETERMINATO,Via Aosta,VAI_IN_ZONA,Via Aosta 16/A,,PRONTO,https://www.casa.it/immobili/54721587/
a3329af859e0bd87c31d,Beinasco,NON_DETERMINATO,Via Aosta,VAI_IN_ZONA,via Aosta 16,,PRONTO,https://www.casa.it/immobili/54721587/
2b831acde3195b678718,Alpignano,NON_DETERMINATO,via Gioachino Rossini,VAI_IN_ZONA,via Gioachino Rossini 9,,PRONTO,https://www.pcase.it/immobili/ufficio-vendita-alpignano-sc9707597/
c630bfcecd63a04771ac,Avigliana,INDIZIO_AGENZIA,via Avogadro,VAI_IN_ZONA,via Avogadro 31,,PRONTO,https://www.immobiliare.it/annunci/132264762/
7c60fd48e15ddf3687c8,Beinasco,INDIZIO_AGENZIA,Via Monte Bianco,VAI_IN_ZONA,Via Monte Bianco 60/A,,PRONTO,https://www.tecnocasa.it/vendita/appartamenti/torino/beinasco/61245056.html
0d8165b16811b0bfb71f,Beinasco,INDIZIO_AGENZIA,Via Monte Bianco,VAI_IN_ZONA,Via Monte Bianco 60/A,,PRONTO,https://www.tecnocasa.it/vendita/appartamenti/torino/beinasco/61256645.html
ce84b8524477c0657560,Beinasco,INDIZIO_AGENZIA,Via Monte Bianco,VAI_IN_ZONA,Via Monte Bianco 60/A,,PRONTO,https://www.tecnocasa.it/vendita/appartamenti/torino/beinasco/61170331.html
8077ece28f8ca28433db,Beinasco,NON_DETERMINATO,Via Monte Bianco,VAI_IN_ZONA,Via Monte Bianco 60/A,,PRONTO,https://www.tecnocasa.it/vendita/appartamenti/torino/beinasco/61222089.html
36fde9babc9a33f70a03,Beinasco,NON_DETERMINATO,Strada Torino,VAI_IN_ZONA,Strada Torino 41,,PRONTO,https://www.tecnocasa.it/vendita/appartamenti/torino/beinasco/61222083.html
aba1cec97ea836404a09,Beinasco,NON_DETERMINATO,Via Nenni,VAI_IN_ZONA,Via Nenni 8,,PRONTO,https://www.tecnocasa.it/vendita/appartamenti/torino/beinasco/61231469.html
c43f7b5fc0b54abbbc1d,Beinasco,INDIZIO_AGENZIA,Strada Borgaretto - Borgaretto Centro,VAI_IN_ZONA,Strada Borgaretto - Borgaretto Centro 5,,PRONTO,https://beinasco1.tecnorete.it/immobili-in-vendita
e7b473cd7d43a8019e53,Beinasco,INDIZIO_AGENZIA,Via Torino,VAI_IN_ZONA,Via Torino 14,,PRONTO,https://www.tecnorete.it/agenzie/immobiliari+residenziali/torino/beinasco/toha3.html
5a5cc2aae566517166b2,Beinasco,INDIZIO_AGENZIA,Via Torino,VAI_IN_ZONA,Via Torino 60,,PRONTO,https://tempocasa.it/it/vendita/torino/beinasco/stabile-palazzo/14690120
5cbfb82de8309532b066,Beinasco,INDIZIO_AGENZIA,"Via Galileo Galilei, Borgaretto",VAI_IN_ZONA,"Via Galileo Galilei, Borgaretto 2",,PRONTO,https://tempocasa.it/it/vendita/torino/beinasco/quadrilocale/8555853
fbb5a838daff55cf5886,Bruino,NON_DETERMINATO,Via G. Marconi,VAI_IN_ZONA,Via G. Marconi 57,,PRONTO,https://www.idealista.it/immobile/36767468/
c6633b376286554f67df,Bruino,NON_DETERMINATO,Via Don Bosco,VAI_IN_ZONA,Via Don Bosco 10,,PRONTO,https://www.idealista.it/immobile/36779079/
c6633b376286554f67df,Bruino,NON_DETERMINATO,Via Don Bosco,VAI_IN_ZONA,via Don Bosco 5,,PRONTO,https://www.idealista.it/immobile/36779079/
decf78fc8158134ad0bb,Buttigliera Alta,NON_DETERMINATO,Via della Torre,VAI_IN_ZONA,Via della Torre 59,,PRONTO,https://www.idealista.it/immobile/36323286/
5aaec84930e9460cfef2,Alpignano,NON_DETERMINATO,Via Grange Palmero,VAI_IN_ZONA,Via Grange Palmero 119,,PRONTO,https://www.commerciali.it/capannone-affitto-alpignano-30805131
5aaec84930e9460cfef2,Alpignano,NON_DETERMINATO,Via Grange Palmero,VAI_IN_ZONA,via Grange Palmero 14,,PRONTO,https://www.commerciali.it/capannone-affitto-alpignano-30805131
8b8e68bfc93d3b57dcb3,Bruzolo,NON_DETERMINATO,"Via Silvio Borgis, Bruzolo",VAI_IN_ZONA,"Via Silvio Borgis, Bruzolo 232",,PRONTO,https://caseinvenditainaffitto.it/case-in-vendita/bruzolo-valli-susa-sangone
81d8247a5a73348e6f89,Alpignano,INDIZIO_AGENZIA,"Via Grange Palmero, proponiamo in locazione un capannone industriale di circa",VAI_IN_ZONA,"Via Grange Palmero, proponiamo in locazione un capannone industriale di circa 260",,PRONTO,https://www.subito.it/uffici-locali-commerciali/capannone-a-alpignano-torino-660403430.htm
4834bc2b62160363156f,Beinasco,NON_DETERMINATO,via Principe Amedeo,VAI_IN_ZONA,via Principe Amedeo 37,,PRONTO,https://www.immobiliare.it/annunci/132189328/
4834bc2b62160363156f,Beinasco,NON_DETERMINATO,via Principe Amedeo,VAI_IN_ZONA,Via Principe Amedeo 12,,PRONTO,https://www.immobiliare.it/annunci/132189328/
335d2d0841c0417bdf92,Beinasco,NON_DETERMINATO,"località nel comune di Beinasco, è disponibile un appartamento di",VAI_IN_ZONA,"località nel comune di Beinasco, è disponibile un appartamento di 80",,PRONTO,https://www.immobiliare.it/annunci/122087828/
8a68882fbdd6e491ed42,Bruino,NON_DETERMINATO,via dei Ciclamini,VAI_IN_ZONA,via dei Ciclamini 14,,PRONTO,https://www.immobiliare.it/annunci/132360708/
7132fc01d703533475c2,Beinasco,NON_DETERMINATO,via Aosta,VAI_IN_ZONA,via Aosta 16,,PRONTO,https://www.immobiliare.it/annunci/132378892/
7132fc01d703533475c2,Beinasco,NON_DETERMINATO,via Aosta,VAI_IN_ZONA,via Aosta 16/A,,PRONTO,https://www.immobiliare.it/annunci/132378892/
35cf6b13767a037c6b3f,Caselette,NON_DETERMINATO,via Caselette,VAI_IN_ZONA,via Caselette 7,,PRONTO,https://www.immobiliare.it/annunci/124199825/
c6d44eaa173acad9fded,Almese,NON_DETERMINATO,Strada della Praia,VAI_IN_ZONA,Strada della Praia 8/b1,,PRONTO,https://www.schoolandcollegelistings.com/IT/Almese/108432937258141/F.lli-Latini-Snc
1cc63279699edcaf3f3e,Bruino,NON_DETERMINATO,via sangano,VAI_IN_ZONA,via sangano 74,,PRONTO,https://www.immobiliare.it/annunci/131401980/
1cc63279699edcaf3f3e,Bruino,NON_DETERMINATO,via sangano,VAI_IN_ZONA,via Sangano 74,,PRONTO,https://www.immobiliare.it/annunci/131401980/
0686e9d003dcf8e35499,Bruino,NON_DETERMINATO,"Via Giaveno - Via Volvera,precisamente in Via G. Marconi a circa",VAI_IN_ZONA,"Via Giaveno - Via Volvera,precisamente in Via G. Marconi a circa 1",,PRONTO,https://www.nuroa.it/vendita-immobili/appartamento-bruino
f9c9664a79eaeb476c09,Caselette,NON_DETERMINATO,"Via Roma Piemonte, Torino Visualizza foto Villetta indipendente in vendita di",VAI_IN_ZONA,"Via Roma Piemonte, Torino Visualizza foto Villetta indipendente in vendita di 96",,PRONTO,https://www.nuroa.it/vendita-immobili/vendita-caselette
67d606e87f259ce1ad3e,Avigliana,NON_DETERMINATO,via Giacomo Matteotti,VAI_IN_ZONA,via Giacomo Matteotti 33,,PRONTO,https://www.immobiliare.it/annunci/132401210/
5ae403f2b7070c06e917,Avigliana,NON_DETERMINATO,via Avigliana,VAI_IN_ZONA,via Avigliana 35,,PRONTO,https://www.immobiliare.it/annunci/132403128/
5ae403f2b7070c06e917,Avigliana,NON_DETERMINATO,via Avigliana,VAI_IN_ZONA,via avigliana 35,,PRONTO,https://www.immobiliare.it/annunci/132403128/
4a25ad5787b90f5ce2fa,Beinasco,NON_DETERMINATO,via Gorizia,VAI_IN_ZONA,via Gorizia 23,,PRONTO,https://www.immobiliare.it/annunci/126942481/
8fd2164a801300e90dde,Borgone Susa,NON_DETERMINATO,via Augusto Abegg,VAI_IN_ZONA,via Augusto Abegg 41,,PRONTO,https://www.immobiliare.it/annunci/131901898/
6210c4a8d3d4aea188fc,Collegno,NON_DETERMINATO,via Alpignano. Buono stato,VAI_IN_ZONA,via Alpignano. Buono stato ... 3,,PRONTO,https://www.immobiliare.it/annunci/132441856/
2701fdbc66eb6f494b97,Beinasco,NON_DETERMINATO,Via Aosta,VAI_IN_ZONA,Via Aosta 16,,PRONTO,https://www.astalegale.net/Aste/Detail/B2433259
2701fdbc66eb6f494b97,Beinasco,NON_DETERMINATO,Via Aosta,VAI_IN_ZONA,via Aosta 16/A,,PRONTO,https://www.astalegale.net/Aste/Detail/B2433259
74c78a2207f9229b0f41,Beinasco,NON_DETERMINATO,via Torino,VAI_IN_ZONA,via Torino 14,,PRONTO,https://www.immobiliare.it/annunci/125434761/
e598573aa0e13344b26d,Caselette,NON_DETERMINATO,Via Roma,VAI_IN_ZONA,Via Roma 31,,PRONTO,https://www.bilocale.it/vendita-case/caselette/
edc8d55ed27dbb6f3812,Almese,NON_DETERMINATO,via Ruffini,VAI_IN_ZONA,via Ruffini 13,,PRONTO,https://www.immobiliare.it/annunci/127739728/
9a28e82f5b8d6cf86d82,Beinasco,NON_DETERMINATO,Via Aosta,VAI_IN_ZONA,Via Aosta 16,,PRONTO,https://www.casa.it/immobili/54721895/
9a28e82f5b8d6cf86d82,Beinasco,NON_DETERMINATO,Via Aosta,VAI_IN_ZONA,via Aosta 16/A,,PRONTO,https://www.casa.it/immobili/54721895/
929f658e28ef7ba0bfea,Rivoli,NON_DETERMINATO,via Avigliana,VAI_IN_ZONA,via Avigliana 18,,PRONTO,https://www.immobiliare.it/annunci/124428575/
faac0dff69663835e0cf,Alpignano,NON_DETERMINATO,piazza dei Caduti,VAI_IN_ZONA,piazza dei Caduti 11,,PRONTO,https://www.immobiliare.it/annunci/132460334/
ecd3f26eb6e7398fbaf9,Beinasco,NON_DETERMINATO,via Giovanni Amendola,VAI_IN_ZONA,via Giovanni Amendola 12,,PRONTO,https://www.immobiliare.it/annunci/132462732/
d398e75a04f977b79bf0,Bruino,NON_DETERMINATO,"Via Giaveno - Via Volvera,precisamente in Via G. Marconi a circa",VAI_IN_ZONA,"Via Giaveno - Via Volvera,precisamente in Via G. Marconi a circa 1",,PRONTO,https://www.nuroa.it/vendita-immobili/bruino
e535aad1cf2462c1ad8c,Avigliana,NON_DETERMINATO,viale Enrico Fermi,VAI_IN_ZONA,viale Enrico Fermi 12,,PRONTO,https://www.immobiliare.it/annunci/124659479/
b6cb460f50f7becd9dfc,Beinasco,NON_DETERMINATO,via Beinasco,VAI_IN_ZONA,via Beinasco 12,,PRONTO,https://torino.bakeca.it/annunci/locali-attivita-commerciali/contrattotipo/vendita/inserzionistacase/privato/
b6cb460f50f7becd9dfc,Beinasco,NON_DETERMINATO,via Beinasco,VAI_IN_ZONA,via Beinasco 16,,PRONTO,https://torino.bakeca.it/annunci/locali-attivita-commerciali/contrattotipo/vendita/inserzionistacase/privato/
2424b5244e3b43c8775e,Beinasco,NON_DETERMINATO,Via Aosta numero,VAI_IN_ZONA,Via Aosta numero 16/A,,PRONTO,https://www.quadrilocale.it/beinasco-beinasco-16-capannone-vendita-2759686.html
381b1a87f16f790f6732,Caprie,NON_DETERMINATO,via Caprie,VAI_IN_ZONA,via Caprie 18,,PRONTO,https://www.immobiliare.it/annunci/132466488/
dcc909932b8bea7ef434,Alpignano,NON_DETERMINATO,via Veneto,VAI_IN_ZONA,via Veneto 6,,PRONTO,https://www.immobiliare.it/annunci/132514042/
981cdd049ca032d6c418,Beinasco,NON_DETERMINATO,via Aosta,VAI_IN_ZONA,via Aosta 16/A,,PRONTO,https://www.immobiliare.it/annunci/132363946/
981cdd049ca032d6c418,Beinasco,NON_DETERMINATO,via Aosta,VAI_IN_ZONA,Via Aosta 16,,PRONTO,https://www.immobiliare.it/annunci/132363946/
1dc021e588deda4b1cd2,Beinasco,NON_DETERMINATO,via Beinasco,VAI_IN_ZONA,via Beinasco 22,,PRONTO,https://www.immobiliare.it/annunci/132263302/
1dc021e588deda4b1cd2,Beinasco,NON_DETERMINATO,via Beinasco,VAI_IN_ZONA,via Beinasco 16,,PRONTO,https://www.immobiliare.it/annunci/132263302/
d5ce8d31f6794d4ca804,Beinasco,NON_DETERMINATO,"via II Giugno, Borgaretto",VAI_IN_ZONA,"via II Giugno, Borgaretto 3",,PRONTO,https://www.immobiliare.it/annunci/127292815/
1eee87a04ee5f23ccb4a,Bruzolo,NON_DETERMINATO,Via Cassanera,VAI_IN_ZONA,Via Cassanera 2,,PRONTO,https://www.idealista.it/immobile/36848491/
1eee87a04ee5f23ccb4a,Bruzolo,NON_DETERMINATO,Via Cassanera,VAI_IN_ZONA,Via Cassanera 2B,,PRONTO,https://www.idealista.it/immobile/36848491/
899c58f0f73b06113d43,Almese,NON_DETERMINATO,via Braida,VAI_IN_ZONA,via Braida 18/9,,PRONTO,https://www.immobiliare.it/annunci/132512014/
4138dddfa3c4cf974453,Alpignano,NON_DETERMINATO,via Villa,VAI_IN_ZONA,via Villa 7,,PRONTO,https://www.immobiliare.it/annunci/132534136/
ccb6a117dbcfc58d2038,Bruino,NON_DETERMINATO,via Verdi,VAI_IN_ZONA,via Verdi 2,,PRONTO,https://www.immobiliare.it/annunci/132514944/
0fa5b490da066d930dc5,Beinasco,NON_DETERMINATO,via Bernardo Rondò,VAI_IN_ZONA,via Bernardo Rondò 14,,PRONTO,https://www.immobiliare.it/annunci/130328024/
fce18b9aa8e7001775a9,Bruino,NON_DETERMINATO,via Ferdinando Magellano,VAI_IN_ZONA,via Ferdinando Magellano 12,,PRONTO,https://www.immobiliare.it/annunci/129236702/
af0483889a9502ac65ed,Alpignano,NON_DETERMINATO,Piazza Caduti,VAI_IN_ZONA,Piazza Caduti 11,,PRONTO,https://www.idealista.it/immobile/36833496/
af0483889a9502ac65ed,Alpignano,NON_DETERMINATO,Piazza Caduti,VAI_IN_ZONA,Piazza Caduti 23,,PRONTO,https://www.idealista.it/immobile/36833496/
12be7cbf4ea3cd4eba51,Alpignano,NON_DETERMINATO,Via Veneto,VAI_IN_ZONA,Via Veneto 6,,PRONTO,https://www.idealista.it/immobile/36850113/
852ba12bcfa308c88c78,Alpignano,NON_DETERMINATO,Via Ferna,VAI_IN_ZONA,Via Ferna 21,,PRONTO,https://www.idealista.it/immobile/36852245/
36c98be17210de259ebe,Alpignano,NON_DETERMINATO,Via Villa,VAI_IN_ZONA,Via Villa 7,,PRONTO,https://www.idealista.it/immobile/36857584/
77ecd6adcce4a67fdf1a,Beinasco,NON_DETERMINATO,Via San Giacomo,VAI_IN_ZONA,Via San Giacomo 41,,PRONTO,https://www.nuroa.it/vendita-immobili/garage-beinasco
77ecd6adcce4a67fdf1a,Beinasco,NON_DETERMINATO,Via San Giacomo,VAI_IN_ZONA,via San Giacomo 12,,PRONTO,https://www.nuroa.it/vendita-immobili/garage-beinasco
77ecd6adcce4a67fdf1a,Beinasco,NON_DETERMINATO,Via San Giacomo,VAI_IN_ZONA,Via San Giacomo 9,,PRONTO,https://www.nuroa.it/vendita-immobili/garage-beinasco
ddca8a3143383a190012,Beinasco,NON_DETERMINATO,via 2 Giugno,VAI_IN_ZONA,via 2 Giugno 7,,PRONTO,https://www.immobiliare.it/annunci/132433308/
