ZONE_ID,COMUNE,VIA_ANNUNCIO,RIFERIMENTO_ANNUNCIO,ANNUNCIO_URL,RANK,TIPO_VIA,VIA_DA_LAVORARE,DISTANZA_M,RELAZIONE,OSM_STATUS
almese-via-rubiana,Almese,via Rubiana,via Rubiana 100,https://www.immobiliare.it/annunci/132183836/,0,TARGET,via Rubiana,0,CENTRO,OK
almese-via-rubiana,Almese,via Rubiana,via Rubiana 100,https://www.immobiliare.it/annunci/132183836/,1,VICINA,Borgata Malatrait II,0,INCROCIA,OK
almese-via-rubiana,Almese,via Rubiana,via Rubiana 100,https://www.immobiliare.it/annunci/132183836/,2,VICINA,Via Circonvallazione,0,INCROCIA,OK
almese-via-rubiana,Almese,via Rubiana,via Rubiana 100,https://www.immobiliare.it/annunci/132183836/,3,VICINA,Via Combal,0,INCROCIA,OK
almese-via-rubiana,Almese,via Rubiana,via Rubiana 100,https://www.immobiliare.it/annunci/132183836/,4,VICINA,Via dei Copertili,0,INCROCIA,OK
almese-via-montecapretto,Almese,via Montecapretto,via Montecapretto 24,https://www.immobiliare.it/annunci/108146029/,0,TARGET,via Montecapretto,0,CENTRO,OK
almese-via-montecapretto,Almese,via Montecapretto,via Montecapretto 24,https://www.immobiliare.it/annunci/108146029/,1,VICINA,Via Bertolo,0,INCROCIA,OK
almese-via-montecapretto,Almese,via Montecapretto,via Montecapretto 24,https://www.immobiliare.it/annunci/108146029/,2,VICINA,Via Sonetto,0,INCROCIA,OK
almese-via-montecapretto,Almese,via Montecapretto,via Montecapretto 24,https://www.immobiliare.it/annunci/108146029/,3,VICINA,Via Muande,102,VICINA,OK
almese-via-montecapretto,Almese,via Montecapretto,via Montecapretto 24,https://www.immobiliare.it/annunci/108146029/,4,VICINA,Via Falca,124,VICINA,OK
almese-via-roma,Almese,via Roma,via Roma 29,https://www.immobiliare.it/annunci/132169640/,0,TARGET,via Roma,0,CENTRO,OK
almese-via-roma,Almese,via Roma,via Roma 29,https://www.immobiliare.it/annunci/132169640/,1,VICINA,Piazza Martiri della Libertà,0,INCROCIA,OK
almese-via-roma,Almese,via Roma,via Roma 29,https://www.immobiliare.it/annunci/132169640/,2,VICINA,Piazza Pra Maccari,0,INCROCIA,OK
almese-via-roma,Almese,via Roma,via Roma 29,https://www.immobiliare.it/annunci/132169640/,3,VICINA,Via Cerrone,0,INCROCIA,OK
almese-via-roma,Almese,via Roma,via Roma 29,https://www.immobiliare.it/annunci/132169640/,4,VICINA,Via Circonvallazione,0,INCROCIA,OK
almese-via-almese,Almese,via Almese,Via Almese 64,https://www.immobiliare.it/annunci/125159231/,0,TARGET,via Almese,0,CENTRO,OK
almese-via-almese,Almese,via Almese,Via Almese 64,https://www.immobiliare.it/annunci/125159231/,1,VICINA,Via Circonvallazione,0,INCROCIA,OK
almese-via-almese,Almese,via Almese,Via Almese 64,https://www.immobiliare.it/annunci/125159231/,2,VICINA,Via Avigliana,225,VICINA,OK
almese-via-almese,Almese,via Almese,Via Almese 64,https://www.immobiliare.it/annunci/125159231/,3,VICINA,Via della Michela,235,VICINA,OK
almese-via-almese,Almese,via Almese,Via Almese 64,https://www.immobiliare.it/annunci/125159231/,4,VICINA,Via Dante Alighieri,309,VICINA,OK
almese-via-braida,Almese,via Braida,via Braida 18,https://www.immobiliare.it/annunci/131901566/,0,TARGET,via Braida,0,CENTRO,OK
almese-via-braida,Almese,via Braida,via Braida 18,https://www.immobiliare.it/annunci/131901566/,1,VICINA,Via Bertolo,0,INCROCIA,OK
almese-via-braida,Almese,via Braida,via Braida 18,https://www.immobiliare.it/annunci/131901566/,2,VICINA,Via della Roccia,0,INCROCIA,OK
almese-via-braida,Almese,via Braida,via Braida 18,https://www.immobiliare.it/annunci/131901566/,3,VICINA,Via Mollar,0,INCROCIA,OK
almese-via-braida,Almese,via Braida,via Braida 18,https://www.immobiliare.it/annunci/131901566/,4,VICINA,Via Moncurto,0,INCROCIA,OK
almese-via-morsino,Almese,via Morsino,Via Morsino 43,https://www.immobiliare.it/annunci/127965590/,0,TARGET,via Morsino,0,CENTRO,OK
almese-via-morsino,Almese,via Morsino,Via Morsino 43,https://www.immobiliare.it/annunci/127965590/,1,VICINA,Piazza Comba,0,INCROCIA,OK
almese-via-morsino,Almese,via Morsino,Via Morsino 43,https://www.immobiliare.it/annunci/127965590/,2,VICINA,Via Goletto,0,INCROCIA,OK
almese-via-morsino,Almese,via Morsino,Via Morsino 43,https://www.immobiliare.it/annunci/127965590/,3,VICINA,Via Gublera,0,INCROCIA,OK
almese-via-morsino,Almese,via Morsino,Via Morsino 43,https://www.immobiliare.it/annunci/127965590/,4,VICINA,Via Miosa,0,INCROCIA,OK
almese-via-drubiaglio,Almese,Via Drubiaglio,Via Drubiaglio 6,https://www.nuroa.it/affitto-case/almese,0,TARGET,Via Drubiaglio,0,CENTRO,OK
almese-via-drubiaglio,Almese,Via Drubiaglio,Via Drubiaglio 6,https://www.nuroa.it/affitto-case/almese,1,VICINA,Via delle Industrie,0,INCROCIA,OK
almese-via-drubiaglio,Almese,Via Drubiaglio,Via Drubiaglio 6,https://www.nuroa.it/affitto-case/almese,2,VICINA,Via don Marco Cravotto,0,INCROCIA,OK
almese-via-drubiaglio,Almese,Via Drubiaglio,Via Drubiaglio 6,https://www.nuroa.it/affitto-case/almese,3,VICINA,Via Milanere,0,INCROCIA,OK
almese-via-drubiaglio,Almese,Via Drubiaglio,Via Drubiaglio 6,https://www.nuroa.it/affitto-case/almese,4,VICINA,Via Rivera,0,INCROCIA,OK
almese-piazza-martiri-della-liberta,Almese,piazza Martiri della Libertà,piazza Martiri della Libertà 31,https://www.immobiliare.it/annunci/113407257/,0,TARGET,piazza Martiri della Libertà,0,CENTRO,OK
almese-piazza-martiri-della-liberta,Almese,piazza Martiri della Libertà,piazza Martiri della Libertà 31,https://www.immobiliare.it/annunci/113407257/,1,VICINA,Piazza della Fiera,0,INCROCIA,OK
almese-piazza-martiri-della-liberta,Almese,piazza Martiri della Libertà,piazza Martiri della Libertà 31,https://www.immobiliare.it/annunci/113407257/,2,VICINA,Via Avigliana,0,INCROCIA,OK
almese-piazza-martiri-della-liberta,Almese,piazza Martiri della Libertà,piazza Martiri della Libertà 31,https://www.immobiliare.it/annunci/113407257/,3,VICINA,Via Rocci,0,INCROCIA,OK
almese-piazza-martiri-della-liberta,Almese,piazza Martiri della Libertà,piazza Martiri della Libertà 31,https://www.immobiliare.it/annunci/113407257/,4,VICINA,Via Roma,0,INCROCIA,OK
almese-via-rivera,Almese,via Rivera,via Rivera 66,https://www.immobiliare.it/annunci/132203708/,0,TARGET,via Rivera,0,CENTRO,OK
almese-via-rivera,Almese,via Rivera,via Rivera 66,https://www.immobiliare.it/annunci/132203708/,1,VICINA,Via Caselette,0,INCROCIA,OK
almese-via-rivera,Almese,via Rivera,via Rivera 66,https://www.immobiliare.it/annunci/132203708/,2,VICINA,Via delle Industrie,0,INCROCIA,OK
almese-via-rivera,Almese,via Rivera,via Rivera 66,https://www.immobiliare.it/annunci/132203708/,3,VICINA,Via Drubiaglio,0,INCROCIA,OK
almese-via-rivera,Almese,via Rivera,via Rivera 66,https://www.immobiliare.it/annunci/132203708/,4,VICINA,Via Milanere,0,INCROCIA,OK
almese-vicolo-ciandellera,Almese,Vicolo Ciandellera,Vicolo Ciandellera 2,https://www.nuroa.it/vendita-immobili/almese,0,TARGET,Vicolo Ciandellera,0,CENTRO,OK
almese-vicolo-ciandellera,Almese,Vicolo Ciandellera,Vicolo Ciandellera 2,https://www.nuroa.it/vendita-immobili/almese,1,VICINA,Via Malatrait,0,INCROCIA,OK
almese-vicolo-ciandellera,Almese,Vicolo Ciandellera,Vicolo Ciandellera 2,https://www.nuroa.it/vendita-immobili/almese,2,VICINA,Via Rocci,0,INCROCIA,OK
almese-vicolo-ciandellera,Almese,Vicolo Ciandellera,Vicolo Ciandellera 2,https://www.nuroa.it/vendita-immobili/almese,3,VICINA,Vicolo Fucina,0,INCROCIA,OK
almese-vicolo-ciandellera,Almese,Vicolo Ciandellera,Vicolo Ciandellera 2,https://www.nuroa.it/vendita-immobili/almese,4,VICINA,Piazza Martiri della Libertà,6,VICINA,OK
avigliana-via-monte-cuneo,Avigliana,via Monte Cuneo,via Monte Cuneo 6,https://www.immobiliare.it/annunci/113651037/,0,TARGET,via Monte Cuneo,0,CENTRO,OK
avigliana-via-monte-cuneo,Avigliana,via Monte Cuneo,via Monte Cuneo 6,https://www.immobiliare.it/annunci/113651037/,1,VICINA,Via Ceresole,0,INCROCIA,OK
avigliana-via-monte-cuneo,Avigliana,via Monte Cuneo,via Monte Cuneo 6,https://www.immobiliare.it/annunci/113651037/,2,VICINA,Via Chiattera,0,INCROCIA,OK
avigliana-via-monte-cuneo,Avigliana,via Monte Cuneo,via Monte Cuneo 6,https://www.immobiliare.it/annunci/113651037/,3,VICINA,Via don Alberto Milano,0,INCROCIA,OK
avigliana-via-monte-cuneo,Avigliana,via Monte Cuneo,via Monte Cuneo 6,https://www.immobiliare.it/annunci/113651037/,4,VICINA,Via Oronte Nota,0,INCROCIA,OK
avigliana-corso-laghi,Avigliana,Corso Laghi,corso Laghi 165,https://www.casadaprivato.it/annunci-vendita/immobili/torino-avigliana,0,TARGET,Corso Laghi,0,CENTRO,OK
avigliana-corso-laghi,Avigliana,Corso Laghi,corso Laghi 165,https://www.casadaprivato.it/annunci-vendita/immobili/torino-avigliana,1,VICINA,Piazza del Popolo,0,INCROCIA,OK
avigliana-corso-laghi,Avigliana,Corso Laghi,corso Laghi 165,https://www.casadaprivato.it/annunci-vendita/immobili/torino-avigliana,2,VICINA,Via Alpi Cozie,0,INCROCIA,OK
avigliana-corso-laghi,Avigliana,Corso Laghi,corso Laghi 165,https://www.casadaprivato.it/annunci-vendita/immobili/torino-avigliana,3,VICINA,Via Carnino,0,INCROCIA,OK
avigliana-corso-laghi,Avigliana,Corso Laghi,corso Laghi 165,https://www.casadaprivato.it/annunci-vendita/immobili/torino-avigliana,4,VICINA,Via Cavalieri di Vittorio Veneto,0,INCROCIA,OK
avigliana-via-sacra-san-michele,Avigliana,via Sacra San Michele,via Sacra San Michele 17,https://www.immobiliare.it/annunci/131895478/,0,TARGET,via Sacra San Michele,0,CENTRO,OK_GEOCODE_FALLBACK
avigliana-via-sacra-san-michele,Avigliana,via Sacra San Michele,via Sacra San Michele 17,https://www.immobiliare.it/annunci/131895478/,1,VICINA,Via Sacra di San Michele,34,VICINA_GEOCODE,OK_GEOCODE_FALLBACK
avigliana-via-sacra-san-michele,Avigliana,via Sacra San Michele,via Sacra San Michele 17,https://www.immobiliare.it/annunci/131895478/,2,VICINA,Viale Belvedere,297,VICINA_GEOCODE,OK_GEOCODE_FALLBACK
avigliana-via-sacra-san-michele,Avigliana,via Sacra San Michele,via Sacra San Michele 17,https://www.immobiliare.it/annunci/131895478/,3,VICINA,Viale dei Tigli,309,VICINA_GEOCODE,OK_GEOCODE_FALLBACK
avigliana-via-sacra-san-michele,Avigliana,via Sacra San Michele,via Sacra San Michele 17,https://www.immobiliare.it/annunci/131895478/,4,VICINA,Via Tetti Colombo,325,VICINA_GEOCODE,OK_GEOCODE_FALLBACK
avigliana-viale-roma,Avigliana,viale roma,viale roma 8,https://www.immobiliare.it/annunci/131481726/,0,TARGET,viale roma,0,CENTRO,OK
avigliana-viale-roma,Avigliana,viale roma,viale roma 8,https://www.immobiliare.it/annunci/131481726/,1,VICINA,Corso Laghi,0,INCROCIA,OK
avigliana-viale-roma,Avigliana,viale roma,viale roma 8,https://www.immobiliare.it/annunci/131481726/,2,VICINA,Via maestra Maria Gallo,0,INCROCIA,OK
avigliana-viale-roma,Avigliana,viale roma,viale roma 8,https://www.immobiliare.it/annunci/131481726/,3,VICINA,Via Osvaldo Negarville,0,INCROCIA,OK
avigliana-viale-roma,Avigliana,viale roma,viale roma 8,https://www.immobiliare.it/annunci/131481726/,4,VICINA,Via Tresserve,0,INCROCIA,OK
avigliana-via-ailliaud-augusto,Avigliana,via Ailliaud Augusto,via Ailliaud Augusto 8,https://www.immobiliare.it/annunci/129887012/,0,TARGET,via Ailliaud Augusto,0,CENTRO,OK_GEOCODE_FALLBACK
avigliana-via-ailliaud-augusto,Avigliana,via Ailliaud Augusto,via Ailliaud Augusto 8,https://www.immobiliare.it/annunci/129887012/,1,VICINA,Via Augusto Ailliaud,2,VICINA_GEOCODE,OK_GEOCODE_FALLBACK
avigliana-via-ailliaud-augusto,Avigliana,via Ailliaud Augusto,via Ailliaud Augusto 8,https://www.immobiliare.it/annunci/129887012/,2,VICINA,Viale Roma (int),70,VICINA_GEOCODE,OK_GEOCODE_FALLBACK
avigliana-via-ailliaud-augusto,Avigliana,via Ailliaud Augusto,via Ailliaud Augusto 8,https://www.immobiliare.it/annunci/129887012/,3,VICINA,Via Cavalieri di Vittorio Veneto,76,VICINA_GEOCODE,OK_GEOCODE_FALLBACK
avigliana-via-ailliaud-augusto,Avigliana,via Ailliaud Augusto,via Ailliaud Augusto 8,https://www.immobiliare.it/annunci/129887012/,4,VICINA,Via Venti Settembre,78,VICINA_GEOCODE,OK_GEOCODE_FALLBACK
avigliana-piazza-del-popolo,Avigliana,piazza del Popolo,piazza del Popolo 4,https://www.immobiliare.it/annunci/127408283/,0,TARGET,piazza del Popolo,0,CENTRO,OK
avigliana-piazza-del-popolo,Avigliana,piazza del Popolo,piazza del Popolo 4,https://www.immobiliare.it/annunci/127408283/,1,VICINA,Corso Laghi,0,INCROCIA,OK
avigliana-piazza-del-popolo,Avigliana,piazza del Popolo,piazza del Popolo 4,https://www.immobiliare.it/annunci/127408283/,2,VICINA,Via Cavalieri di Vittorio Veneto,0,INCROCIA,OK
avigliana-piazza-del-popolo,Avigliana,piazza del Popolo,piazza del Popolo 4,https://www.immobiliare.it/annunci/127408283/,3,VICINA,Via della Repubblica,0,INCROCIA,OK
avigliana-piazza-del-popolo,Avigliana,piazza del Popolo,piazza del Popolo 4,https://www.immobiliare.it/annunci/127408283/,4,VICINA,Via Martiri della Libertà,0,INCROCIA,OK
avigliana-via-villar-dora,Avigliana,via villar dora,via villar dora 15,https://www.immobiliare.it/annunci/130446938/,0,TARGET,via villar dora,0,CENTRO,OK_GEOCODE_FALLBACK
avigliana-via-villar-dora,Avigliana,via villar dora,via villar dora 15,https://www.immobiliare.it/annunci/130446938/,1,VICINA,Via Cuminie,9,VICINA_GEOCODE,OK_GEOCODE_FALLBACK
avigliana-via-villar-dora,Avigliana,via villar dora,via villar dora 15,https://www.immobiliare.it/annunci/130446938/,2,VICINA,Via Moncenisio,529,VICINA_GEOCODE,OK_GEOCODE_FALLBACK
avigliana-via-villar-dora,Avigliana,via villar dora,via villar dora 15,https://www.immobiliare.it/annunci/130446938/,3,VICINA,Autostrada del Frejus,694,VICINA_GEOCODE,OK_GEOCODE_FALLBACK
avigliana-via-villar-dora,Avigliana,via villar dora,via villar dora 15,https://www.immobiliare.it/annunci/130446938/,4,VICINA,Via Dante Alighieri,869,VICINA_GEOCODE,OK_GEOCODE_FALLBACK
avigliana-via-4-novembre,Avigliana,via 4 Novembre,via 4 Novembre 21,https://www.immobiliare.it/annunci/130632950/,0,TARGET,via 4 Novembre,0,CENTRO,OK_GEOCODE_FALLBACK
avigliana-via-4-novembre,Avigliana,via 4 Novembre,via 4 Novembre 21,https://www.immobiliare.it/annunci/130632950/,1,VICINA,Via Frejus,47,VICINA_GEOCODE,OK_GEOCODE_FALLBACK
avigliana-via-4-novembre,Avigliana,via 4 Novembre,via 4 Novembre 21,https://www.immobiliare.it/annunci/130632950/,2,VICINA,Via Quattro Novembre,47,VICINA_GEOCODE,OK_GEOCODE_FALLBACK
avigliana-via-4-novembre,Avigliana,via 4 Novembre,via 4 Novembre 21,https://www.immobiliare.it/annunci/130632950/,3,VICINA,Via Carnino,89,VICINA_GEOCODE,OK_GEOCODE_FALLBACK
avigliana-via-4-novembre,Avigliana,via 4 Novembre,via 4 Novembre 21,https://www.immobiliare.it/annunci/130632950/,4,VICINA,Via Luigi Einaudi,102,VICINA_GEOCODE,OK_GEOCODE_FALLBACK
avigliana-via-cesare-battisti,Avigliana,Via Cesare Battisti,Via Cesare Battisti 19,https://www.idealista.it/immobile/36653195/,0,TARGET,Via Cesare Battisti,0,CENTRO,OK
avigliana-via-cesare-battisti,Avigliana,Via Cesare Battisti,Via Cesare Battisti 19,https://www.idealista.it/immobile/36653195/,1,VICINA,Via Giuseppe Garibaldi,0,INCROCIA,OK
avigliana-via-cesare-battisti,Avigliana,Via Cesare Battisti,Via Cesare Battisti 19,https://www.idealista.it/immobile/36653195/,2,VICINA,Via Madonna delle Grazie,0,INCROCIA,OK
avigliana-via-cesare-battisti,Avigliana,Via Cesare Battisti,Via Cesare Battisti 19,https://www.idealista.it/immobile/36653195/,3,VICINA,Via Mario Berta,0,INCROCIA,OK
avigliana-via-cesare-battisti,Avigliana,Via Cesare Battisti,Via Cesare Battisti 19,https://www.idealista.it/immobile/36653195/,4,VICINA,Via Oscar Borgesa,0,INCROCIA,OK
avigliana-via-felice-goffi,Avigliana,Via Felice Goffi,Via Felice Goffi 6,https://www.idealista.it/immobile/36626365/,0,TARGET,Via Felice Goffi,0,CENTRO,OK
avigliana-via-felice-goffi,Avigliana,Via Felice Goffi,Via Felice Goffi 6,https://www.idealista.it/immobile/36626365/,1,VICINA,Via Almese,0,INCROCIA,OK
avigliana-via-felice-goffi,Avigliana,Via Felice Goffi,Via Felice Goffi 6,https://www.idealista.it/immobile/36626365/,2,VICINA,Via Moncenisio,99,VICINA,OK
avigliana-via-felice-goffi,Avigliana,Via Felice Goffi,Via Felice Goffi 6,https://www.idealista.it/immobile/36626365/,3,VICINA,Via Grangia,126,VICINA,OK
avigliana-via-felice-goffi,Avigliana,Via Felice Goffi,Via Felice Goffi 6,https://www.idealista.it/immobile/36626365/,4,VICINA,Via Villardora,128,VICINA,OK
avigliana-via-avigliana,Avigliana,via Avigliana,Via Avigliana 13,https://www.immobiliare.it/annunci/132265274/,0,TARGET,via Avigliana,0,CENTRO,OK
avigliana-via-avigliana,Avigliana,via Avigliana,Via Avigliana 13,https://www.immobiliare.it/annunci/132265274/,1,VICINA,Via Almese,0,INCROCIA,OK
avigliana-via-avigliana,Avigliana,via Avigliana,Via Avigliana 13,https://www.immobiliare.it/annunci/132265274/,2,VICINA,Via Giaveno,0,INCROCIA,OK
avigliana-via-avigliana,Avigliana,via Avigliana,Via Avigliana 13,https://www.immobiliare.it/annunci/132265274/,3,VICINA,Via Primo Levi,0,INCROCIA,OK
avigliana-via-avigliana,Avigliana,via Avigliana,Via Avigliana 13,https://www.immobiliare.it/annunci/132265274/,4,VICINA,Viale dei Mareschi,48,VICINA,OK
avigliana-via-orsiera,Avigliana,via Orsiera,via Orsiera 5,https://www.immobiliare.it/annunci/129672110/,0,TARGET,via Orsiera,0,CENTRO,OK
avigliana-via-orsiera,Avigliana,via Orsiera,via Orsiera 5,https://www.immobiliare.it/annunci/129672110/,1,VICINA,Via della Repubblica,0,INCROCIA,OK
avigliana-via-orsiera,Avigliana,via Orsiera,via Orsiera 5,https://www.immobiliare.it/annunci/129672110/,2,VICINA,Via Cristalliera,19,VICINA,OK
avigliana-via-orsiera,Avigliana,via Orsiera,via Orsiera 5,https://www.immobiliare.it/annunci/129672110/,3,VICINA,Via Monte Bianco,41,VICINA,OK
avigliana-via-orsiera,Avigliana,via Orsiera,via Orsiera 5,https://www.immobiliare.it/annunci/129672110/,4,VICINA,Via Rossetti,43,VICINA,OK
avigliana-via-monte-pirchiriano,Avigliana,via Monte Pirchiriano,via Monte Pirchiriano 14,https://www.immobiliare.it/annunci/130847028/,0,TARGET,via Monte Pirchiriano,0,CENTRO,OK
avigliana-via-monte-pirchiriano,Avigliana,via Monte Pirchiriano,via Monte Pirchiriano 14,https://www.immobiliare.it/annunci/130847028/,1,VICINA,Via Ferruccio Gallo,0,INCROCIA,OK
avigliana-via-monte-pirchiriano,Avigliana,via Monte Pirchiriano,via Monte Pirchiriano 14,https://www.immobiliare.it/annunci/130847028/,2,VICINA,Via Giovanni Suppo,0,INCROCIA,OK
avigliana-via-monte-pirchiriano,Avigliana,via Monte Pirchiriano,via Monte Pirchiriano 14,https://www.immobiliare.it/annunci/130847028/,3,VICINA,Via Grignetto,0,INCROCIA,OK
avigliana-via-monte-pirchiriano,Avigliana,via Monte Pirchiriano,via Monte Pirchiriano 14,https://www.immobiliare.it/annunci/130847028/,4,VICINA,Via Monte Capretto,0,INCROCIA,OK
avigliana-via-oscar-borgesa,Avigliana,via Oscar Borgesa,via Oscar Borgesa 19,https://www.immobiliare.it/annunci/127109565/,0,TARGET,via Oscar Borgesa,0,CENTRO,OK
avigliana-via-oscar-borgesa,Avigliana,via Oscar Borgesa,via Oscar Borgesa 19,https://www.immobiliare.it/annunci/127109565/,1,VICINA,Via Carlo Carli,0,INCROCIA,OK
avigliana-via-oscar-borgesa,Avigliana,via Oscar Borgesa,via Oscar Borgesa 19,https://www.immobiliare.it/annunci/127109565/,2,VICINA,Via Case Braida,0,INCROCIA,OK
avigliana-via-oscar-borgesa,Avigliana,via Oscar Borgesa,via Oscar Borgesa 19,https://www.immobiliare.it/annunci/127109565/,3,VICINA,Via Cesare Battisti,0,INCROCIA,OK
avigliana-via-oscar-borgesa,Avigliana,via Oscar Borgesa,via Oscar Borgesa 19,https://www.immobiliare.it/annunci/127109565/,4,VICINA,Via Ferruccio Gallo,0,INCROCIA,OK
avigliana-via-chiattera,Avigliana,via Chiattera,via Chiattera 56,https://www.immobiliare.it/annunci/128300848/,0,TARGET,via Chiattera,0,CENTRO,OK
avigliana-via-chiattera,Avigliana,via Chiattera,via Chiattera 56,https://www.immobiliare.it/annunci/128300848/,1,VICINA,Via Monte Cuneo,0,INCROCIA,OK
avigliana-via-chiattera,Avigliana,via Chiattera,via Chiattera 56,https://www.immobiliare.it/annunci/128300848/,2,VICINA,Via Reano,0,INCROCIA,OK
avigliana-via-chiattera,Avigliana,via Chiattera,via Chiattera 56,https://www.immobiliare.it/annunci/128300848/,3,VICINA,Galleria Monte Cuneo,132,VICINA,OK
avigliana-via-chiattera,Avigliana,via Chiattera,via Chiattera 56,https://www.immobiliare.it/annunci/128300848/,4,VICINA,Via Benetti,145,VICINA,OK
avigliana-via-tetti-colombo,Avigliana,via Tetti Colombo,via Tetti Colombo 7,https://www.immobiliare.it/annunci/130992664/,0,TARGET,via Tetti Colombo,0,CENTRO,OK
avigliana-via-tetti-colombo,Avigliana,via Tetti Colombo,via Tetti Colombo 7,https://www.immobiliare.it/annunci/130992664/,1,VICINA,Strada vicinale della Ghirba,0,INCROCIA,OK
avigliana-via-tetti-colombo,Avigliana,via Tetti Colombo,via Tetti Colombo 7,https://www.immobiliare.it/annunci/130992664/,2,VICINA,Via Sacra di San Michele,0,INCROCIA,OK
avigliana-via-tetti-colombo,Avigliana,via Tetti Colombo,via Tetti Colombo 7,https://www.immobiliare.it/annunci/130992664/,3,VICINA,Sentiero dei Maritano,223,VICINA,OK
avigliana-via-tetti-colombo,Avigliana,via Tetti Colombo,via Tetti Colombo 7,https://www.immobiliare.it/annunci/130992664/,4,VICINA,Via Giaveno,306,VICINA,OK
avigliana-vicolo-statuto,Avigliana,Vicolo Statuto,"Vicolo Statuto, Avigliana 75",https://caseinvenditainaffitto.it/case-in-vendita/avigliana-valli-susa-sangone?page=7,0,TARGET,Vicolo Statuto,0,CENTRO,OK
avigliana-vicolo-statuto,Avigliana,Vicolo Statuto,"Vicolo Statuto, Avigliana 75",https://caseinvenditainaffitto.it/case-in-vendita/avigliana-valli-susa-sangone?page=7,1,VICINA,Via Oscar Borgesa,0,INCROCIA,OK
avigliana-vicolo-statuto,Avigliana,Vicolo Statuto,"Vicolo Statuto, Avigliana 75",https://caseinvenditainaffitto.it/case-in-vendita/avigliana-valli-susa-sangone?page=7,2,VICINA,Vicolo Paglierino,0,INCROCIA,OK
avigliana-vicolo-statuto,Avigliana,Vicolo Statuto,"Vicolo Statuto, Avigliana 75",https://caseinvenditainaffitto.it/case-in-vendita/avigliana-valli-susa-sangone?page=7,3,VICINA,Via Carlo Carli,36,VICINA,OK
avigliana-vicolo-statuto,Avigliana,Vicolo Statuto,"Vicolo Statuto, Avigliana 75",https://caseinvenditainaffitto.it/case-in-vendita/avigliana-valli-susa-sangone?page=7,4,VICINA,Vicolo Ferdinando Ribodi,50,VICINA,OK
avigliana-via-aldo-moro,Avigliana,via Aldo Moro,via Aldo Moro 14,https://www.immobiliare.it/annunci/126423911/,0,TARGET,via Aldo Moro,0,CENTRO,OK
avigliana-via-aldo-moro,Avigliana,via Aldo Moro,via Aldo Moro 14,https://www.immobiliare.it/annunci/126423911/,1,VICINA,Via Alpi Cozie,0,INCROCIA,OK
avigliana-via-aldo-moro,Avigliana,via Aldo Moro,via Aldo Moro 14,https://www.immobiliare.it/annunci/126423911/,2,VICINA,Via Carlo Carli,0,INCROCIA,OK
avigliana-via-aldo-moro,Avigliana,via Aldo Moro,via Aldo Moro 14,https://www.immobiliare.it/annunci/126423911/,3,VICINA,Via Fratelli Cervi,0,INCROCIA,OK
avigliana-via-aldo-moro,Avigliana,via Aldo Moro,via Aldo Moro 14,https://www.immobiliare.it/annunci/126423911/,4,VICINA,Via Guido Portigliatti,0,INCROCIA,OK
avigliana-via-drubiaglio,Avigliana,Via Drubiaglio,Via Drubiaglio 8,https://www.idealista.it/immobile/36719669/,0,TARGET,Via Drubiaglio,0,CENTRO,OK
avigliana-via-drubiaglio,Avigliana,Via Drubiaglio,Via Drubiaglio 8,https://www.idealista.it/immobile/36719669/,1,VICINA,Via don Marco Cravotto,0,INCROCIA,OK
avigliana-via-drubiaglio,Avigliana,Via Drubiaglio,Via Drubiaglio 8,https://www.idealista.it/immobile/36719669/,2,VICINA,Via Fratelli Girotto,0,INCROCIA,OK
avigliana-via-drubiaglio,Avigliana,Via Drubiaglio,Via Drubiaglio 8,https://www.idealista.it/immobile/36719669/,3,VICINA,Via Moncenisio,0,INCROCIA,OK
avigliana-via-drubiaglio,Avigliana,Via Drubiaglio,Via Drubiaglio 8,https://www.idealista.it/immobile/36719669/,4,VICINA,Via Rivera,0,INCROCIA,OK
avigliana-via-umberto-i,Avigliana,via Umberto I,via Umberto I 42,https://www.immobiliare.it/annunci/132071842/,0,TARGET,via Umberto I,0,CENTRO,OK_GEOCODE_FALLBACK
avigliana-via-umberto-i,Avigliana,via Umberto I,via Umberto I 42,https://www.immobiliare.it/annunci/132071842/,1,VICINA,Via Umberto Primo,1,VICINA_GEOCODE,OK_GEOCODE_FALLBACK
avigliana-via-umberto-i,Avigliana,via Umberto I,via Umberto I 42,https://www.immobiliare.it/annunci/132071842/,2,VICINA,Via Giuseppe Mazzini,36,VICINA_GEOCODE,OK_GEOCODE_FALLBACK
avigliana-via-umberto-i,Avigliana,via Umberto I,via Umberto I 42,https://www.immobiliare.it/annunci/132071842/,3,VICINA,Via Madonna delle Grazie,43,VICINA_GEOCODE,OK_GEOCODE_FALLBACK
avigliana-via-umberto-i,Avigliana,via Umberto I,via Umberto I 42,https://www.immobiliare.it/annunci/132071842/,4,VICINA,Piazzale dei Caduti,60,VICINA_GEOCODE,OK_GEOCODE_FALLBACK
avigliana-via-bacchiasso,Avigliana,via Bacchiasso,via Bacchiasso 17,https://www.immobiliare.it/annunci/115943823/,0,TARGET,via Bacchiasso,0,CENTRO,OK
avigliana-via-bacchiasso,Avigliana,via Bacchiasso,via Bacchiasso 17,https://www.immobiliare.it/annunci/115943823/,1,VICINA,Via Sant'Agostino,0,INCROCIA,OK
avigliana-via-bacchiasso,Avigliana,via Bacchiasso,via Bacchiasso 17,https://www.immobiliare.it/annunci/115943823/,2,VICINA,Via Don Giuseppe Menzio,87,VICINA,OK
avigliana-via-bacchiasso,Avigliana,via Bacchiasso,via Bacchiasso 17,https://www.immobiliare.it/annunci/115943823/,3,VICINA,Via Santo Sudario,104,VICINA,OK
avigliana-via-bacchiasso,Avigliana,via Bacchiasso,via Bacchiasso 17,https://www.immobiliare.it/annunci/115943823/,4,VICINA,Via San Martino,112,VICINA,OK
avigliana-via-pontetto,Avigliana,via Pontetto,via Pontetto 19,https://www.immobiliare.it/annunci/116770153/,0,TARGET,via Pontetto,0,CENTRO,OK
avigliana-via-pontetto,Avigliana,via Pontetto,via Pontetto 19,https://www.immobiliare.it/annunci/116770153/,1,VICINA,Corso Laghi,0,INCROCIA,OK
avigliana-via-pontetto,Avigliana,via Pontetto,via Pontetto 19,https://www.immobiliare.it/annunci/116770153/,2,VICINA,Via Giovanni Suppo,0,INCROCIA,OK
avigliana-via-pontetto,Avigliana,via Pontetto,via Pontetto 19,https://www.immobiliare.it/annunci/116770153/,3,VICINA,Via Monte Pirchiriano,0,INCROCIA,OK
avigliana-via-pontetto,Avigliana,via Pontetto,via Pontetto 19,https://www.immobiliare.it/annunci/116770153/,4,VICINA,Via Renzo Suriani,91,VICINA,OK
avigliana-corso-torino,Avigliana,corso Torino,corso Torino 35,https://www.immobiliare.it/annunci/132260558/,0,TARGET,corso Torino,0,CENTRO,OK
avigliana-corso-torino,Avigliana,corso Torino,corso Torino 35,https://www.immobiliare.it/annunci/132260558/,1,VICINA,Corso Dora,0,INCROCIA,OK
avigliana-corso-torino,Avigliana,corso Torino,corso Torino 35,https://www.immobiliare.it/annunci/132260558/,2,VICINA,Corso Europa,0,INCROCIA,OK
avigliana-corso-torino,Avigliana,corso Torino,corso Torino 35,https://www.immobiliare.it/annunci/132260558/,3,VICINA,Strada Statale 25 del Moncenisio,0,INCROCIA,OK
avigliana-corso-torino,Avigliana,corso Torino,corso Torino 35,https://www.immobiliare.it/annunci/132260558/,4,VICINA,Via Antonio Gramsci,0,INCROCIA,OK
buttigliera-alta-via-allende,Buttigliera Alta,via Allende,via Allende 13,https://www.immobiliare.it/annunci/131629064/,0,TARGET,via Allende,0,CENTRO,OK_GEOCODE_FALLBACK
buttigliera-alta-via-allende,Buttigliera Alta,via Allende,via Allende 13,https://www.immobiliare.it/annunci/131629064/,1,VICINA,Via Salvador Allende,35,VICINA_GEOCODE,OK_GEOCODE_FALLBACK
buttigliera-alta-via-allende,Buttigliera Alta,via Allende,via Allende 13,https://www.immobiliare.it/annunci/131629064/,2,VICINA,Corso Laghi,151,VICINA_GEOCODE,OK_GEOCODE_FALLBACK
buttigliera-alta-via-allende,Buttigliera Alta,via Allende,via Allende 13,https://www.immobiliare.it/annunci/131629064/,3,VICINA,Via Bacchiasso,176,VICINA_GEOCODE,OK_GEOCODE_FALLBACK
buttigliera-alta-via-allende,Buttigliera Alta,via Allende,via Allende 13,https://www.immobiliare.it/annunci/131629064/,4,VICINA,Strada del Closio,180,VICINA_GEOCODE,OK_GEOCODE_FALLBACK
buttigliera-alta-via-iv-novembre,Buttigliera Alta,Via IV Novembre,via IV novembre 14,https://buttiglieraalta1.tecnorete.it/immobili-in-vendita,0,TARGET,Via IV Novembre,0,CENTRO,OK_GEOCODE_FALLBACK
buttigliera-alta-via-iv-novembre,Buttigliera Alta,Via IV Novembre,via IV novembre 14,https://buttiglieraalta1.tecnorete.it/immobili-in-vendita,1,VICINA,Via Quattro Novembre,2,VICINA_GEOCODE,OK_GEOCODE_FALLBACK
buttigliera-alta-via-iv-novembre,Buttigliera Alta,Via IV Novembre,via IV novembre 14,https://buttiglieraalta1.tecnorete.it/immobili-in-vendita,2,VICINA,Vicolo Palermo,15,VICINA_GEOCODE,OK_GEOCODE_FALLBACK
buttigliera-alta-via-iv-novembre,Buttigliera Alta,Via IV Novembre,via IV novembre 14,https://buttiglieraalta1.tecnorete.it/immobili-in-vendita,3,VICINA,Via Avigliana,16,VICINA_GEOCODE,OK_GEOCODE_FALLBACK
buttigliera-alta-via-iv-novembre,Buttigliera Alta,Via IV Novembre,via IV novembre 14,https://buttiglieraalta1.tecnorete.it/immobili-in-vendita,4,VICINA,Piazza del Popolo,25,VICINA_GEOCODE,OK_GEOCODE_FALLBACK
buttigliera-alta-strada-del-closio,Buttigliera Alta,Strada del Closio,Strada del Closio 39,https://www.wikicasa.it/vendita-case/buttigliera-alta/,0,TARGET,Strada del Closio,0,CENTRO,OK
buttigliera-alta-strada-del-closio,Buttigliera Alta,Strada del Closio,Strada del Closio 39,https://www.wikicasa.it/vendita-case/buttigliera-alta/,1,VICINA,Via Bacchiasso,0,INCROCIA,OK
buttigliera-alta-strada-del-closio,Buttigliera Alta,Strada del Closio,Strada del Closio 39,https://www.wikicasa.it/vendita-case/buttigliera-alta/,2,VICINA,Via Cornaglio,0,INCROCIA,OK
buttigliera-alta-strada-del-closio,Buttigliera Alta,Strada del Closio,Strada del Closio 39,https://www.wikicasa.it/vendita-case/buttigliera-alta/,3,VICINA,Via Mario Greco,0,INCROCIA,OK
buttigliera-alta-strada-del-closio,Buttigliera Alta,Strada del Closio,Strada del Closio 39,https://www.wikicasa.it/vendita-case/buttigliera-alta/,4,VICINA,Via Salvador Allende,103,VICINA,OK
buttigliera-alta-via-reano,Buttigliera Alta,via Reano,via Reano 23,https://www.oikia.it/vendita-case/buttigliera_alta/,0,TARGET,via Reano,0,CENTRO,OK
buttigliera-alta-via-reano,Buttigliera Alta,via Reano,via Reano 23,https://www.oikia.it/vendita-case/buttigliera_alta/,1,VICINA,Corso Laghi,0,INCROCIA,OK
buttigliera-alta-via-reano,Buttigliera Alta,via Reano,via Reano 23,https://www.oikia.it/vendita-case/buttigliera_alta/,2,VICINA,Corso Superga,0,INCROCIA,OK
buttigliera-alta-via-reano,Buttigliera Alta,via Reano,via Reano 23,https://www.oikia.it/vendita-case/buttigliera_alta/,3,VICINA,Via Monte Cuneo,0,INCROCIA,OK
buttigliera-alta-via-reano,Buttigliera Alta,via Reano,via Reano 23,https://www.oikia.it/vendita-case/buttigliera_alta/,4,VICINA,Via Rivoli,0,INCROCIA,OK
caprie-via-roma,Caprie,via Roma,Via Roma 250,https://www.trovacasa.it/annunci/to-tc-95641-72900561,0,TARGET,via Roma,0,CENTRO,OK
caprie-via-roma,Caprie,via Roma,Via Roma 250,https://www.trovacasa.it/annunci/to-tc-95641-72900561,1,VICINA,Via Conte Verde,0,INCROCIA,OK
caprie-via-roma,Caprie,via Roma,Via Roma 250,https://www.trovacasa.it/annunci/to-tc-95641-72900561,2,VICINA,Via Lino Maffiodo,0,INCROCIA,OK
caprie-via-roma,Caprie,via Roma,Via Roma 250,https://www.trovacasa.it/annunci/to-tc-95641-72900561,3,VICINA,Viale Kennedy,0,INCROCIA,OK
caprie-via-roma,Caprie,via Roma,Via Roma 250,https://www.trovacasa.it/annunci/to-tc-95641-72900561,4,VICINA,Via Monginevro,12,VICINA,OK
caprie-viale-kennedy,Caprie,Viale Kennedy,viale kennedy 25,https://www.idealista.it/immobile/36681241/,0,TARGET,Viale Kennedy,0,CENTRO,OK
caprie-viale-kennedy,Caprie,Viale Kennedy,viale kennedy 25,https://www.idealista.it/immobile/36681241/,1,VICINA,Piazza Giacomo Matteotti,0,INCROCIA,OK
caprie-viale-kennedy,Caprie,Viale Kennedy,viale kennedy 25,https://www.idealista.it/immobile/36681241/,2,VICINA,Via Armona,0,INCROCIA,OK
caprie-viale-kennedy,Caprie,Viale Kennedy,viale kennedy 25,https://www.idealista.it/immobile/36681241/,3,VICINA,Via Colombardo,0,INCROCIA,OK
caprie-viale-kennedy,Caprie,Viale Kennedy,viale kennedy 25,https://www.idealista.it/immobile/36681241/,4,VICINA,Via Don Beniamino Pagliarello,0,INCROCIA,OK
caprie-via-caprie,Caprie,via Caprie,via Caprie 5,https://www.immobiliare.it/annunci/128454554/,0,TARGET,via Caprie,0,CENTRO,OK_GEOCODE_FALLBACK
caprie-via-caprie,Caprie,via Caprie,via Caprie 5,https://www.immobiliare.it/annunci/128454554/,1,VICINA,Canalone,34,VICINA_GEOCODE,OK_GEOCODE_FALLBACK
caprie-via-caprie,Caprie,via Caprie,via Caprie 5,https://www.immobiliare.it/annunci/128454554/,2,VICINA,Aurora,226,VICINA_GEOCODE,OK_GEOCODE_FALLBACK
caprie-via-caprie,Caprie,via Caprie,via Caprie 5,https://www.immobiliare.it/annunci/128454554/,3,VICINA,Tramontana,280,VICINA_GEOCODE,OK_GEOCODE_FALLBACK
caprie-via-caprie,Caprie,via Caprie,via Caprie 5,https://www.immobiliare.it/annunci/128454554/,4,VICINA,Piazza Santa Maria della Stella,924,VICINA_GEOCODE,OK_GEOCODE_FALLBACK
caprie-via-peroldrado,Caprie,via Peroldrado,via Peroldrado 22,https://www.immobiliare.it/annunci/132084518/,0,TARGET,via Peroldrado,0,CENTRO,OK
caprie-via-peroldrado,Caprie,via Peroldrado,via Peroldrado 22,https://www.immobiliare.it/annunci/132084518/,1,VICINA,Borgata Chiodo,0,INCROCIA,OK
caprie-via-peroldrado,Caprie,via Peroldrado,via Peroldrado 22,https://www.immobiliare.it/annunci/132084518/,2,VICINA,Via Lino Maffiodo,0,INCROCIA,OK
caprie-via-peroldrado,Caprie,via Peroldrado,via Peroldrado 22,https://www.immobiliare.it/annunci/132084518/,3,VICINA,Viale Kennedy,0,INCROCIA,OK
caprie-via-peroldrado,Caprie,via Peroldrado,via Peroldrado 22,https://www.immobiliare.it/annunci/132084518/,4,VICINA,Via Colombardo,61,VICINA,OK
caselette-via-cirie,Caselette,Via Ciriè,Via Ciriè 15,https://www.gabetti.it/vendita/caselette,0,TARGET,Via Ciriè,0,CENTRO,OK
caselette-via-cirie,Caselette,Via Ciriè,Via Ciriè 15,https://www.gabetti.it/vendita/caselette,1,VICINA,Via Brione,0,INCROCIA,OK
caselette-via-cirie,Caselette,Via Ciriè,Via Ciriè 15,https://www.gabetti.it/vendita/caselette,2,VICINA,Via Val della Torre,0,INCROCIA,OK
caselette-via-cirie,Caselette,Via Ciriè,Via Ciriè 15,https://www.gabetti.it/vendita/caselette,3,VICINA,Via Givoletto,31,VICINA,OK
caselette-via-cirie,Caselette,Via Ciriè,Via Ciriè 15,https://www.gabetti.it/vendita/caselette,4,VICINA,Via Martiri della Libertà,117,VICINA,OK
caselette-corso-susa,Caselette,Corso Susa,"Corso Susa, Caselette 156",https://caseinvenditainaffitto.it/case-in-vendita/caselette-valli-susa-sangone,0,TARGET,Corso Susa,0,CENTRO,OK
caselette-corso-susa,Caselette,Corso Susa,"Corso Susa, Caselette 156",https://caseinvenditainaffitto.it/case-in-vendita/caselette-valli-susa-sangone,1,VICINA,Strada dei Prati,0,INCROCIA,OK
caselette-corso-susa,Caselette,Corso Susa,"Corso Susa, Caselette 156",https://caseinvenditainaffitto.it/case-in-vendita/caselette-valli-susa-sangone,2,VICINA,Via Almese,0,INCROCIA,OK
caselette-corso-susa,Caselette,Corso Susa,"Corso Susa, Caselette 156",https://caseinvenditainaffitto.it/case-in-vendita/caselette-valli-susa-sangone,3,VICINA,Via Alpignano,0,INCROCIA,OK
caselette-corso-susa,Caselette,Corso Susa,"Corso Susa, Caselette 156",https://caseinvenditainaffitto.it/case-in-vendita/caselette-valli-susa-sangone,4,VICINA,Via Guglielmo Marconi,0,INCROCIA,OK
caselette-via-alpignano,Caselette,via Alpignano,via Alpignano 146,https://www.immobiliare.it/annunci/109429209/,0,TARGET,via Alpignano,0,CENTRO,OK
caselette-via-alpignano,Caselette,via Alpignano,via Alpignano 146,https://www.immobiliare.it/annunci/109429209/,1,VICINA,Corso Susa,0,INCROCIA,OK
caselette-via-alpignano,Caselette,via Alpignano,via Alpignano 146,https://www.immobiliare.it/annunci/109429209/,2,VICINA,Strada Contessa,0,INCROCIA,OK
caselette-via-alpignano,Caselette,via Alpignano,via Alpignano 146,https://www.immobiliare.it/annunci/109429209/,3,VICINA,Strada dei Giardini,0,INCROCIA,OK
caselette-via-alpignano,Caselette,via Alpignano,via Alpignano 146,https://www.immobiliare.it/annunci/109429209/,4,VICINA,Via al Musinè,0,INCROCIA,OK
coazze-via-freinetto,Coazze,via Freinetto,via freinetto 51,https://www.caasa.it/torino/coazze/villa/in-vendita.html,0,TARGET,via Freinetto,0,CENTRO,OK
coazze-via-freinetto,Coazze,via Freinetto,via freinetto 51,https://www.caasa.it/torino/coazze/villa/in-vendita.html,1,VICINA,Borgata Castagna,0,INCROCIA,OK
coazze-via-freinetto,Coazze,via Freinetto,via freinetto 51,https://www.caasa.it/torino/coazze/villa/in-vendita.html,2,VICINA,Sentiero dell'amore,0,INCROCIA,OK
coazze-via-freinetto,Coazze,via Freinetto,via freinetto 51,https://www.caasa.it/torino/coazze/villa/in-vendita.html,3,VICINA,Via Giacomo Matteotti,0,INCROCIA,OK
coazze-via-freinetto,Coazze,via Freinetto,via freinetto 51,https://www.caasa.it/torino/coazze/villa/in-vendita.html,4,VICINA,Via Ruadavalle,0,INCROCIA,OK
condove-via-moncenisio,Condove,Via Moncenisio,Via Moncenisio 72,https://www.idealista.it/immobile/33250712/,0,TARGET,Via Moncenisio,0,CENTRO,OK
condove-via-moncenisio,Condove,Via Moncenisio,Via Moncenisio 72,https://www.idealista.it/immobile/33250712/,1,VICINA,Ciclabile Diacono Martino,0,INCROCIA,OK
condove-via-moncenisio,Condove,Via Moncenisio,Via Moncenisio 72,https://www.idealista.it/immobile/33250712/,2,VICINA,Strada Comunale,0,INCROCIA,OK
condove-via-moncenisio,Condove,Via Moncenisio,Via Moncenisio 72,https://www.idealista.it/immobile/33250712/,3,VICINA,Via Edmondo De Amicis,0,INCROCIA,OK
condove-via-moncenisio,Condove,Via Moncenisio,Via Moncenisio 72,https://www.idealista.it/immobile/33250712/,4,VICINA,Via Giuseppe Verdi,0,INCROCIA,OK
giaveno-borgata-selvaggio-sotto,Giaveno,Borgata Selvaggio Sotto,Borgata Selvaggio Sotto 31,https://www.gabetti.it/vendita/giaveno,0,TARGET,Borgata Selvaggio Sotto,0,CENTRO,OK
giaveno-borgata-selvaggio-sotto,Giaveno,Borgata Selvaggio Sotto,Borgata Selvaggio Sotto 31,https://www.gabetti.it/vendita/giaveno,1,VICINA,Borgata Selvaggio Rio,0,INCROCIA,OK
giaveno-borgata-selvaggio-sotto,Giaveno,Borgata Selvaggio Sotto,Borgata Selvaggio Sotto 31,https://www.gabetti.it/vendita/giaveno,2,VICINA,Via Monsignor Carlo Bovero,0,INCROCIA,OK
giaveno-borgata-selvaggio-sotto,Giaveno,Borgata Selvaggio Sotto,Borgata Selvaggio Sotto 31,https://www.gabetti.it/vendita/giaveno,3,VICINA,Via Selvaggio,0,INCROCIA,OK
giaveno-borgata-selvaggio-sotto,Giaveno,Borgata Selvaggio Sotto,Borgata Selvaggio Sotto 31,https://www.gabetti.it/vendita/giaveno,4,VICINA,Via Paradiso,39,VICINA,OK
rosta-via-piave,Rosta,Via Piave,Via Piave 53,https://www.casa.it/immobili/54099496/,0,TARGET,Via Piave,0,CENTRO,OK
rosta-via-piave,Rosta,Via Piave,Via Piave 53,https://www.casa.it/immobili/54099496/,1,VICINA,Strada Antica di Buttigliera,0,INCROCIA,OK
rosta-via-piave,Rosta,Via Piave,Via Piave 53,https://www.casa.it/immobili/54099496/,2,VICINA,Via Buttigliera Alta,0,INCROCIA,OK
rosta-via-piave,Rosta,Via Piave,Via Piave 53,https://www.casa.it/immobili/54099496/,3,VICINA,Via Edoardo Aprà,0,INCROCIA,OK
rosta-via-piave,Rosta,Via Piave,Via Piave 53,https://www.casa.it/immobili/54099496/,4,VICINA,Via Rivoli,0,INCROCIA,OK
sant-antonino-di-susa-via-medagli,Sant'Antonino di Susa,via Medagli,via Medagli 55,https://www.immobiliare.it/annunci/131644636/,0,TARGET,via Medagli,0,CENTRO,OK
sant-antonino-di-susa-via-medagli,Sant'Antonino di Susa,via Medagli,via Medagli 55,https://www.immobiliare.it/annunci/131644636/,1,VICINA,Via Dora Riparia,0,INCROCIA,OK
sant-antonino-di-susa-via-medagli,Sant'Antonino di Susa,via Medagli,via Medagli 55,https://www.immobiliare.it/annunci/131644636/,2,VICINA,Via Roma,0,INCROCIA,OK
sant-antonino-di-susa-via-medagli,Sant'Antonino di Susa,via Medagli,via Medagli 55,https://www.immobiliare.it/annunci/131644636/,3,VICINA,Viale Quattro Novembre,0,INCROCIA,OK
sant-antonino-di-susa-via-medagli,Sant'Antonino di Susa,via Medagli,via Medagli 55,https://www.immobiliare.it/annunci/131644636/,4,VICINA,Via Venticinque Aprile,134,VICINA,OK
val-della-torre-via-val-della-torre,Val della Torre,via Val della Torre,via Val della Torre 41,https://www.immobiliare.it/annunci/127148161/,0,TARGET,via Val della Torre,0,CENTRO,OK
val-della-torre-via-val-della-torre,Val della Torre,via Val della Torre,via Val della Torre 41,https://www.immobiliare.it/annunci/127148161/,1,VICINA,Via Alpignano,13,VICINA,OK
val-della-torre-via-val-della-torre,Val della Torre,via Val della Torre,via Val della Torre 41,https://www.immobiliare.it/annunci/127148161/,2,VICINA,Via Lanzo,40,VICINA,OK
val-della-torre-via-val-della-torre,Val della Torre,via Val della Torre,via Val della Torre 41,https://www.immobiliare.it/annunci/127148161/,3,VICINA,Via Trucco di Brione,593,VICINA,OK
val-della-torre-via-val-della-torre,Val della Torre,via Val della Torre,via Val della Torre 41,https://www.immobiliare.it/annunci/127148161/,4,VICINA,Via Brione,935,VICINA,OK
villar-dora-via-celle,Villar Dora,Via Celle,Via Celle 64,https://www.idealista.it/immobile/34771243/,0,TARGET,Via Celle,0,CENTRO,OK
villar-dora-via-celle,Villar Dora,Via Celle,Via Celle 64,https://www.idealista.it/immobile/34771243/,1,VICINA,Borgata Montecomposto,0,INCROCIA,OK
villar-dora-via-celle,Villar Dora,Via Celle,Via Celle 64,https://www.idealista.it/immobile/34771243/,2,VICINA,Via Roccasella,0,INCROCIA,OK
villar-dora-via-celle,Villar Dora,Via Celle,Via Celle 64,https://www.idealista.it/immobile/34771243/,3,VICINA,Via San Giovanni,0,INCROCIA,OK
villar-dora-via-celle,Villar Dora,Via Celle,Via Celle 64,https://www.idealista.it/immobile/34771243/,4,VICINA,Bert - Roccasella,117,VICINA,OK
