data,id,comune,via,evento,valore_precedente,valore_nuovo,dettaglio,agenzia,url
2026-08-27T19:03:30+02:00,1f6a089f092103b77b70,Almese,,NUOVO_IMMOBILE,,,,,https://www.nestoria.it/immobiliare/vendita/almese
2026-08-27T19:03:30+02:00,2bcdb0fc06c342a547fe,Almese,,NUOVO_IMMOBILE,,,,,https://immobiliare.mitula.it/almese
2026-08-27T19:03:30+02:00,8c2bf7566b731a977793,Almese,,NUOVO_IMMOBILE,,27000.0,,,https://case.trovit.it/almese
2026-08-27T19:03:30+02:00,9bd098c51c8133127d2c,Alpignano,,NUOVO_IMMOBILE,,,,,https://www.nestoria.it/immobiliare/vendita/alpignano
2026-08-27T19:03:30+02:00,86b759f47381baaa78bf,Avigliana,,NUOVO_IMMOBILE,,,,,https://www.nestoria.it/immobiliare/vendita/avigliana
2026-08-27T19:03:30+02:00,b1401933cac7e2c369de,Avigliana,,NUOVO_IMMOBILE,,27000.0,,,https://case.trovit.it/avigliana-villaggio-primavera
2026-08-27T19:03:30+02:00,26cf0943b957c20d714b,Bardonecchia,,NUOVO_IMMOBILE,,,,,https://www.subito.it/annunci-piemonte/vendita/immobili/?q=bardonecchia
2026-08-27T19:03:30+02:00,e28163f4853d4f9313e1,Bardonecchia,,NUOVO_IMMOBILE,,,,,https://www.nestoria.it/immobiliare/vendita/bardonecchia
2026-08-27T19:03:30+02:00,eb21a7194edb3f169bea,Bardonecchia,,NUOVO_IMMOBILE,,,,,https://www.subito.it/annunci-piemonte/vendita/immobili/torino/bardonecchia/
2026-08-27T19:03:30+02:00,0e12d064bae5d860bc52,Borgone Susa,,NUOVO_IMMOBILE,,,,,https://www.nestoria.it/immobiliare/vendita/borgone-susa
2026-08-27T19:03:30+02:00,47135bc91bf7c508eab1,Borgone Susa,,NUOVO_IMMOBILE,,,,,https://www.instagram.com/p/DZKRZL7jUzy/
2026-08-27T19:03:30+02:00,5649ec0eb4392b9eda5c,Borgone Susa,,NUOVO_IMMOBILE,,,,,https://www.nestoria.it/case/vendita/borgone-susa
2026-08-27T19:03:30+02:00,af08fd890ebe132d1a48,Borgone Susa,,NUOVO_IMMOBILE,,,,,https://immobiliare.mitula.it/borgone-susa
2026-08-27T19:03:30+02:00,e099c779e47a7c196687,Bruzolo,,NUOVO_IMMOBILE,,,,,https://www.subito.it/annunci-piemonte/vendita/immobili/torino/bruzolo/
2026-08-27T19:03:30+02:00,fb8e03d8101b8a9cea31,Bruzolo,,NUOVO_IMMOBILE,,,,,https://www.wikicasa.it/annuncio/30661366
2026-08-27T19:03:30+02:00,10698c969fa8042304d9,Bussoleno,,NUOVO_IMMOBILE,,,,,https://www.subito.it/annunci-piemonte/vendita/immobili/torino/bussoleno/
2026-08-27T19:03:30+02:00,19c9ef1d5bdcb15f3a4f,Bussoleno,,NUOVO_IMMOBILE,,,,,https://www.nestoria.it/immobiliare/vendita/bussoleno
2026-08-27T19:03:30+02:00,0a1a6405fa7461e888f5,Buttigliera Alta,,NUOVO_IMMOBILE,,,,,https://www.nestoria.it/immobiliare/vendita/ferriera_buttigliera-alta
2026-08-27T19:03:30+02:00,192f1494fe8063fb7926,Buttigliera Alta,,NUOVO_IMMOBILE,,,,,https://www.subito.it/annunci-piemonte/vendita/immobili/torino/buttigliera-alta/
2026-08-27T19:03:30+02:00,5d924ed7c79b8294bb53,Buttigliera Alta,,NUOVO_IMMOBILE,,75000.0,,,https://case.trovit.it/fronde
2026-08-27T19:03:30+02:00,759393e92676dd05461a,Buttigliera Alta,,NUOVO_IMMOBILE,,,,,https://www.mercato-immobiliare.info/piemonte/torino/buttigliera-alta.html
2026-08-27T19:03:30+02:00,899f1b1a99b411684f64,Buttigliera Alta,,NUOVO_IMMOBILE,,,,,https://www.wikicasa.it/vendita-case/buttigliera-alta/
2026-08-27T19:03:30+02:00,c1bee8e431e849082b41,Buttigliera Alta,,NUOVO_IMMOBILE,,,,,https://immobiliare.mitula.it/buttigliera-alta
2026-08-27T19:03:30+02:00,f0b63c6b7d702cf5af2f,Buttigliera Alta,,NUOVO_IMMOBILE,,,,,https://www.prismaimmobili.it/
2026-08-27T19:03:30+02:00,6ab96465c7547b817e67,Caprie,,NUOVO_IMMOBILE,,28000.0,,,https://case.trovit.it/caprie
2026-08-27T19:03:30+02:00,c12a87e042743f06ae75,Caprie,,NUOVO_IMMOBILE,,,,,https://www.subito.it/annunci-piemonte/vendita/immobili/torino/caprie/
2026-08-27T19:03:30+02:00,371b712dd76612136457,Caselette,,NUOVO_IMMOBILE,,,,,https://immobiliare.mitula.it/rustico-caselette
2026-08-27T19:03:30+02:00,40faefc3a05b5aff18ff,Caselette,,NUOVO_IMMOBILE,,,,,https://www.subito.it/annunci-piemonte/vendita/immobili/torino/caselette/
2026-08-27T19:03:30+02:00,a1ea668f112be24ab116,Chianocco,,NUOVO_IMMOBILE,,,,,https://www.nestoria.it/case/vendita/chianocco
2026-08-27T19:03:30+02:00,d364c8e882bb12849ed6,Chianocco,,NUOVO_IMMOBILE,,,,,https://www.subito.it/annunci-piemonte/vendita/immobili/torino/chianocco/
2026-08-27T19:03:30+02:00,51b94506b0079e4b2d9c,Chiusa di San Michele,,NUOVO_IMMOBILE,,28000.0,,,https://case.trovit.it/chiusa-san-michele
2026-08-27T19:03:30+02:00,6c14180f0dc09ba30a71,Chiusa di San Michele,,NUOVO_IMMOBILE,,,,,https://www.nestoria.it/immobiliare/vendita/chiusa-di-san-michele
2026-08-27T19:03:30+02:00,81f71c98d2297e125f38,Chiusa di San Michele,,NUOVO_IMMOBILE,,,,,https://www.subito.it/annunci-piemonte/vendita/immobili/torino/chiusa-di-san-michele/
2026-08-27T19:03:30+02:00,0539cd5cdf49fef7b4ec,Chiusa di San Michele,,NUOVO_IMMOBILE,,,,,https://www.denhouseimmobiliare.it/web/immobile_dettaglio.asp?cod_annuncio=371446&language=ita
2026-08-27T19:03:30+02:00,5f5f9e6cc112357bba42,Chiusa di San Michele,,NUOVO_IMMOBILE,,,,,https://www.fcimmobiliare.it/i-671934-vendita-cascinacasale-chiusa-di-san-michele/
2026-08-27T19:03:30+02:00,369c8faa870279f34cf4,Coazze,,NUOVO_IMMOBILE,,20000.0,,,https://case.trovit.it/casa-coazze
2026-08-27T19:03:30+02:00,7af666f251eb1ae977a9,Coazze,,NUOVO_IMMOBILE,,,,,https://www.subito.it/annunci-piemonte/vendita/immobili/torino/coazze/
2026-08-27T19:03:30+02:00,9b93ebd08af5840b06a9,Coazze,,NUOVO_IMMOBILE,,20000.0,,,https://case.trovit.it/forno-coazze
2026-08-27T19:03:30+02:00,5fc55514401c879f86c1,Coazze,,NUOVO_IMMOBILE,,20000.0,,,https://case.trovit.it/villa-coazze
2026-08-27T19:03:30+02:00,6d0da11f6f37738e7b11,Collegno,,NUOVO_IMMOBILE,,,,,https://immobiliare.mitula.it/gramsci-collegno
2026-08-27T19:03:30+02:00,7cda5f3339f0283e1b6b,Collegno,,NUOVO_IMMOBILE,,95000.0,,,https://case.trovit.it/leumann
2026-08-27T19:03:30+02:00,109b2937ad76b2c31e45,Condove,,NUOVO_IMMOBILE,,,,,https://www.nestoria.it/immobiliare/vendita/condove
2026-08-27T19:03:30+02:00,26c747e2aec55e38fc2b,Condove,,NUOVO_IMMOBILE,,21000.0,,,https://case.trovit.it/condove
2026-08-27T19:03:30+02:00,46a26260a54e88462f74,Condove,,NUOVO_IMMOBILE,,,,,https://www.fcimmobiliare.it/i-672094-vendita-casa-singola-condove/
2026-08-27T19:03:30+02:00,4c07fb8f9747121faed9,Condove,,NUOVO_IMMOBILE,,,,,https://immobiliare.mitula.it/casa-condove
2026-08-27T19:03:30+02:00,a984b5642dca97af5a62,Condove,,NUOVO_IMMOBILE,,,,,https://www.subito.it/annunci-piemonte/vendita/immobili/torino/condove/
2026-08-27T19:03:30+02:00,583d14f0d7e8f197362f,Giaglione,,NUOVO_IMMOBILE,,,,,https://www.subito.it/annunci-piemonte/vendita/immobili/torino/giaglione/
2026-08-27T19:03:30+02:00,9d870772ada9f3aaf340,Giaglione,,NUOVO_IMMOBILE,,,,,https://www.instagram.com/p/DZcPoC0jctl/
2026-08-27T19:03:30+02:00,aead058de8b8af15f838,Giaglione,,NUOVO_IMMOBILE,,,,,https://www.nestoria.it/case/vendita/giaglione
2026-08-27T19:03:30+02:00,c21365ea16b964f6c0a4,Giaglione,,NUOVO_IMMOBILE,,,,,https://immobiliare.mitula.it/rustico-giaglione
2026-08-27T19:03:30+02:00,3d481b8732ec62135ccb,Giaveno,,NUOVO_IMMOBILE,,,,,https://www.immobiliaregiavenese.it/
2026-08-27T19:03:30+02:00,a1de59aa4dc36eee7c23,Giaveno,,NUOVO_IMMOBILE,,20000.0,,,https://case.trovit.it/giaveno
2026-08-27T19:03:30+02:00,8deb529003110157d70e,Gravere,,NUOVO_IMMOBILE,,,,,https://www.subito.it/annunci-piemonte/vendita/immobili/torino/gravere/
2026-08-27T19:03:30+02:00,a0b8aba80a5c39d09e6e,Gravere,,NUOVO_IMMOBILE,,,,,https://case.trovit.it/gravere
2026-08-27T19:03:30+02:00,e8644e45333078f370fa,Gravere,,NUOVO_IMMOBILE,,,,,https://www.nestoria.it/immobiliare/vendita/gravere
2026-08-27T19:03:30+02:00,36eacc8c750655d7e243,Grugliasco,,NUOVO_IMMOBILE,,,,,https://immobiliare.mitula.it/appartamento-gramsci-grugliasco
2026-08-27T19:03:30+02:00,57cbed1f606dba9ecb04,Grugliasco,,NUOVO_IMMOBILE,,,,,https://immobiliare.mitula.it/casa-gramsci-grugliasco
2026-08-27T19:03:30+02:00,9521e4b8eb97f77f0598,Mattie,,NUOVO_IMMOBILE,,,,,https://www.subito.it/annunci-piemonte/vendita/immobili/torino/mattie/
2026-08-27T19:03:30+02:00,09d92d9e2db450bdab7e,Meana di Susa,,NUOVO_IMMOBILE,,,,,https://www.subito.it/annunci-piemonte/vendita/immobili/torino/meana-di-susa/
2026-08-27T19:03:30+02:00,84b54a494922c3f71596,Meana di Susa,,NUOVO_IMMOBILE,,,,,https://case.trovit.it/meana-susa
2026-08-27T19:03:30+02:00,25e4b98bb02380b29043,Mompantero,,NUOVO_IMMOBILE,,,,,https://www.subito.it/annunci-piemonte/vendita/immobili/torino/mompantero/
2026-08-27T19:03:30+02:00,dcca0694688746bd4182,Mompantero,,NUOVO_IMMOBILE,,,,,https://www.fcimmobiliare.it/i-672129-vendita-villa-singola-mompantero-urbiano/
2026-08-27T19:03:30+02:00,c0878aeada2ed6008db8,Oulx,,NUOVO_IMMOBILE,,37000.0,,,https://case.trovit.it/oulx
2026-08-27T19:03:30+02:00,06b3700b9109ecb2a716,Pianezza,,NUOVO_IMMOBILE,,,,,https://www.subito.it/annunci-piemonte/vendita/immobili/torino/pianezza/
2026-08-27T19:03:30+02:00,23c627a164536b503246,Pianezza,,NUOVO_IMMOBILE,,,,,https://www.subito.it/annunci-piemonte/vendita/immobili/?q=pianezza
2026-08-27T19:03:30+02:00,34a652fd73504a581aed,Pianezza,,NUOVO_IMMOBILE,,,,,https://www.subito.it/annunci-piemonte/vendita/ville-singole-e-a-schiera/torino/pianezza/
2026-08-27T19:03:30+02:00,180fd3b192de1a3ccffe,Reano,,NUOVO_IMMOBILE,,,,,https://immobiliare.mitula.it/rustico-reano
2026-08-27T19:03:30+02:00,812d44942fb61458cf21,Reano,,NUOVO_IMMOBILE,,,,,https://www.nestoria.it/immobiliare/vendita/reano
2026-08-27T19:03:30+02:00,f073bf97e2a0894b0f8a,Reano,,NUOVO_IMMOBILE,,,,,https://www.subito.it/annunci-piemonte/vendita/immobili/torino/reano/
2026-08-27T19:03:30+02:00,033e4c5815c3ce197d27,Rivoli,,NUOVO_IMMOBILE,,,,,https://www.gabetti.it/vendita/rivoli
2026-08-27T19:03:30+02:00,16b17770da0928a0825c,Rivoli,,NUOVO_IMMOBILE,,,,,https://www.clickcase.it/annunci/vendita-case-privati-rivoli.html
2026-08-27T19:03:30+02:00,19e4d46c5e7c11ee620c,Rivoli,,NUOVO_IMMOBILE,,,,,https://www.nestoria.it/immobiliare/vendita/rivoli
2026-08-27T19:03:30+02:00,889e6d621b6e64a5d38c,Rivoli,,NUOVO_IMMOBILE,,,,,https://www.subito.it/annunci-italia/vendita/immobili/?q=rivoli
2026-08-27T19:03:30+02:00,fa1766875ffd2a6d95a1,Rivoli,,NUOVO_IMMOBILE,,,,,https://www.ghigoimmobiliare.it/
2026-08-27T19:03:30+02:00,75bea38c2e641daa5e3e,Rivoli,,NUOVO_IMMOBILE,,99000.0,,,https://case.trovit.it/villa-collina-rivoli
2026-08-27T19:03:30+02:00,041892b6563d1bcfafa2,Rosta,,NUOVO_IMMOBILE,,,,,https://caseinvenditainaffitto.it/case-in-vendita/rosta-torino-ovest
2026-08-27T19:03:30+02:00,3f6bd9d29253fb02279a,Rosta,,NUOVO_IMMOBILE,,,,,https://www.subito.it/annunci-piemonte/vendita/immobili/torino/rosta/
2026-08-27T19:03:30+02:00,6fdcf9be95ed00e1f4ff,Rubiana,,NUOVO_IMMOBILE,,20000.0,,,https://case.trovit.it/rubiana
2026-08-27T19:03:30+02:00,b74a134d730b31fa0bc7,Rubiana,,NUOVO_IMMOBILE,,,,,https://www.caseinvendita360.com/case-vendita-agenzie-rubiana-caprino-veronese-vr
2026-08-27T19:03:30+02:00,bc143baaf07add9ead26,Rubiana,,NUOVO_IMMOBILE,,,,,https://www.subito.it/annunci-piemonte/vendita/immobili/torino/rubiana/
2026-08-27T19:03:30+02:00,ffaae4d8e4906bedb534,Rubiana,,NUOVO_IMMOBILE,,,,,https://www.pcase.it/immobili/quadrilocale-vendita-rubiana-sc9698461/
2026-08-27T19:03:30+02:00,78a40ead67d790da4b21,San Giorio,,NUOVO_IMMOBILE,,,,,https://www.subito.it/annunci-piemonte/vendita/immobili/torino/san-giorio-di-susa/
2026-08-27T19:03:30+02:00,efee920c4187a9b0c4c0,San Giorio,,NUOVO_IMMOBILE,,,,,https://case.trovit.it/malpasso
2026-08-27T19:03:30+02:00,50c18056a4760e9cba2b,Sangano,,NUOVO_IMMOBILE,,,,,https://www.subito.it/annunci-piemonte/vendita/immobili/torino/sangano/
2026-08-27T19:03:30+02:00,744d2e5b3957380bdd05,Sangano,,NUOVO_IMMOBILE,,,,,https://pragmacase.it/
2026-08-27T19:03:30+02:00,f6ed4722bcf102d0b386,Sangano,,NUOVO_IMMOBILE,,139000.0,,,https://case.trovit.it/villa-sangano
2026-08-27T19:03:30+02:00,2e12fd31e6f76c8469cd,Sant'Antonino di Susa,,NUOVO_IMMOBILE,,,,,https://caseinvenditainaffitto.it/case-in-vendita/sant-antonino-di-susa-valli-susa-sangone
2026-08-27T19:03:30+02:00,3444bb3f22989d4a87cb,Sant'Antonino di Susa,,NUOVO_IMMOBILE,,29000.0,,,https://case.trovit.it/sant-antonino-susa
2026-08-27T19:03:30+02:00,3e4ee9b8411e76f28ea2,Sant'Antonino di Susa,,NUOVO_IMMOBILE,,,,,https://www.subito.it/annunci-piemonte/vendita/immobili/torino/sant-antonino-di-susa/
2026-08-27T19:03:30+02:00,93c25228125292ec5155,Sant'Antonino di Susa,,NUOVO_IMMOBILE,,,,,https://www.nuroa.it/vendita-immobili/sant-antonino-di-susa
2026-08-27T19:03:30+02:00,109f6f12102b36ee5655,Susa,,NUOVO_IMMOBILE,,,,,https://www.casadaprivato.it/annunci-vendita/immobili/torino-susa
2026-08-27T19:03:30+02:00,8217649129383c1f5fe9,Susa,,NUOVO_IMMOBILE,,,,,https://immobiliare.mitula.it/appartamento-susa
2026-08-27T19:03:30+02:00,925e143232e86a0615ba,Susa,,NUOVO_IMMOBILE,,,,,https://www.nuroa.it/vendita-immobili/casa-val-susa
2026-08-27T19:03:30+02:00,9d980b4eaccd23c79a1b,Susa,,NUOVO_IMMOBILE,,24375.0,,,https://case.trovit.it/susa
2026-08-27T19:03:30+02:00,e20df286bfce7076ef6a,Susa,,NUOVO_IMMOBILE,,,,,https://www.subito.it/annunci-piemonte/vendita/immobili/torino/susa/
2026-08-27T19:03:30+02:00,f8de2593abe626c0d539,Susa,,NUOVO_IMMOBILE,,,,,https://caseinvenditainaffitto.it/case-in-vendita/susa-valli-susa-sangone
2026-08-27T19:03:30+02:00,021b9fd9d5d81cfe9731,Trana,,NUOVO_IMMOBILE,,,,,https://www.wikicasa.it/vendita-case/trana/
2026-08-27T19:03:30+02:00,05d5ca7161fecf206fee,Trana,,NUOVO_IMMOBILE,,,,,https://www.subito.it/annunci-piemonte/vendita/immobili/torino/trana/
2026-08-27T19:03:30+02:00,09a6daabc96537c3d798,Trana,,NUOVO_IMMOBILE,,,,,https://caseinvenditainaffitto.it/case-in-vendita/moranda-trana
2026-08-27T19:03:30+02:00,7b797b2a5923d775c2bb,Trana,,NUOVO_IMMOBILE,,,,,https://www.nestoria.it/immobiliare/vendita/trana
2026-08-27T19:03:30+02:00,93665adc2504e2dce758,Trana,,NUOVO_IMMOBILE,,,,,https://www.caasa.it/torino/trana-zona-moranda/villa/in-vendita.html
2026-08-27T19:03:30+02:00,5c3fa8da79ad24c05139,Vaie,,NUOVO_IMMOBILE,,,,,https://caseinvenditainaffitto.it/case-in-vendita/vaie-valli-susa-sangone
2026-08-27T19:03:30+02:00,7ca6d133fec2832a3e77,Vaie,,NUOVO_IMMOBILE,,,,,https://www.subito.it/annunci-piemonte/vendita/immobili/torino/vaie/
2026-08-27T19:03:30+02:00,e9afe4cf450cf2bd3da1,Val della Torre,,NUOVO_IMMOBILE,,,,,https://www.subito.it/annunci-piemonte/vendita/immobili/torino/val-della-torre/
2026-08-27T19:03:30+02:00,a14b983efe1f237f4698,Valgioie,,NUOVO_IMMOBILE,,,,,https://immobiliare.mitula.it/casa-valgioie
2026-08-27T19:03:30+02:00,fc85710dfca4473b9da7,Valgioie,,NUOVO_IMMOBILE,,,,,https://www.subito.it/annunci-piemonte/vendita/immobili/torino/valgioie/
2026-08-27T19:03:30+02:00,d289c9f4223e046d30bc,Venaus,,NUOVO_IMMOBILE,,,,,https://immobiliare.mitula.it/venaus
2026-08-27T19:03:30+02:00,e54fb59cd15056e1c29f,Villar Dora,,NUOVO_IMMOBILE,,,,,https://www.subito.it/annunci-piemonte/vendita/immobili/torino/villar-dora/
2026-08-27T19:03:30+02:00,08457ed9166d8b5663bd,Villar Focchiardo,,NUOVO_IMMOBILE,,,,,https://www.caseinvendita360.com/monolocale-vendita-villar-focchiardo-to
2026-08-27T19:03:30+02:00,2066b977f1eb3a9601a7,Villar Focchiardo,,NUOVO_IMMOBILE,,,,,https://caseinvenditainaffitto.it/case-in-vendita/villar-focchiardo-valli-susa-sangone
2026-08-27T19:03:30+02:00,4f9840d7dc44baba7376,Villar Focchiardo,,NUOVO_IMMOBILE,,,,,https://www.nestoria.it/immobiliare/vendita/villar-focchiardo
2026-08-27T19:03:30+02:00,67650d5baf1875e414c1,Villar Focchiardo,,NUOVO_IMMOBILE,,,,,https://www.fcimmobiliare.it/i-671756-vendita-porzione-di-casa-villar-focchiardo/
2026-08-27T19:03:30+02:00,829d769851b3f5f63e15,Villar Focchiardo,,NUOVO_IMMOBILE,,,,,https://www.subito.it/annunci-piemonte/vendita/immobili/torino/villar-focchiardo/
2026-08-27T19:03:30+02:00,aa2a7977de1fbef1ad7d,Villar Focchiardo,,NUOVO_IMMOBILE,,,,,https://www.nuroa.it/vendita-immobili/bassa-susa
2026-08-27T19:03:30+02:00,007501736cd72e197d7c,Villarbasse,,NUOVO_IMMOBILE,,,,,https://immobiliare.mitula.it/villa-indipendente-villarbasse
2026-08-27T19:03:30+02:00,551bcebb029a786437d0,Villarbasse,,NUOVO_IMMOBILE,,49000.0,,,https://www.wikicasa.it/vendita-case/villarbasse/
2026-08-27T19:03:30+02:00,56956488ae34a4c54e88,Villarbasse,,NUOVO_IMMOBILE,,,,,https://www.subito.it/annunci-piemonte/vendita/immobili/torino/villarbasse/
2026-08-27T19:03:30+02:00,7508b733beefa70e7c85,Villarbasse,,NUOVO_IMMOBILE,,,,,https://www.yescasa.it/vendita-ville/villarbasse/
2026-08-27T19:03:30+02:00,46307b17219ffd611036,Villarbasse,,NUOVO_IMMOBILE,,129000.0,,,https://case.trovit.it/villa-villarbasse
2026-08-27T19:06:14+02:00,8d9824c2f77f054d9cb0,Caselette,Località Favorita 1,INDIRIZZO_TROVATO,,Località Favorita 1,,,https://www.immobiliare.it/annunci/126844533/
2026-08-27T23:15:34+02:00,ee09ae630d67fc97a1e7,Almese,,NUOVO_IMMOBILE,,226000.0,,,https://www.immobiliare.it/annunci/131284786/
2026-08-27T23:15:34+02:00,8b5f6b6db55a3dc069e8,Almese,Via Rubiana 51,NUOVO_IMMOBILE,,150000.0,,,https://www.idealista.it/immobile/36195511/
2026-08-27T23:15:34+02:00,3cfdce1ca761a778b5ee,Almese,via Braida 18,NUOVO_IMMOBILE,,,,,https://www.immobiliare.it/annunci/131901566/
2026-08-27T23:15:34+02:00,819bbae160b4cb6cf211,Almese,via Morsino 74/5,NUOVO_IMMOBILE,,8000.0,,la TEMPOCASA DI CONDOVE,https://www.immobiliare.it/annunci/127965590/
2026-08-27T23:15:34+02:00,89a596094555c535efb5,Alpignano,,NUOVO_IMMOBILE,,,,,https://www.immobiliare.it/annunci/131161382/
2026-08-27T23:15:34+02:00,661eefbce1dff7acf710,Alpignano,,NUOVO_IMMOBILE,,,,,https://www.immobiliare.it/annunci/129784374/
2026-08-27T23:15:34+02:00,71342b25ca5ec2d61020,Alpignano,,NUOVO_IMMOBILE,,10000.0,,,https://www.immobiliare.it/annunci/125267581/
2026-08-27T23:15:34+02:00,7b03e42eb6df642f246c,Alpignano,,NUOVO_IMMOBILE,,,,,https://www.immobiliare.it/annunci/128025266/
2026-08-27T23:15:34+02:00,d235bee6d44d25a3b396,Alpignano,,NUOVO_IMMOBILE,,,,,https://www.immobiliare.it/annunci/131197914/
2026-08-27T23:15:34+02:00,ff54a406e87efc4a2e62,Alpignano,,NUOVO_IMMOBILE,,,,Alp.375 - TEMPOCASA ALPIGNANO,https://www.immobiliare.it/annunci/131549740/
2026-08-27T23:15:34+02:00,688904bbbae673cda953,Alpignano,via 11 Febbraio 51,NUOVO_IMMOBILE,,89000.0,,Alpignano - Immobiliare,https://www.immobiliare.it/annunci/125870679/
2026-08-27T23:15:34+02:00,f419f3e00a8c84320bab,Alpignano,via Lanzo 8,NUOVO_IMMOBILE,,184000.0,,,https://www.immobiliare.it/annunci/128988474/
2026-08-27T23:15:34+02:00,6396944b18d48c77b52a,Avigliana,,NUOVO_IMMOBILE,,,,,https://www.immobiliare.it/annunci/126967969/
2026-08-27T23:15:34+02:00,dbc4fd8142f48d0321cf,Avigliana,,NUOVO_IMMOBILE,,,,Avigliana. Quadrilocale in via Don Luigi Balbiano ... Brickhome,https://www.immobiliare.it/annunci/117023435/
2026-08-27T23:15:34+02:00,fdcc7f1cd7a7fe23e603,Avigliana,,NUOVO_IMMOBILE,,,,,https://www.immobiliare.it/annunci/130119076/
2026-08-27T23:15:34+02:00,47d3a839df5233c029f0,Avigliana,Corso Laghi 165,NUOVO_IMMOBILE,,25000.0,,Tempocasa di Avigliana è lieta di proporre in vendita nel centro di Avigliana,https://www.valsusaoggi.it/vendesi-terratetto-ad-avigliana/
2026-08-27T23:15:34+02:00,87b308cd9d5312ce65b2,Avigliana,Via Avigliana 28,NUOVO_IMMOBILE,,159000.0,,,https://www.idealista.it/immobile/36626970/
2026-08-27T23:15:34+02:00,9b1158889eced804ea5b,Avigliana,Via Avigliana 13,NUOVO_IMMOBILE,,465000.0,,,https://www.idealista.it/immobile/36264890/
2026-08-27T23:15:34+02:00,c8502ef71ed84c98d4bf,Avigliana,Via Avigliana 18,NUOVO_IMMOBILE,,59263.0,,,https://www.idealista.it/immobile/36652455/
2026-08-27T23:15:34+02:00,77ecc5911b39e9f9e909,Avigliana,Via Cesare Battisti 19,NUOVO_IMMOBILE,,149000.0,,,https://www.idealista.it/immobile/36653195/
2026-08-27T23:15:34+02:00,cb7a9c45ac78165b7c89,Avigliana,Via Felice Goffi 6,NUOVO_IMMOBILE,,215000.0,,,https://www.idealista.it/immobile/36626365/
2026-08-27T23:15:34+02:00,c1ad4d3fe6048c75dc6d,Avigliana,corso Laghi 238,NUOVO_IMMOBILE,,,,,https://www.immobiliare.it/annunci/129213392/
2026-08-27T23:15:34+02:00,49d5c63ca82d68593444,Avigliana,piazza del Popolo 4,NUOVO_IMMOBILE,,178000.0,,,https://www.immobiliare.it/annunci/127408283/
2026-08-27T23:15:34+02:00,dcc79366123e25e678f4,Avigliana,via 4 Novembre 21,NUOVO_IMMOBILE,,,,,https://www.immobiliare.it/annunci/130632950/
2026-08-27T23:15:34+02:00,718abb2aaac44d321aed,Avigliana,via Ailliaud Augusto 8,NUOVO_IMMOBILE,,,,,https://www.immobiliare.it/annunci/129887012/
2026-08-27T23:15:34+02:00,3056b03e2b9521350869,Avigliana,via Aldo Carnino 6,NUOVO_IMMOBILE,,,,,https://www.immobiliare.it/annunci/131045692/
2026-08-27T23:15:34+02:00,aaa238999467f83f1e8b,Avigliana,via Sacra San Michele 17,NUOVO_IMMOBILE,,,,,https://www.immobiliare.it/annunci/131895478/
2026-08-27T23:15:34+02:00,9007fd5e0eccfe1089c3,Avigliana,via villar dora 15,NUOVO_IMMOBILE,,,,,https://www.immobiliare.it/annunci/130446938/
2026-08-27T23:15:34+02:00,30744fecacf4693f0d71,Avigliana,viale roma 8,NUOVO_IMMOBILE,,,,,https://www.immobiliare.it/annunci/131481726/
2026-08-27T23:15:34+02:00,a2df39c27705dc6a1fc3,Bardonecchia,,NUOVO_IMMOBILE,,,,,https://www.immobiliare.it/annunci/128373150/
2026-08-27T23:15:34+02:00,72d1f8187989199f6598,Bardonecchia,,NUOVO_IMMOBILE,,,,,https://www.immobiliare.it/annunci/130995386/
2026-08-27T23:15:34+02:00,efd0546364a87fa92e82,Bardonecchia,,NUOVO_IMMOBILE,,,,,https://www.immobiliare.it/annunci/131042994/
2026-08-27T23:15:34+02:00,21d3a8ce0afec21a443a,Bardonecchia,Via Giolitti 15,NUOVO_IMMOBILE,,175000.0,,Agenzia Immobiliare,https://www.rockagent.it/agenzie-immobiliari/bardonecchia
2026-08-27T23:15:34+02:00,40432f0e4d601b6410b1,Bardonecchia,"Via Medail, proponiamo in vendita un appartamento di mq 70",NUOVO_IMMOBILE,,,,,https://www.immobiliare.it/annunci/126015157/
2026-08-27T23:15:34+02:00,f1550a53361dff11572b,Bardonecchia,Via des Geneys 3,NUOVO_IMMOBILE,,,,Agenzia Immobiliare,https://www.bardonecchiaamormio.it/
2026-08-27T23:15:34+02:00,9e0ab78177c61bc3bece,Bardonecchia,via Einaudi 27,NUOVO_IMMOBILE,,,,,https://www.immobiliare.it/annunci/131784092/
2026-08-27T23:15:34+02:00,f113213e940ae926130e,Bardonecchia,via Einaudi 27,NUOVO_IMMOBILE,,,,,https://www.immobiliare.it/annunci/131821402/
2026-08-27T23:15:34+02:00,e4fcd9be27c2991a95c3,Bardonecchia,via G. F. Medail 100B,NUOVO_IMMOBILE,,,,,https://www.immobiliare.it/annunci/130514828/
2026-08-27T23:15:34+02:00,42b37696206183c8ff32,Bardonecchia,via Genova 9,NUOVO_IMMOBILE,,,,,https://www.immobiliare.it/annunci/131110054/
2026-08-27T23:15:34+02:00,fdd13f6e279963fa5cbe,Bardonecchia,via Medail 98,NUOVO_IMMOBILE,,,,,https://www.immobiliare.it/annunci/127405041/
2026-08-27T23:15:34+02:00,9114bb5abdb174c6e8b6,Bardonecchia,via Montello 7,NUOVO_IMMOBILE,,,,,https://www.immobiliare.it/annunci/129900654/
2026-08-27T23:15:34+02:00,a9fc2fa8c757694b8f47,Borgone Susa,,NUOVO_IMMOBILE,,,,,https://www.immobiliare.it/annunci/108745377/
2026-08-27T23:15:34+02:00,f279b77bc16ee4786ed7,Borgone Susa,,NUOVO_IMMOBILE,,350000.0,,,https://www.immobiliare.it/annunci/126723751/
2026-08-27T23:15:34+02:00,259c53008adc47e68346,Borgone Susa,Via A. Abegg 41,NUOVO_IMMOBILE,,87000.0,,,https://www.idealista.it/immobile/36629494/
2026-08-27T23:15:34+02:00,a43e6a52b463a2f02a93,Borgone Susa,Via Dei Gravè 4,NUOVO_IMMOBILE,,,,,https://www.idealista.it/immobile/36637574/
2026-08-27T23:15:34+02:00,4636196af630315b8a87,Borgone Susa,Via Monte Bianco 60/A,NUOVO_IMMOBILE,,,,,https://www.tecnocasa.it/vendita/ville/torino/borgone-susa/61255852.html
2026-08-27T23:15:34+02:00,36df642c95ebadc51a9a,Borgone Susa,via A. Abegg 18,NUOVO_IMMOBILE,,,,,https://www.immobiliare.it/annunci/131271224/
2026-08-27T23:15:34+02:00,580535b8abe40557f323,Borgone Susa,via Abegg 18,NUOVO_IMMOBILE,,,,,https://www.immobiliare.it/annunci/125219057/
2026-08-27T23:15:34+02:00,a4d364c5ffd5f86bf2ba,Borgone Susa,via Augusto Abegg 41,NUOVO_IMMOBILE,,,,,https://www.immobiliare.it/annunci/127550838/
2026-08-27T23:15:34+02:00,cbe57f4cb885a79a3f73,Borgone Susa,via Augusto Abegg 79,NUOVO_IMMOBILE,,,,,https://www.immobiliare.it/annunci/116242543/
2026-08-27T23:15:34+02:00,a715dfd5c3969035c568,Borgone Susa,via Condove 3,NUOVO_IMMOBILE,,,,,https://www.immobiliare.it/annunci/123006226/
2026-08-27T23:15:34+02:00,93aca0f4b12f1f8c2223,Borgone Susa,via Montenero 13,NUOVO_IMMOBILE,,,,,https://www.immobiliare.it/annunci/122226200/
2026-08-27T23:15:34+02:00,2d3bbb1079093ec10b90,Borgone Susa,via Tarro Boiro 26,NUOVO_IMMOBILE,,,,,https://www.immobiliare.it/annunci/117236507/
2026-08-27T23:15:34+02:00,83d798285542757f6948,Borgone Susa,via Tarro Boiro 5,NUOVO_IMMOBILE,,,,,https://www.immobiliare.it/annunci/127215327/
2026-08-27T23:15:34+02:00,c04b26514366b8fa03ad,Bruzolo,,NUOVO_IMMOBILE,,,,,https://www.trovacasa.it/annunci/to-tc-96536-72839695
2026-08-27T23:15:34+02:00,15b4ee9495d423ee6ee1,Bussoleno,,NUOVO_IMMOBILE,,,,,https://www.immobiliare.it/annunci/106722631/
2026-08-27T23:15:34+02:00,293d1cf053810dbb6be8,Bussoleno,Strada Monginevro 7/a,NUOVO_IMMOBILE,,,,,https://www.immobiliare.it/annunci/106297853/
2026-08-27T23:15:34+02:00,abce8d4ae84a624dcccb,Bussoleno,via bussoleno 26,NUOVO_IMMOBILE,,,,,https://www.immobiliare.it/annunci/128788718/
2026-08-27T23:15:34+02:00,da9efafcd4f50168b7f4,Bussoleno,via bussoleno 7,NUOVO_IMMOBILE,,,,,https://www.immobiliare.it/annunci/129460110/
2026-08-27T23:15:34+02:00,886d1cdb35b744cc6828,Caprie,,NUOVO_IMMOBILE,,,,,https://www.nestoria.it/immobiliare/vendita/via-caprie
2026-08-27T23:15:34+02:00,0b09338fe19b85e4018f,Caprie,,NUOVO_IMMOBILE,,,,,https://www.immobiliare.it/annunci/129986868/
2026-08-27T23:15:34+02:00,95f568cdf73d82fc00d2,Caselette,,NUOVO_IMMOBILE,,,,,https://www.immobiliare.it/annunci/131977156/
2026-08-27T23:15:34+02:00,471f5426ac3d280c9982,Chianocco,,NUOVO_IMMOBILE,,,,,https://www.astalegale.net/Aste/Detail/B2404054-Abitazione-di-tipo-civile-Via-Primo--Maggio-4C-10050-Chianocco-TO-Italia-Chianocco
2026-08-27T23:15:34+02:00,f4d73c737f242510b5f1,Chianocco,frazione Pavaglione 169,NUOVO_IMMOBILE,,,,,https://www.immobiliare.it/annunci/131964796/
2026-08-27T23:15:34+02:00,dbe7559f33687c274796,Chianocco,"frazione Vernetto, 76B",NUOVO_IMMOBILE,,,,,https://www.trovacasa.it/annunci/to-tc-15368-72855021
2026-08-27T23:15:34+02:00,a7824f0db28164d6088a,Chianocco,frazione Vernetto 18,NUOVO_IMMOBILE,,,,,https://www.immobiliare.it/annunci/129534704/
2026-08-27T23:15:34+02:00,2844059a30e3cef4b52f,Chiusa di San Michele,,NUOVO_IMMOBILE,,,,,https://www.immobiliare.it/annunci/129824558/
2026-08-27T23:15:34+02:00,42ad29995cd40929413c,Chiusa di San Michele,,NUOVO_IMMOBILE,,,,,https://www.immobiliare.it/annunci/115516565/
2026-08-27T23:15:34+02:00,acaf16c741632c94c3ab,Chiusa di San Michele,,NUOVO_IMMOBILE,,,,,https://www.immobiliare.it/annunci/99522756/
2026-08-27T23:15:34+02:00,f0795fb9c8dc6201437f,Chiusa di San Michele,,NUOVO_IMMOBILE,,,,,https://www.immobiliare.it/annunci/123077057/
2026-08-27T23:15:34+02:00,f89adfcb6593471d6a59,Chiusa di San Michele,,NUOVO_IMMOBILE,,158000.0,,,https://www.immobiliare.it/annunci/123533725/
2026-08-27T23:15:34+02:00,853607d470ccfbde73c2,Chiusa di San Michele,via Roma 67,NUOVO_IMMOBILE,,,,,https://www.immobiliare.it/annunci/118486069/
2026-08-27T23:15:34+02:00,2285f383ce12194fa227,Chiusa di San Michele,via Susa 63,NUOVO_IMMOBILE,,,,,https://www.immobiliare.it/annunci/126597219/
2026-08-27T23:15:34+02:00,8a0c8e46d051e91e0e75,Chiusa di San Michele,via Susa 95,NUOVO_IMMOBILE,,,,,https://www.immobiliare.it/annunci/128186392/
2026-08-27T23:15:34+02:00,f2e3501d248e0ef89cc4,Chiusa di San Michele,via Susa 12,NUOVO_IMMOBILE,,,,,https://www.immobiliare.it/annunci/113214711/
2026-08-27T23:15:34+02:00,086c4ff6f635408314c9,Coazze,via Giaveno 8,NUOVO_IMMOBILE,,,,,https://www.immobiliare.it/annunci/130488700/
2026-08-27T23:15:34+02:00,b51cf0b9406ec29a265c,Coazze,"via Giaveno, 6/B",NUOVO_IMMOBILE,,,,,https://www.immobiliare.it/annunci/123443009/
2026-08-27T23:15:34+02:00,58c679b1b8a4fb043c18,Coazze,via coazze 15,NUOVO_IMMOBILE,,,,,https://www.immobiliare.it/annunci/131502528/
2026-08-27T23:15:34+02:00,6a406fb835d2c5970ee4,Coazze,via freinetto 51,NUOVO_IMMOBILE,,,,,https://www.immobiliare.it/annunci/120243018/
2026-08-27T23:15:34+02:00,04eb0f1d371525ebd998,Collegno,,NUOVO_IMMOBILE,,,,,https://www.immobiliare.it/annunci/129397740/
2026-08-27T23:15:34+02:00,6c34b3c22edcb1bea36f,Collegno,,NUOVO_IMMOBILE,,,,,https://www.immobiliare.it/annunci/131509758/
2026-08-27T23:15:34+02:00,88e365b5d6f037d5d42b,Collegno,,NUOVO_IMMOBILE,,,,,https://www.immobiliare.it/annunci/129634170/
2026-08-27T23:15:34+02:00,b15b89ccaf596ebb167c,Collegno,,NUOVO_IMMOBILE,,,,,https://www.immobiliare.it/annunci/130278486/
2026-08-27T23:15:34+02:00,29414c2c3d4dfe2166c4,Collegno,,NUOVO_IMMOBILE,,,,,https://www.immobiliare.it/annunci/131402778/
2026-08-27T23:15:34+02:00,ca0da030b717e3360d8b,Collegno,via Avigliana 13,NUOVO_IMMOBILE,,,,,https://www.immobiliare.it/annunci/130994920/
2026-08-27T23:15:34+02:00,481054f03bba50e95104,Collegno,via Fabbrichetta 1,NUOVO_IMMOBILE,,114000.0,,,https://www.immobiliare.it/annunci/130102440/
2026-08-27T23:15:34+02:00,e64d4c5a548022c400c7,Collegno,via Giorgio La Pira 5,NUOVO_IMMOBILE,,,,,https://www.immobiliare.it/annunci/131303452/
2026-08-27T23:15:34+02:00,0fa34773cd5622539f22,Collegno,via Luigi Galvani 9,NUOVO_IMMOBILE,,,,,https://www.immobiliare.it/annunci/131078454/
2026-08-27T23:15:34+02:00,cffea28e24b42a7d1dcd,Collegno,via Podgora 12,NUOVO_IMMOBILE,,,,,https://www.immobiliare.it/annunci/130165128/
2026-08-27T23:15:34+02:00,197d57669458d716a83c,Condove,,NUOVO_IMMOBILE,,,,,https://www.immobiliare.it/annunci/131981672/
2026-08-27T23:15:34+02:00,68162da087bad313de47,Condove,,NUOVO_IMMOBILE,,,,,https://www.immobiliare.it/annunci/131978636/
2026-08-27T23:15:34+02:00,42e1dec5903115be8ae6,Condove,,NUOVO_IMMOBILE,,,,,https://www.immobiliare.it/annunci/124174757/
2026-08-27T23:15:34+02:00,9050762ab23d48bcc28c,Condove,,NUOVO_IMMOBILE,,,,,https://www.immobiliare.it/annunci/129732716/
2026-08-27T23:15:34+02:00,b4ee045e2b50df5be3f7,Condove,,NUOVO_IMMOBILE,,,,,https://www.immobiliare.it/annunci/131400328/
2026-08-27T23:15:34+02:00,c7ba714e47132eccaf87,Condove,Borgata Belle Fugera 11,NUOVO_IMMOBILE,,,,,https://www.immobiliare.it/annunci/130667076/
2026-08-27T23:15:34+02:00,d0ba81ac1ff6b15c4c7d,Condove,Strada Comunale Condove-Mocchie 39,NUOVO_IMMOBILE,,,,,https://www.immobiliare.it/annunci/130817214/
2026-08-27T23:15:34+02:00,e3edce2f502064931e02,Condove,via Superga 43,NUOVO_IMMOBILE,,,,,https://www.immobiliare.it/annunci/127962114/
2026-08-27T23:15:34+02:00,174d226415cc69f0f798,Giaglione,,NUOVO_IMMOBILE,,,,,https://www.immobiliare.it/annunci/129678060/
2026-08-27T23:15:34+02:00,0e005da1117fe2ac384f,Giaglione,,NUOVO_IMMOBILE,,,,,https://www.casa.it/immobili/52309620/
2026-08-27T23:15:34+02:00,b5f02e5e64e1d3391550,Giaglione,"Frazione Rastella, 34",NUOVO_IMMOBILE,,,,,https://www.idealista.it/immobile/24663313/
2026-08-27T23:15:34+02:00,b94f24311284372b9a49,Giaglione,frazione San Giuseppe Tsèina 36,NUOVO_IMMOBILE,,,,,https://www.immobiliare.it/annunci/90130981/
2026-08-27T23:15:34+02:00,c47fdb740993f40fa870,Giaveno,,NUOVO_IMMOBILE,,20000.0,,,https://case.trovit.it/borgata-giaveno
2026-08-27T23:15:34+02:00,8095fad49fe4175b1b97,Giaveno,Borgata Verna 61,NUOVO_IMMOBILE,,,,,https://www.immobiliare.it/annunci/119442703/
2026-08-27T23:15:34+02:00,ab5f09526069a030b15c,Giaveno,piazza san rocco 6,NUOVO_IMMOBILE,,,,,https://www.immobiliare.it/annunci/118506353/
2026-08-27T23:15:34+02:00,b6b763a29fa3c3d0e01f,Giaveno,via Canonico Pio Rolla 17,NUOVO_IMMOBILE,,,,,https://www.immobiliare.it/annunci/128104366/
2026-08-27T23:15:34+02:00,fed0eacbdb2324ab57b2,Giaveno,via Garnier Valletti 3,NUOVO_IMMOBILE,,,,,https://www.immobiliare.it/annunci/129690260/
2026-08-27T23:15:34+02:00,ceafc0ef709db28d83ae,Giaveno,via San Luigi 50,NUOVO_IMMOBILE,,,,,https://www.immobiliare.it/annunci/127915862/
2026-08-27T23:15:34+02:00,92139a4f6097eabae831,Giaveno,via colle del vento 59,NUOVO_IMMOBILE,,,,,https://www.immobiliare.it/annunci/119350083/
2026-08-27T23:15:34+02:00,21405638c5f6c4f7be84,Giaveno,via genolino 57,NUOVO_IMMOBILE,,,,,https://www.immobiliare.it/annunci/124432485/
2026-08-27T23:15:34+02:00,80aab5b6e1fc5ae2009d,Giaveno,via martiri della libertà 5,NUOVO_IMMOBILE,,,,,https://www.immobiliare.it/annunci/123612449/
2026-08-27T23:15:34+02:00,6ed45a6253b7a0a70b5d,Giaveno,via san michele 61,NUOVO_IMMOBILE,,,,,https://www.immobiliare.it/annunci/131876920/
2026-08-27T23:15:34+02:00,94b50938663aaeef8764,Grugliasco,,NUOVO_IMMOBILE,,,,,https://www.immobiliare.it/annunci/127295393/
2026-08-27T23:15:34+02:00,9fd4f6851ca8e8d0513a,Grugliasco,,NUOVO_IMMOBILE,,,,,https://www.immobiliare.it/annunci/128520118/
2026-08-27T23:15:34+02:00,d472e521085f8b7acdb4,Grugliasco,,NUOVO_IMMOBILE,,,,,https://www.immobiliare.it/annunci/130165320/
2026-08-27T23:15:34+02:00,c899de4ca4bfd68565c3,Grugliasco,Strada della Pronda 165,NUOVO_IMMOBILE,,,,,https://www.immobiliare.it/annunci/124222393/
2026-08-27T23:15:34+02:00,262dfb7ad7c4306f8073,Grugliasco,"Via Michelangelo Buonarroti, 53",NUOVO_IMMOBILE,,,,,https://www.idealista.it/immobile/36137925/
2026-08-27T23:15:34+02:00,70d3e11e2aa8d20c097f,Grugliasco,via Crea 43,NUOVO_IMMOBILE,,,,,https://www.immobiliare.it/annunci/131263920/
2026-08-27T23:15:34+02:00,119ecd03a6eaf7a6f997,Grugliasco,via E. Montanaro 17,NUOVO_IMMOBILE,,,,,https://www.immobiliare.it/annunci/128600174/
2026-08-27T23:15:34+02:00,b9ae98d3cfcdcea88f4d,Grugliasco,via Panealbo 63,NUOVO_IMMOBILE,,,,,https://www.immobiliare.it/annunci/131272958/
2026-08-27T23:15:34+02:00,e6c7be47b42dcc8880b2,Grugliasco,via Severino Doppi 31,NUOVO_IMMOBILE,,,,,https://www.immobiliare.it/annunci/125581333/
2026-08-27T23:15:34+02:00,da907781b303c820b3dc,Grugliasco,via Silvio Allason 20/7,NUOVO_IMMOBILE,,,,,https://www.immobiliare.it/annunci/127997782/
2026-08-27T23:15:34+02:00,eba29ff77d75fc303700,Grugliasco,via Tripoli 46,NUOVO_IMMOBILE,,120000.0,,,https://www.immobiliare.it/annunci/126798329/
2026-08-27T23:15:34+02:00,5dfc120563c743cfcb3c,Mattie,,NUOVO_IMMOBILE,,,,,https://www.subito.it/ville-singole-e-a-schiera/pagamento-a-riscatto-casa-mattie-torino-657112849.htm
2026-08-27T23:15:34+02:00,97af4654b93d08aa31da,Mattie,via Grandi Tanze 39,NUOVO_IMMOBILE,,,,,https://www.immobiliare.it/annunci/130635102/
2026-08-27T23:15:34+02:00,7e109fe0ed2cb0a85471,Mattie,via Torino 7,NUOVO_IMMOBILE,,,,,https://www.immobiliare.it/annunci/127657942/
2026-08-27T23:15:34+02:00,cbf2b622d8b78ca3d0e7,Meana di Susa,,NUOVO_IMMOBILE,,,,,https://www.immobiliare.it/annunci/131674966/
2026-08-27T23:15:34+02:00,9e80e40b0c5de7d6e15d,Meana di Susa,,NUOVO_IMMOBILE,,,,,https://www.immobiliare.it/annunci/125433055/
2026-08-27T23:15:34+02:00,6b18d47ac40182a13334,Oulx,via Bardonecchia 20,NUOVO_IMMOBILE,,,,,https://www.immobiliare.it/annunci/127803216/
2026-08-27T23:15:34+02:00,b348d9e882f958fdc77b,Oulx,via Cotolivier 59,NUOVO_IMMOBILE,,,,,https://www.immobiliare.it/annunci/128523994/
2026-08-27T23:15:34+02:00,3ecc925e9065f2a13fb8,Oulx,via Monginevro 58,NUOVO_IMMOBILE,,,,,https://www.immobiliare.it/annunci/131783632/
2026-08-27T23:15:34+02:00,56fbc649708c798b594b,Oulx,via Papa Giovanni XXIII 21,NUOVO_IMMOBILE,,,,,https://www.immobiliare.it/annunci/130919890/
2026-08-27T23:15:34+02:00,c5da2725455da2101575,Oulx,via Riccardo Ghiotti 148,NUOVO_IMMOBILE,,,,,https://www.immobiliare.it/annunci/131821096/
2026-08-27T23:15:34+02:00,2004958bfd1437540552,Oulx,"via Roma, 49",NUOVO_IMMOBILE,,,,,https://www.immobiliare.it/annunci/127772530/
2026-08-27T23:15:34+02:00,4444935bfd2e1f1c017a,Oulx,via dei Laghi 21,NUOVO_IMMOBILE,,,,,https://www.immobiliare.it/annunci/130810436/
2026-08-27T23:15:34+02:00,bc367408402372c54700,Oulx,via dei Laghi 21,NUOVO_IMMOBILE,,,,,https://www.immobiliare.it/annunci/127499684/
2026-08-27T23:15:34+02:00,dc0ae48bab033d557f7c,Oulx,via dei Laghi 15,NUOVO_IMMOBILE,,,,,https://www.immobiliare.it/annunci/126409423/
2026-08-27T23:15:34+02:00,b8e31e44b1085e67ab6d,Oulx,"vicolo Bouchard, 6",NUOVO_IMMOBILE,,,,,https://www.immobiliare.it/annunci/130837728/
2026-08-27T23:15:34+02:00,799bbf38c573921d8d2d,Pianezza,,NUOVO_IMMOBILE,,,,,https://www.immobiliare.it/annunci/127558102/
2026-08-27T23:15:34+02:00,f19d463b97f43bebb649,Pianezza,,NUOVO_IMMOBILE,,,,,https://www.immobiliare.it/annunci/121363772/
2026-08-27T23:15:34+02:00,1b26af1c28ed10d56940,Pianezza,via Bachelet 13,NUOVO_IMMOBILE,,,,,https://www.immobiliare.it/annunci/128427944/
2026-08-27T23:15:34+02:00,cf9e4b81f9a1434111fd,Pianezza,via San Gillio 46,NUOVO_IMMOBILE,,,,,https://www.immobiliare.it/annunci/131472472/
2026-08-27T23:15:34+02:00,aabfef523bce128e3382,Reano,,NUOVO_IMMOBILE,,,,,https://www.immobiliare.it/annunci/131981532/
2026-08-27T23:15:34+02:00,d2bd08eddac26ed1a074,Rivoli,,NUOVO_IMMOBILE,,,,,https://www.immobiliare.it/annunci/129982044/
2026-08-27T23:15:34+02:00,70e728b2689fba4722b3,Rivoli,via Aosta 19,NUOVO_IMMOBILE,,,,,https://www.immobiliare.it/annunci/126971709/
2026-08-27T23:15:34+02:00,dcb35395a395acea7ae4,Rivoli,via Fratelli Macario 7,NUOVO_IMMOBILE,,,,,https://www.immobiliare.it/annunci/130233618/
2026-08-27T23:15:34+02:00,928d236f4627ea6541db,Rivoli,via Giorgio Vecco 44,NUOVO_IMMOBILE,,,,,https://www.immobiliare.it/annunci/131593822/
2026-08-27T23:15:34+02:00,95daa95375c1beacaa41,Rivoli,via Giovanni Battista Rossano 24,NUOVO_IMMOBILE,,,,,https://www.immobiliare.it/annunci/121791604/
2026-08-27T23:15:34+02:00,9c510a2af8575eb0a643,Rivoli,via Monte Rosa 35,NUOVO_IMMOBILE,,,,,https://www.immobiliare.it/annunci/131548616/
2026-08-27T23:15:34+02:00,5e8cefea3f3f013cd55a,Rivoli,via Unità d'Italia 1,NUOVO_IMMOBILE,,,,,https://www.immobiliare.it/annunci/131345686/
2026-08-27T23:15:34+02:00,ec850d41b673f0b7d682,Rivoli,via capra 21,NUOVO_IMMOBILE,,,,,https://www.immobiliare.it/annunci/131988316/
2026-08-27T23:15:34+02:00,8d8ec426a42d2bcc0cd5,Rivoli,via ivrea 8,NUOVO_IMMOBILE,,,,,https://www.immobiliare.it/annunci/130344492/
2026-08-27T23:15:34+02:00,cb076c4ce5757ffd7015,Rivoli,via omegna 5,NUOVO_IMMOBILE,,,,,https://www.immobiliare.it/annunci/128878218/
2026-08-27T23:15:34+02:00,7489a9d13dca5f20bcc9,Rosta,,NUOVO_IMMOBILE,,,,,https://www.immobiliare.it/annunci/131542006/
2026-08-27T23:15:34+02:00,bdb621f5106a1e00b8f3,Rosta,,NUOVO_IMMOBILE,,,,,https://www.immobiliare.it/annunci/131126214/
2026-08-27T23:15:34+02:00,aec426651d0797a12430,Rosta,piazza san michele 1,NUOVO_IMMOBILE,,,,,https://www.immobiliare.it/annunci/129761124/
2026-08-27T23:15:34+02:00,96849ca7cc5aaa775753,Rosta,via Buttigliera Alta 32,NUOVO_IMMOBILE,,339000.0,,,https://www.immobiliare.it/annunci/130705532/
2026-08-27T23:15:34+02:00,259b89bb69007a1f300c,Rosta,via Piave 53,NUOVO_IMMOBILE,,,,,https://www.immobiliare.it/annunci/129504650/
2026-08-27T23:15:34+02:00,322a0544d228ca554e8e,Rosta,via Rivoli 118,NUOVO_IMMOBILE,,,,,https://www.immobiliare.it/annunci/118150377/
2026-08-27T23:15:34+02:00,07d921a211aebcb3c390,Rosta,via Rosta 185,NUOVO_IMMOBILE,,,,,https://www.immobiliare.it/annunci/125478555/
2026-08-27T23:15:34+02:00,b30de5508524b7f757a4,Rosta,via corbiglia 36,NUOVO_IMMOBILE,,,,,https://www.immobiliare.it/annunci/122421324/
2026-08-27T23:15:34+02:00,42bf0cfac621f2374bbb,Rosta,via rosta 12,NUOVO_IMMOBILE,,,,,https://www.immobiliare.it/annunci/130152860/
2026-08-27T23:15:34+02:00,8d7f6384000976d0654e,Rubiana,,NUOVO_IMMOBILE,,,,,https://www.immobiliare.it/annunci/122249368/
2026-08-27T23:15:34+02:00,24684ed0769865bcf1c7,Rubiana,"Borgata Balma, 14",NUOVO_IMMOBILE,,,,,https://www.immobiliare.it/annunci/131773094/
2026-08-27T23:15:34+02:00,595e2739298feb68174f,Rubiana,Borgata Favella 1,NUOVO_IMMOBILE,,,,,https://www.immobiliare.it/annunci/127662822/
2026-08-27T23:15:34+02:00,8e3e860ef1f0b9889378,Rubiana,"Borgata Grattasola, 14",NUOVO_IMMOBILE,,,,,https://www.idealista.it/immobile/36620961/
2026-08-27T23:15:34+02:00,c684f554507f5ebd307c,Rubiana,Borgata Ruatta 2,NUOVO_IMMOBILE,,,,,https://www.immobiliare.it/annunci/119974160/
2026-08-27T23:15:34+02:00,bac5cd3d25ab466c792b,Rubiana,"via Roma, 54",NUOVO_IMMOBILE,,,,,https://www.immobiliare.it/annunci/131772870/
2026-08-27T23:15:34+02:00,680f8ea7327f95ec5b09,San Didero,,NUOVO_IMMOBILE,,,,,https://www.immobiliare.it/annunci/126137637/
2026-08-27T23:15:34+02:00,31343de624d175b5b4eb,San Didero,Via Roma 34,NUOVO_IMMOBILE,,10500.0,,,https://www.immobiliallasta.it/immobili/torino/san-didero/ex8025918/magazzino-all-asta-in-via-roma-34-10050-san-didero-to
2026-08-27T23:15:34+02:00,4a0f049ae0e10d276402,San Didero,via A. Abegg 38,NUOVO_IMMOBILE,,,,,https://www.immobiliare.it/annunci/111808991/
2026-08-27T23:15:34+02:00,28894274f36c5d7ffc13,San Didero,via A.Abegg 1,NUOVO_IMMOBILE,,,,,https://www.immobiliare.it/annunci/124218381/
2026-08-27T23:15:34+02:00,0be582af70680ad85327,San Didero,via Augusto Abegg 5b,NUOVO_IMMOBILE,,,,,https://www.immobiliare.it/annunci/124448323/
2026-08-27T23:15:34+02:00,689a865bcff9be6ed3a5,San Didero,via Braida 9,NUOVO_IMMOBILE,,,,,https://www.immobiliare.it/annunci/113302205/
2026-08-27T23:15:34+02:00,ffb408f2dd47ca1a330c,San Valeriano,via Montenero 13,NUOVO_IMMOBILE,,,,,https://www.immobiliare.it/annunci/106364919/
2026-08-27T23:15:34+02:00,9af2821f9a8356492686,San Valeriano,"via San Valeriano, 20",NUOVO_IMMOBILE,,,,,https://www.immobiliare.it/annunci/105614909/
2026-08-27T23:15:34+02:00,adbc635b662827c103ce,San Valeriano,"via San Valeriano, 20",NUOVO_IMMOBILE,,,,,https://www.immobiliare.it/annunci/104816493/
2026-08-27T23:15:34+02:00,b6aac835ec5a168f5611,San Valeriano,via San Valeriano 20,NUOVO_IMMOBILE,,,,,https://www.immobiliare.it/annunci/104565399/
2026-08-27T23:15:34+02:00,fb3af95c362426cbd9b3,San Valeriano,"via San Valeriano, 20",NUOVO_IMMOBILE,,,,,https://www.immobiliare.it/annunci/130353692/
2026-08-27T23:15:34+02:00,1f3dc385d7385c449f3e,Sant'Antonino di Susa,,NUOVO_IMMOBILE,,,,,https://www.immobiliare.it/annunci/129885150/
2026-08-27T23:15:34+02:00,2046204ba3af2c007ec8,Sant'Antonino di Susa,,NUOVO_IMMOBILE,,,,,https://www.immobiliare.it/annunci/126480489/
2026-08-27T23:15:34+02:00,67b48377a487a1c6ceb4,Sant'Antonino di Susa,,NUOVO_IMMOBILE,,,,,https://www.immobiliare.it/annunci/122250646/
2026-08-27T23:15:34+02:00,684904173c24e695d695,Sant'Antonino di Susa,,NUOVO_IMMOBILE,,,,,https://www.immobiliare.it/annunci/127522378/
2026-08-27T23:15:34+02:00,8d11719409d6f9ec894b,Sant'Antonino di Susa,,NUOVO_IMMOBILE,,34832.0,,,https://www.immobiliare.it/annunci/126297931/
2026-08-27T23:15:34+02:00,abc6d62ef6db46099edd,Sant'Antonino di Susa,,NUOVO_IMMOBILE,,,,,https://www.immobiliare.it/annunci/125755035/
2026-08-27T23:15:34+02:00,c90b39cbdcf72eb5ce76,Sant'Antonino di Susa,,NUOVO_IMMOBILE,,,,,https://www.immobiliare.it/annunci/129972694/
2026-08-27T23:15:34+02:00,261e84f8e505e2db85f6,Sant'Antonino di Susa,via Assietta 1,NUOVO_IMMOBILE,,,,,https://www.immobiliare.it/annunci/130983230/
2026-08-27T23:15:34+02:00,de4fa82af3d6d9f2cbbe,Sant'Antonino di Susa,via Medagli 38,NUOVO_IMMOBILE,,,,,https://www.immobiliare.it/annunci/127496748/
2026-08-27T23:15:34+02:00,eeca5d6d4dae056b4496,Sant'Antonino di Susa,via Roma 11,NUOVO_IMMOBILE,,,,,https://www.immobiliare.it/annunci/110299157/
2026-08-27T23:15:34+02:00,637fc2f379cf1f121422,Susa,,NUOVO_IMMOBILE,,,,,https://www.immobiliare.it/annunci/131901380/
2026-08-27T23:15:34+02:00,6e77305dc2f3f4dfb5f0,Susa,,NUOVO_IMMOBILE,,,,,https://www.immobiliare.it/annunci/126437697/
2026-08-27T23:15:34+02:00,f5c5a1f14fa244eba2a3,Susa,,NUOVO_IMMOBILE,,,,,https://www.immobiliare.it/annunci/109230925/
2026-08-27T23:15:34+02:00,81b83584171c63854a70,Susa,"Via Martiri della Libertà, 14",NUOVO_IMMOBILE,,,,,https://www.idealista.it/immobile/35959937/
2026-08-27T23:15:34+02:00,7b71adbac092ae1856ea,Susa,corso Luciano Couvert 18,NUOVO_IMMOBILE,,,,,https://www.immobiliare.it/annunci/125818695/
2026-08-27T23:15:34+02:00,39754a2e99a55c635568,Susa,via Susa 13,NUOVO_IMMOBILE,,,,,https://www.immobiliare.it/annunci/125737541/
2026-08-27T23:15:34+02:00,b0a7d0abcd8651ee1e80,Susa,via dei Sei Martiri 2,NUOVO_IMMOBILE,,,,,https://www.immobiliare.it/annunci/120695008/
2026-08-27T23:15:34+02:00,9932b5747ea5664c71cd,Trana,"Strada Avigliana, 16",NUOVO_IMMOBILE,,,,,https://www.idealista.it/immobile/36330718/
2026-08-27T23:15:34+02:00,2cb24402a386ebfd57e7,Trana,Via Vercelli 5,NUOVO_IMMOBILE,,,,,https://www.instagram.com/p/C4oYimmIgLl/
2026-08-27T23:15:34+02:00,72dee83c3dfd701790ce,Trana,via Lunga 47,NUOVO_IMMOBILE,,,,,https://www.immobiliare.it/annunci/123857501/
2026-08-27T23:15:34+02:00,8c0c42af989f2372ce92,Vaie,piazza del Priore 2,NUOVO_IMMOBILE,,,,,https://www.immobiliare.it/annunci/130665830/
2026-08-27T23:15:34+02:00,9860452396184262727d,Vaie,via I Maggio 53,NUOVO_IMMOBILE,,,,,https://www.immobiliare.it/annunci/112430743/
2026-08-27T23:15:34+02:00,6a6b833d7e063211380a,Vaie,via Peirolero 28,NUOVO_IMMOBILE,,,,,https://www.immobiliare.it/annunci/115206585/
2026-08-27T23:15:34+02:00,9d6e92e24340b60454ff,Vaie,via Torino 23,NUOVO_IMMOBILE,,,,,https://www.immobiliare.it/annunci/106396335/
2026-08-27T23:15:34+02:00,ff404749d74483689b8b,Val della Torre,,NUOVO_IMMOBILE,,89000.0,,,https://tempocasa.it/it/vendita/torino/val-della-torre/rustico/13807432
2026-08-27T23:15:34+02:00,fefd88639f00cbf0c5a0,Val della Torre,via Borgo Nuovo 18,NUOVO_IMMOBILE,,,,,https://www.immobiliare.it/annunci/126543177/
2026-08-27T23:15:34+02:00,a33309cbda090576acfe,Val della Torre,via Castello 71,NUOVO_IMMOBILE,,,,,https://www.immobiliare.it/annunci/130837718/
2026-08-27T23:15:34+02:00,c9f94affa32cbe41ce51,Valgioie,,NUOVO_IMMOBILE,,,,,https://www.immobiliare.it/annunci/126433467/
2026-08-27T23:15:34+02:00,5b4decbf9990e8b86338,Valgioie,Borgata Chiapero 44,NUOVO_IMMOBILE,,,,,https://www.immobiliare.it/annunci/128293754/
2026-08-27T23:15:34+02:00,0034b83033396e02fc69,Valgioie,Borgata Chiapero 6,NUOVO_IMMOBILE,,,,,https://www.immobiliare.it/annunci/113536897/
2026-08-27T23:15:34+02:00,0887ebd4685fa236a3fe,Valgioie,via Valgioie 88,NUOVO_IMMOBILE,,,,,https://www.immobiliare.it/annunci/130920012/
2026-08-27T23:15:34+02:00,ca0684c655b37a793693,Valgioie,via Valgioie 60,NUOVO_IMMOBILE,,,,,https://www.immobiliare.it/annunci/131854878/
2026-08-27T23:15:34+02:00,0dfabc0b971628c81560,Venaus,Frazione Bar Cenisio 24,NUOVO_IMMOBILE,,,,,https://www.casa.it/immobili/54545291/
2026-08-27T23:15:34+02:00,638ecb973cd468a12511,Villar Dora,via Borgionera 6,NUOVO_IMMOBILE,,,,,https://www.immobiliare.it/annunci/127214869/
2026-08-27T23:15:34+02:00,e9cd9f2cd1664d6bd4a9,Villar Focchiardo,,NUOVO_IMMOBILE,,,,,https://www.immobiliare.it/annunci/131963176/
2026-08-27T23:15:34+02:00,f1b24648481c203daa1d,Villar Focchiardo,,NUOVO_IMMOBILE,,,,,https://www.casa.it/immobili/54614855/
2026-08-27T23:15:34+02:00,7acebfa5f82ae753b43b,Villar Focchiardo,,NUOVO_IMMOBILE,,,,,https://www.idealista.it/immobile/36647671/
2026-08-27T23:15:34+02:00,2161ce4ea4de693f4765,Villar Focchiardo,via Copotti 2,NUOVO_IMMOBILE,,,,,https://www.immobiliare.it/annunci/124112589/
2026-08-27T23:15:34+02:00,3c92d5547de0aa003c39,Villarbasse,,NUOVO_IMMOBILE,,,,,https://www.immobiliare.it/annunci/131967142/
2026-08-27T23:15:34+02:00,a70e7e0d18fe24b11e05,Villarbasse,,NUOVO_IMMOBILE,,,,,https://www.immobiliare.it/annunci/123034933/
2026-08-27T23:15:34+02:00,ab58fcaa85e3ab13d154,Villarbasse,,NUOVO_IMMOBILE,,,,,https://www.immobiliare.it/annunci/131896744/
2026-08-27T23:15:34+02:00,a3687ad005eb6451a0c1,Villarbasse,Strada Camporosso 6,NUOVO_IMMOBILE,,,,,https://www.immobiliare.it/annunci/122078736/
2026-08-27T23:15:34+02:00,67c98d4efdbe9456757c,Villarbasse,via Fratelli Roasio 9,NUOVO_IMMOBILE,,,,,https://www.immobiliare.it/annunci/130691968/
2026-08-27T23:15:34+02:00,f818edf2e4a569ab5d25,Villarbasse,via San Rocco 9/B,NUOVO_IMMOBILE,,49000.0,,,https://www.immobiliare.it/annunci/124965305/
2026-08-27T23:15:34+02:00,390680d571a03e8897b2,Villarbasse,"via Villarbasse, 68",NUOVO_IMMOBILE,,,,,https://www.immobiliare.it/annunci/131283938/
2026-08-27T23:15:34+02:00,88cbb203c8264b386ab8,Villarbasse,via Villarbasse 68,NUOVO_IMMOBILE,,,,,https://www.immobiliare.it/annunci/131931692/
2026-08-27T23:15:34+02:00,b66f558bdd1ffad2f611,Villarbasse,via casotto 1,NUOVO_IMMOBILE,,,,,https://www.immobiliare.it/annunci/124437845/
