AGENZIA,COMUNI,STOCK_ATTIVO,NUOVI_30G,USCITE_OSSERVATE_30G,VENDUTI_CONFERMATI,RIBASSI_30G,PERMANENZA_MEDIANA_GG,GIORNI_MEDI_PRIMO_RIBASSO,RIBASSO_MEDIO_PCT,TURNOVER_OSSERVATO_30G_PCT,SCORE_OPERATIVO,NOTA
Avigliana - Immobiliare,Avigliana,0,5,5,0,1,1.0,3.0,61.67,500.0,100,Uscita osservata != vendita certa
La TEMPOCASA,Beinasco,0,3,3,0,0,0.0,,,300.0,100,Uscita osservata != vendita certa
"immobiliare/""","Alpignano, Bardonecchia, Beinasco",0,3,3,0,0,4.0,,,300.0,100,Uscita osservata != vendita certa
Agenzia Immobiliare,Bardonecchia,0,2,2,0,0,4.5,,,200.0,100,Uscita osservata != vendita certa
la F.C. Immobiliare,Borgone Susa,0,2,2,0,0,3.5,,,200.0,100,Uscita osservata != vendita certa
la Grimaldi Immobiliare,"Almese, Beinasco",0,1,2,0,0,11.5,,,200.0,100,Uscita osservata != vendita certa
CASEINPIEMONTE -Agenzia immobiliare di Rivoli e Alpignano,Buttigliera Alta,0,1,1,0,1,11.0,6.0,20.36,100.0,63.0,Uscita osservata != vendita certa
Casa indipendente in vendita a Bruzolo TO. La F.C. Immobiliare,Bruzolo,0,1,1,0,1,12.0,5.0,84.56,100.0,63.0,Uscita osservata != vendita certa
AD AVIGLIANA AVIGLIANA - Nel centro del paese di Avigliana l'agenzia immobiliare,Avigliana,0,1,1,0,0,7.0,,,100.0,61.0,Uscita osservata != vendita certa
Almese - idealista RUSTICO CON VISTA PANORAMICALa FC Immobiliare,Almese,0,1,1,0,0,13.0,,,100.0,61.0,Uscita osservata != vendita certa
Almese. Buono ... Gabetti Rivoli,Almese,0,1,1,0,0,4.0,,,100.0,61.0,Uscita osservata != vendita certa
Alp.375 - TEMPOCASA ALPIGNANO,Alpignano,0,1,1,0,0,19.0,,,100.0,61.0,Uscita osservata != vendita certa
Alpignano - Immobiliare,Alpignano,1,2,1,0,0,2.0,,,100.0,61.0,Uscita osservata != vendita certa
Avigliana La GNM IMMOBILIARE,Avigliana,0,1,1,0,0,0.0,,,100.0,61.0,Uscita osservata != vendita certa
Avigliana. Quadrilocale in via Don Luigi Balbiano ... Brickhome,Avigliana,0,1,1,0,0,0.0,,,100.0,61.0,Uscita osservata != vendita certa
Avigliana. Quadrilocale in via Drubiaglio 8 ... L'appartamento,Avigliana,0,1,1,0,0,3.0,,,100.0,61.0,Uscita osservata != vendita certa
Bardonecchia - Immobiliare,Bardonecchia,0,1,1,0,0,0.0,,,100.0,61.0,Uscita osservata != vendita certa
Bilocale in piazza Kennedy. Buono stato ... Il gruppo Compro Casa,Beinasco,0,1,1,0,0,0.0,,,100.0,61.0,Uscita osservata != vendita certa
CC010 - In zona residenziale la TEMPOCASA DI CONDOVE,Caprie,0,1,1,0,0,3.0,,,100.0,61.0,Uscita osservata != vendita certa
CasaScan Caseitalia,Beinasco,0,1,1,0,0,0.0,,,100.0,61.0,Uscita osservata != vendita certa
Collegno. Bilocale in via Avigliana 13. Nuovo ... Il complesso,Avigliana,0,1,1,0,0,1.0,,,100.0,61.0,Uscita osservata != vendita certa
EK-122347108 Appartamento in centro paese La F.C. Immobiliare,Borgone Susa,0,1,1,0,0,14.0,,,100.0,61.0,Uscita osservata != vendita certa
Fondocasa TORINO FILADELFIA STADIO OLIMPICO,Coazze,0,1,1,0,0,29.0,,,100.0,61.0,Uscita osservata != vendita certa
Gabetti Grugliasco,Alpignano,0,1,1,0,0,17.0,,,100.0,61.0,Uscita osservata != vendita certa
Homepanda,Bussoleno,0,1,1,0,0,0.0,,,100.0,61.0,Uscita osservata != vendita certa
L'agenzia Tecnocasa Bardonecchia,Bardonecchia,0,1,1,0,0,8.0,,,100.0,61.0,Uscita osservata != vendita certa
Mq 100 La Tempocasa di Beinasco,Beinasco,0,1,1,0,0,0.0,,,100.0,61.0,Uscita osservata != vendita certa
Nel cuore del paese in posizione comoda a tutti i servizi la Grimaldi Immobiliare,Beinasco,0,1,1,0,0,4.0,,,100.0,61.0,Uscita osservata != vendita certa
RO499 - Tempocasa Bruino,Bruino,0,1,1,0,0,4.0,,,100.0,61.0,Uscita osservata != vendita certa
Rif. 110515307 - Immobiliare,Beinasco,0,1,1,0,0,5.0,,,100.0,61.0,Uscita osservata != vendita certa
Rif. 125835137 - Immobiliare,Bruino,0,1,1,0,0,3.0,,,100.0,61.0,Uscita osservata != vendita certa
Rif. 132000372 - Immobiliare,Caprie,0,1,1,0,0,17.0,,,100.0,61.0,Uscita osservata != vendita certa
Rif. 132169640 - Immobiliare,Almese,0,1,1,0,0,4.0,,,100.0,61.0,Uscita osservata != vendita certa
Rif. 132230126 - Immobiliare,Bruino,0,1,1,0,0,4.0,,,100.0,61.0,Uscita osservata != vendita certa
Rif. 132264762 - Immobiliare,Avigliana,0,1,1,0,0,0.0,,,100.0,61.0,Uscita osservata != vendita certa
Trilocale in via Don Luigi Balbiano 11 ... Caseitalia di Rosta,Avigliana,0,1,1,0,0,4.0,,,100.0,61.0,Uscita osservata != vendita certa
VILLA INDIPENDENTE CON AMPIO GIARDINO -Brickhome in esclusiva,Avigliana,0,1,1,0,0,3.0,,,100.0,61.0,Uscita osservata != vendita certa
Val della Torre - Immobiliare,Alpignano,0,1,1,0,0,0.0,,,100.0,61.0,Uscita osservata != vendita certa
Via Avigliana 15,Avigliana,0,1,1,0,0,10.0,,,100.0,61.0,Uscita osservata != vendita certa
Via San Lorenzo 2 - 54425376 ... COMPLESSO IMMOBILIARE,Bussoleno,0,1,1,0,0,9.0,,,100.0,61.0,Uscita osservata != vendita certa
al primo piano di uno stabile dotato di ascensore. L'immobile si,Beinasco,0,1,1,0,0,0.0,,,100.0,61.0,Uscita osservata != vendita certa
ampio complesso immobiliare,Caprie,0,1,1,0,0,4.0,,,100.0,61.0,Uscita osservata != vendita certa
annuncio Vedi il telefono Codice dell'annuncio 29849422 Professionista Immobiliare,Borgone Susa,0,1,1,0,0,6.0,,,100.0,61.0,Uscita osservata != vendita certa
bagno finestrato e spazioso terrazzo esterno. L'immobile,Beinasco,0,1,1,0,0,0.0,,,100.0,61.0,Uscita osservata != vendita certa
"beinasco/"" itemprop=""item"" title=""Agenzia Beinasco",Beinasco,0,1,1,0,0,0.0,,,100.0,61.0,Uscita osservata != vendita certa
centrale è comodissima ai servizi principali la Grimaldi di Borgaretto,Beinasco,0,1,1,0,0,0.0,,,100.0,61.0,Uscita osservata != vendita certa
e si,Trana,0,1,1,0,0,5.0,,,100.0,61.0,Uscita osservata != vendita certa
"id=""8870"" data-sede-id=""5"" data-sedeaw-id=""0"" data-agente-id=""0"" data-site-id=""3371"" data-gruppo-id=""0"" data-page=""immob",Bruzolo,0,1,1,0,0,4.0,,,100.0,61.0,Uscita osservata != vendita certa
ideale per chi cerca una soluzione pronta da abitare. L'immobile si,Alpignano,0,1,1,0,0,0.0,,,100.0,61.0,Uscita osservata != vendita certa
"immobiliare-collegno-96116""",Alpignano,0,1,1,0,0,0.0,,,100.0,61.0,Uscita osservata != vendita certa
in via Dante Alighieri 6 ... BEINASCO - 2 LOCALI - CENTRO - P&T Immobiliare,Beinasco,0,1,1,0,0,8.0,,,100.0,61.0,Uscita osservata != vendita certa
la Gabetti di Grugliasco,Beinasco,0,1,1,0,0,0.0,,,100.0,61.0,Uscita osservata != vendita certa
la Grimaldi immobiliare,Beinasco,0,1,1,0,0,1.0,,,100.0,61.0,Uscita osservata != vendita certa
locali - Immobiliare,Alpignano,0,1,1,0,0,9.0,,,100.0,61.0,Uscita osservata != vendita certa
metri da Piazza del Popolo. Scopri questa meravigliosa opportunità immobiliare,Avigliana,0,1,1,0,0,17.0,,,100.0,61.0,Uscita osservata != vendita certa
nel centro storico di Bruzolo si,Bruzolo,0,1,1,0,0,4.0,,,100.0,61.0,Uscita osservata != vendita certa
"panel"" class=""accordion-collapse"" aria-labelledby=""filtriav-tipoagenzia-heading""",Beinasco,0,1,1,0,0,0.0,,,100.0,61.0,Uscita osservata != vendita certa
per chi cerca una soluzione pronta da abitare o un ottimo investimento immobiliare,Val della Torre,0,1,1,0,0,0.0,,,100.0,61.0,Uscita osservata != vendita certa
proponiamo interessantissima opportunità immobiliare,Alpignano,0,1,1,0,0,0.0,,,100.0,61.0,Uscita osservata != vendita certa
rif. 126452785 - Immobiliare,Almese,0,1,1,0,0,6.0,,,100.0,61.0,Uscita osservata != vendita certa
rif. 131984330 ... OTTIMA OCCASIONE - ASTA IMMOBILIARE,Caselette,0,1,1,0,0,4.0,,,100.0,61.0,Uscita osservata != vendita certa
un meraviglioso giardino piantumato e soleggiato. Questa stupenda unità immobiliare,Avigliana,0,1,1,0,0,4.0,,,100.0,61.0,Uscita osservata != vendita certa
Borgone Susa - Immobiliare,Borgone Susa,2,3,1,0,0,22.0,,,50.0,33.5,Uscita osservata != vendita certa
Beinasco - Immobiliare,Beinasco,2,2,0,0,1,5.0,1.0,0.0,0.0,2.0,Uscita osservata != vendita certa
RE/MAX Italia Vendita Casa Semindipendente Corso Susa,Caselette,1,1,0,0,1,23.0,18.0,95.34,0.0,2.0,Uscita osservata != vendita certa
BEINASCO - VIA RONDO' BERNARDO ImmobilTO Group Real Estate,Beinasco,1,1,0,0,0,1.0,,,0.0,0.0,Uscita osservata != vendita certa
Bardonecchia. Bilocale in viale Callet 19. Buono ... L'unità immobiliare,Bardonecchia,1,1,0,0,0,18.0,,,0.0,0.0,Uscita osservata != vendita certa
Borgaretto 3 ... La Tempocasa di Beinasco,Beinasco,1,1,0,0,0,2.0,,,0.0,0.0,Uscita osservata != vendita certa
Bruino - Immobiliare,Bruino,1,1,0,0,0,5.0,,,0.0,0.0,Uscita osservata != vendita certa
EK-124293539 Villa di Ampia Metratura a Borgone Susa La F.C. Immobiliare,Borgone Susa,1,1,0,0,0,10.0,,,0.0,0.0,Uscita osservata != vendita certa
Rif. 124659479 - Immobiliare,Avigliana,1,1,0,0,0,2.0,,,0.0,0.0,Uscita osservata != vendita certa
Rif. 127650474 - Immobiliare,Alpignano,1,1,0,0,0,15.0,,,0.0,0.0,Uscita osservata != vendita certa
Rif. 127961230 - Immobiliare,Beinasco,1,1,0,0,0,0.0,,,0.0,0.0,Uscita osservata != vendita certa
Rif. 132249964 - Immobiliare,Alpignano,1,1,0,0,0,9.0,,,0.0,0.0,Uscita osservata != vendita certa
Torino. Quadrilocale in via bussoleno 21. Buono ... L'appartamento si,Bussoleno,1,1,0,0,0,15.0,,,0.0,0.0,Uscita osservata != vendita certa
al primo piano di una porzione di casa. L'immobile si,Borgone Susa,1,1,0,0,0,22.0,,,0.0,0.0,Uscita osservata != vendita certa
in via bussoleno 26. Ottimo ... L'agenzia Tempocasa Torino Cenisia,Bussoleno,1,1,0,0,0,23.0,,,0.0,0.0,Uscita osservata != vendita certa
la Larry immobiliare,Bardonecchia,1,1,0,0,0,14.0,,,0.0,0.0,Uscita osservata != vendita certa
la TEMPOCASA DI CONDOVE,Almese,1,1,0,0,0,23.0,,,0.0,0.0,Uscita osservata != vendita certa
lo Studio Immobiliare,Beinasco,1,1,0,0,0,11.0,,,0.0,0.0,Uscita osservata != vendita certa
posto ... Caseinpiemonte Rivoli 011 956 15 00,Alpignano,1,1,0,0,0,1.0,,,0.0,0.0,Uscita osservata != vendita certa
proponiamo una splendida unità immobiliare,Almese,1,1,0,0,0,23.0,,,0.0,0.0,Uscita osservata != vendita certa
ref. 129022660 - Immobiliare,Almese,1,1,0,0,0,29.0,,,0.0,0.0,Uscita osservata != vendita certa
un'opportunità di investimento immobiliare,Caselette,1,1,0,0,0,28.0,,,0.0,0.0,Uscita osservata != vendita certa
