COMUNE,TIPOLOGIA,STOCK_ATTIVO,USCITE_OSSERVATE,PREZZO_MEDIANO,PREZZO_MQ_MEDIANO,PERMANENZA_MEDIANA_GG,RIBASSO_MEDIO_PCT
Almese,altro,1,3,435000.0,,0.0,
Almese,appartamento,4,5,29000.0,1160.0,12.0,0.0
Almese,casa indipendente,3,7,152000.0,448.49,9.5,
Almese,commerciale,1,8,140000.0,,0.0,4.04
Almese,mansarda,1,0,,,0.0,
Almese,terreno,1,1,,,23.0,
Almese,villa,2,17,,,4.0,0.0
Alpignano,altro,2,2,18000.0,,16.0,83.64
Alpignano,appartamento,14,27,184000.0,,2.0,26.86
Alpignano,casa indipendente,1,5,248000.0,1653.33,3.5,0.0
Alpignano,commerciale,4,9,192500.0,698.87,5.0,0.0
Alpignano,rustico/casale,0,1,,,0.0,
Alpignano,terreno,1,0,117560.0,,0.0,
Alpignano,villa,3,25,298000.0,2980.0,2.5,
Avigliana,altro,1,3,20000.0,,3.5,71.01
Avigliana,appartamento,8,48,176500.0,,3.0,39.86
Avigliana,casa indipendente,0,4,,,2.0,
Avigliana,commerciale,0,8,,,3.0,15.15
Avigliana,rustico/casale,0,1,,,25.0,
Avigliana,villa,6,21,222500.0,1079.0,3.0,0.0
Bardonecchia,altro,0,5,,,1.0,
Bardonecchia,appartamento,13,18,129000.0,,7.0,
Bardonecchia,commerciale,2,0,8000.0,,30.0,97.19
Bardonecchia,rustico/casale,1,0,,,33.0,
Bardonecchia,villa,1,2,160000.0,,8.0,
Beinasco,altro,1,9,125000.0,954.2,0.0,
Beinasco,appartamento,17,60,97000.0,694.44,1.0,8.28
Beinasco,casa indipendente,0,1,,,0.0,
Beinasco,commerciale,2,9,595000.0,2790.7,5.0,97.16
Beinasco,mansarda,0,1,,,0.0,
Beinasco,terreno,0,6,,,2.5,0.0
Beinasco,villa,2,7,283500.0,1063.04,4.0,
Borgone Susa,altro,0,1,,,13.0,
Borgone Susa,appartamento,14,21,87000.0,915.79,15.0,0.0
Borgone Susa,casa indipendente,0,12,,,7.0,0.0
Borgone Susa,villa,4,18,229250.0,,22.0,
Bruino,altro,0,1,,,0.0,
Bruino,appartamento,15,15,210000.0,3833.33,3.0,0.0
Bruino,casa indipendente,1,3,169000.0,177.89,2.0,
Bruino,commerciale,7,3,215000.0,540.0,12.5,0.0
Bruino,rustico/casale,2,2,530000.0,3117.65,12.0,0.0
Bruino,villa,3,12,259000.0,,0.0,
Bruzolo,altro,0,2,,,0.0,
Bruzolo,appartamento,2,4,250000.0,,3.0,
Bruzolo,casa indipendente,1,4,23000.0,,4.0,50.0
Bruzolo,rustico/casale,0,3,,,6.0,0.0
Bruzolo,villa,3,2,285000.0,1357.14,0.0,0.0
Bussoleno,altro,0,1,,,0.0,
Bussoleno,appartamento,4,4,209500.0,4700.0,16.5,0.0
Bussoleno,casa indipendente,0,3,,,4.0,
Bussoleno,commerciale,1,3,,,1.5,
Bussoleno,villa,1,1,185000.0,,15.0,
Buttigliera Alta,altro,2,2,15000.0,,29.0,90.57
Buttigliera Alta,appartamento,7,4,87000.0,1127.66,6.0,
Buttigliera Alta,casa indipendente,1,3,79000.0,,4.5,71.27
Buttigliera Alta,commerciale,2,5,,,2.0,
Buttigliera Alta,villa,5,7,225000.0,375.0,16.0,
Caprie,altro,0,5,,,0.0,
Caprie,appartamento,1,7,,,1.0,
Caprie,casa indipendente,2,2,,,1.5,
Caprie,commerciale,0,3,,,7.0,
Caprie,rustico/casale,0,1,,,4.0,
Caprie,villa,1,2,49000.0,,3.0,
Caselette,altro,1,5,,,7.0,95.34
Caselette,appartamento,7,19,,,3.5,
Caselette,casa indipendente,1,5,,,7.5,57.78
Caselette,terreno,0,1,,,9.0,
Caselette,villa,2,9,,,7.0,
Chianocco,altro,1,4,,,1.0,
Chianocco,appartamento,0,5,,,4.0,
Chianocco,casa indipendente,0,2,,,4.0,
Chianocco,commerciale,1,2,,,0.0,
Chianocco,rustico/casale,1,3,,,1.0,
Chianocco,villa,0,4,,,7.5,
Chiomonte,appartamento,4,4,,,17.0,
Chiomonte,casa indipendente,1,0,,,26.0,
Chiomonte,commerciale,1,0,,,28.0,
Chiomonte,villa,1,2,,,3.0,
Chiusa di San Michele,altro,1,1,,,0.0,
Chiusa di San Michele,appartamento,9,15,94000.0,1053.33,10.0,
Chiusa di San Michele,casa indipendente,0,2,,,10.0,
Chiusa di San Michele,commerciale,2,3,,,0.0,
Chiusa di San Michele,villa,3,2,210000.0,,2.0,
Coazze,altro,0,6,,,0.0,
Coazze,appartamento,9,24,47000.0,750.0,3.0,
Coazze,casa indipendente,3,10,,,2.0,
Coazze,commerciale,0,1,,,0.0,
Coazze,rustico/casale,0,1,,,4.0,
Coazze,terreno,1,2,,,0.0,
Coazze,villa,5,9,37501.0,528.18,1.5,
Collegno,altro,4,13,,,2.0,
Collegno,appartamento,7,111,,,0.0,
Collegno,casa indipendente,0,1,,,0.0,
Collegno,commerciale,3,4,39000.0,195.0,0.0,
Collegno,terreno,1,0,,,33.0,
Collegno,villa,0,15,,,1.0,
Condove,altro,0,7,,,0.0,
Condove,appartamento,2,19,,,0.0,
Condove,casa indipendente,10,10,,,12.0,
Condove,commerciale,0,1,,,0.0,
Condove,rustico/casale,1,2,,,4.0,
Condove,villa,1,6,,,0.0,
Druento,altro,0,4,,,2.0,
Druento,appartamento,2,36,,,0.0,
Druento,casa indipendente,3,4,,,7.0,
Druento,commerciale,0,4,,,4.0,
Druento,terreno,0,2,,,0.0,
Druento,villa,6,13,,,4.0,
Exilles,altro,1,2,,,0.0,
Exilles,appartamento,4,3,,,24.0,
Exilles,casa indipendente,1,0,,,29.0,
Exilles,rustico/casale,1,0,,,29.0,
Exilles,terreno,1,0,,,29.0,
Ferriera di Buttigliera Alta,appartamento,3,2,,,25.0,
Ferriera di Buttigliera Alta,villa,0,3,,,0.0,
Fiano,altro,0,3,,,0.0,
Fiano,appartamento,5,25,,,0.0,
Fiano,casa indipendente,0,3,,,0.0,
Fiano,commerciale,1,3,,,7.5,
Fiano,villa,8,25,820000.0,7900.0,3.0,7.14
Giaglione,altro,0,2,,,2.5,
Giaglione,casa indipendente,0,1,,,0.0,
Giaglione,rustico/casale,1,1,,,18.0,
Giaveno,altro,0,3,,,0.0,
Giaveno,appartamento,7,28,,,4.0,
Giaveno,casa indipendente,5,12,,,4.0,
Giaveno,commerciale,2,2,,,13.0,
Giaveno,rustico/casale,1,3,,,2.5,
Giaveno,villa,6,19,,,0.0,
Givoletto,altro,0,1,,,0.0,
Givoletto,appartamento,2,8,265000.0,1558.82,4.0,
Givoletto,casa indipendente,1,2,129000.0,1121.74,6.0,
Givoletto,commerciale,0,2,,,5.5,
Givoletto,rustico/casale,0,1,,,10.0,
Givoletto,villa,8,17,285000.0,,5.0,
Gravere,altro,1,0,,,40.0,
Gravere,appartamento,2,4,,,9.0,
Gravere,casa indipendente,1,0,,,38.0,
Grugliasco,altro,0,8,,,0.0,
Grugliasco,appartamento,21,77,222000.0,2196.57,1.0,16.27
Grugliasco,casa indipendente,2,2,,,6.5,
Grugliasco,commerciale,3,13,,,3.5,
Grugliasco,villa,1,11,,,3.0,
La Cassa,altro,0,1,,,0.0,
La Cassa,appartamento,12,25,83000.0,976.47,6.0,
La Cassa,villa,2,16,250000.0,,4.0,
Mattie,altro,1,0,40000.0,,34.0,
Mattie,appartamento,3,3,,,15.5,
Mattie,casa indipendente,1,1,,,15.0,
Meana di Susa,altro,0,1,,,2.0,
Meana di Susa,appartamento,1,1,,,17.0,
Meana di Susa,casa indipendente,1,7,45000.0,319.15,0.5,
Meana di Susa,villa,0,6,,,0.5,
Mompantero,altro,0,1,,,0.0,
Mompantero,appartamento,1,0,,,26.0,
Mompantero,rustico/casale,1,1,,,14.0,
Mompantero,villa,0,2,,,2.5,
Moncenisio,altro,0,1,,,1.0,
Moncenisio,appartamento,4,8,,,0.5,
Moncenisio,commerciale,1,0,,,27.0,
Moncenisio,villa,3,1,,,25.5,
Novalesa,casa indipendente,1,0,,,27.0,
Novalesa,villa,0,1,,,9.0,
Oulx,altro,0,3,,,2.0,
Oulx,appartamento,13,9,158000.0,,24.5,
Oulx,commerciale,1,0,,,25.0,
Oulx,rustico/casale,0,1,,,0.0,
Oulx,villa,2,0,,,26.0,
Pianezza,altro,1,3,,,1.0,
Pianezza,appartamento,12,57,282000.0,2425.74,2.0,6.45
Pianezza,casa indipendente,0,3,,,13.0,
Pianezza,commerciale,4,9,450000.0,750.0,2.0,
Pianezza,mansarda,0,1,,,0.0,
Pianezza,terreno,1,1,,,11.5,
Pianezza,villa,3,15,,,1.5,
Reano,altro,0,1,,,0.0,
Reano,appartamento,4,2,395000.0,,4.0,
Reano,casa indipendente,0,2,,,0.0,
Reano,rustico/casale,0,1,,,4.0,
Reano,villa,5,23,229797.0,1134.08,2.0,
Rivalta di Torino,altro,0,4,,,0.0,
Rivalta di Torino,appartamento,0,9,,,2.0,
Rivalta di Torino,casa indipendente,0,1,,,0.0,
Rivalta di Torino,commerciale,0,6,,,0.0,
Rivalta di Torino,villa,1,16,,,0.0,
Rivoli,altro,0,7,,,0.0,
Rivoli,appartamento,10,111,,,1.0,
Rivoli,casa indipendente,0,11,,,0.0,
Rivoli,commerciale,8,19,,,6.0,
Rivoli,rustico/casale,0,1,,,1.0,
Rivoli,villa,5,30,460000.0,,1.0,
Robassomero,appartamento,4,9,,,4.0,
Robassomero,casa indipendente,1,3,,,7.5,
Robassomero,commerciale,3,4,,,3.0,
Robassomero,villa,1,8,,,4.0,
Rosta,altro,1,4,,,2.0,
Rosta,appartamento,5,40,,,1.0,
Rosta,casa indipendente,2,3,,,3.0,
Rosta,commerciale,1,14,,,1.0,
Rosta,villa,7,15,339000.0,,4.0,4.55
Rubiana,altro,3,0,,,14.0,
Rubiana,appartamento,4,23,32400.0,341.05,1.0,
Rubiana,casa indipendente,1,5,,,5.5,
Rubiana,commerciale,1,1,,,2.0,
Rubiana,rustico/casale,1,0,,,5.0,
Rubiana,terreno,0,1,,,24.0,
Rubiana,villa,2,6,,,6.0,
Salbertrand,altro,3,0,,,24.0,
Salbertrand,appartamento,4,1,,,26.0,
Salbertrand,commerciale,1,0,,,29.0,
Salbertrand,villa,0,1,,,3.0,
San Didero,altro,0,3,,,0.0,
San Didero,appartamento,3,5,,,8.0,
San Didero,casa indipendente,1,9,,,10.5,
San Didero,rustico/casale,0,2,,,9.0,
San Didero,terreno,0,1,,,5.0,
San Didero,villa,5,5,,,14.0,
San Gillio,altro,0,3,,,0.0,
San Gillio,appartamento,0,6,,,0.0,
San Gillio,commerciale,0,2,,,5.5,
San Gillio,rustico/casale,0,1,,,0.0,
San Gillio,villa,1,19,,,3.5,
San Giorio,commerciale,1,0,,,33.0,
San Giorio,villa,1,0,34500.0,,39.0,
San Giorio di Susa,altro,0,2,,,0.0,
San Giorio di Susa,appartamento,13,17,19000.0,413.04,5.5,
San Giorio di Susa,casa indipendente,1,4,,,12.0,
San Giorio di Susa,rustico/casale,0,2,,,13.0,
San Giorio di Susa,villa,5,4,31500.0,630.0,22.0,
San Valeriano,appartamento,9,7,87000.0,,28.0,
San Valeriano,casa indipendente,0,1,,,0.0,
San Valeriano,terreno,0,1,,,0.0,
Sangano,appartamento,0,4,,,0.0,
Sangano,villa,3,1,429000.0,2357.14,23.5,
Sant'Ambrogio di Torino,altro,0,1,,,1.0,
Sant'Ambrogio di Torino,appartamento,3,5,,,3.0,
Sant'Ambrogio di Torino,casa indipendente,0,1,,,0.0,
Sant'Ambrogio di Torino,villa,7,0,225000.0,1125.0,29.0,
Sant'Antonino di Susa,appartamento,16,33,34832.0,622.0,8.0,
Sant'Antonino di Susa,casa indipendente,1,0,,,10.0,
Sant'Antonino di Susa,commerciale,1,4,,,2.0,
Sant'Antonino di Susa,terreno,0,1,,,4.0,
Sant'Antonino di Susa,villa,2,14,229000.0,,9.0,
Susa,appartamento,6,11,,,3.0,
Susa,casa indipendente,1,1,,,18.5,
Susa,rustico/casale,0,1,,,1.0,
Susa,villa,3,3,67500.0,153.06,13.0,
Trana,altro,0,3,,,0.0,
Trana,appartamento,5,12,152500.0,1350.36,3.0,
Trana,casa indipendente,5,4,84500.0,623.56,1.0,
Trana,commerciale,0,2,,,2.5,
Trana,mansarda,1,0,,,39.0,
Trana,rustico/casale,0,2,,,2.5,
Trana,villa,2,17,,,2.0,
Vaie,appartamento,2,4,,,12.0,
Vaie,casa indipendente,0,3,,,4.0,
Vaie,villa,2,2,,,30.0,
Val della Torre,appartamento,2,10,,,9.0,
Val della Torre,casa indipendente,3,8,,,0.0,
Val della Torre,commerciale,0,4,,,2.5,
Val della Torre,rustico/casale,0,2,,,0.0,
Val della Torre,villa,0,21,,,4.0,
Valgioie,altro,0,1,,,0.0,
Valgioie,appartamento,2,5,43000.0,796.3,4.0,
Valgioie,casa indipendente,4,1,20000.0,,11.0,
Valgioie,villa,3,0,20000.0,200.0,34.0,
Varisella,altro,1,0,,,22.0,
Varisella,rustico/casale,0,3,,,4.0,
Varisella,terreno,1,0,,,2.0,
Venaus,appartamento,1,4,,,1.0,
Venaus,casa indipendente,1,1,44043.0,,15.0,
Venaus,villa,0,1,,,0.0,
Villar Dora,altro,0,4,,,7.0,
Villar Dora,appartamento,1,14,,,4.0,
Villar Dora,casa indipendente,0,6,,,4.0,
Villar Dora,villa,1,20,,,7.0,
Villar Focchiardo,altro,0,5,,,0.0,
Villar Focchiardo,appartamento,3,14,,,4.0,
Villar Focchiardo,casa indipendente,1,9,,,0.0,
Villar Focchiardo,commerciale,0,1,,,5.0,
Villar Focchiardo,rustico/casale,0,4,,,0.0,
Villar Focchiardo,terreno,0,1,,,0.0,
Villar Focchiardo,villa,0,7,,,19.0,
Villarbasse,appartamento,1,10,,,1.0,
Villarbasse,casa indipendente,0,3,,,0.0,
Villarbasse,terreno,0,1,,,0.0,
Villarbasse,villa,10,24,,,4.0,
