COMUNE,VIA,IMMOBILI_MONITORATI,STOCK_ATTIVO,PREZZO_MEDIANO,PREZZO_MQ_MEDIANO,PERMANENZA_MEDIANA_GG,RIBASSI_RILEVATI,USCITE_OSSERVATE
Almese,Borgata Soffietti Bollè,1,0,,,4.0,0,1
Almese,Strada della Praia,1,0,,,0.0,0,1
Almese,Via Almese,2,0,,,7.5,0,2
Almese,Via Almese - Nestoria,1,0,,,0.0,0,1
Almese,Via Almese. Immobili in vendita a Via ... - Nestoria,1,0,,,0.0,0,1
Almese,Via Avigliana,1,0,,,4.0,0,1
Almese,Via Braida,1,0,,,0.0,0,1
Almese,Via Goletto,1,0,,,0.0,0,1
Almese,Via Mollar,1,0,,,8.0,0,1
Almese,Via Rivette,2,0,,,7.5,0,2
Almese,Via Roma,3,0,,,0.0,0,3
Almese,Via Rubiana,3,0,,,13.0,0,3
Almese,Via Ruffini,2,0,,,10.0,0,2
Almese,Via Sonetto s.n.c villa,1,0,,,0.0,0,1
Almese,Via rocci,1,0,,,36.0,7,1
Almese,borgata franchino - Mompellato,1,0,,,35.0,0,1
Almese,frazione Tuberghengo,1,0,,,6.0,0,1
Almese,piazza Martiri della Libertà,1,0,,,0.0,0,1
Almese,via Almese,5,2,205745.0,,3.0,1,3
Almese,via Almese Alpignano. Buono stato,1,0,,,24.0,0,1
Almese,via Almese. Buono stato,1,1,,,5.0,0,0
Almese,via Almese. Collegno. Ottimo stato,1,1,,,29.0,0,0
Almese,via Braida,2,0,,,2.0,0,2
Almese,via Capolo,1,0,,,6.0,0,1
Almese,via Granaglie,1,0,,,20.0,0,1
Almese,via Milanere,1,0,,,13.0,0,1
Almese,via Montecapretto,1,0,,,0.0,0,1
Almese,via Morsino,2,1,13000.0,520.0,24.5,2,1
Almese,via Rivera,4,0,,,4.0,0,4
Almese,via Roma,2,0,,,21.5,0,2
Almese,via Rubiana,2,0,,,18.5,2,2
Almese,via Ruffini,1,1,125000.0,83.33,17.0,0,0
Almese,via Sonetto Almese. Ottimo stato,1,1,,,7.0,0,0
Almese,via alma bertolo,1,1,,,43.0,0,0
Alpignano,Piazza Caduti,1,0,,,1.0,0,1
Alpignano,"Piazza dei Caduti, proponiamo muri negozio di circa",1,0,,,22.0,0,1
Alpignano,Strada Campagnola,1,0,,,1.0,0,1
Alpignano,Strada della Costa,2,0,,,5.5,0,2
Alpignano,Via Alpignano,1,0,,,9.0,0,1
Alpignano,Via Alpignano appartamento,1,0,,,1.0,0,1
Alpignano,Via Armando Diaz,1,0,,,5.0,0,1
Alpignano,"Via Biancone Piemonte, Torino Visualizza foto Villetta indipendente in vendita di",1,0,,,2.0,0,1
Alpignano,Via Buttigliera a Alpignano,1,0,,,0.0,0,1
Alpignano,Via Collegno,1,1,18000.0,,36.0,1,0
Alpignano,"Via Collegno, si propone un capannone di circa",1,0,,,0.0,0,1
Alpignano,Via Della costa,1,0,,,6.0,0,1
Alpignano,Via Ferna,1,0,,,1.0,0,1
Alpignano,Via Francesco Baracca,1,0,,,1.0,0,1
Alpignano,Via Grange Palmero,1,0,,,0.0,0,1
Alpignano,"Via Grange Palmero, proponiamo in locazione un capannone industriale di circa",1,1,,,19.0,0,0
Alpignano,Via Migliarone,1,0,,,0.0,0,1
Alpignano,Via Monte Bianco,1,0,,,1.0,0,1
Alpignano,Via Pietro Nenni,1,1,63000.0,,28.0,1,0
Alpignano,Via Primo Maggio,1,0,,,0.0,0,1
Alpignano,Via Primo maggio - Centro Storico,1,1,,,29.0,0,0
Alpignano,Via Rossini,1,0,,,0.0,0,1
Alpignano,Via Scrivia s.n.c,1,0,,,1.0,0,1
Alpignano,"Via Valdellatorre, 10091 Alpignano TO, Italia",1,0,,,12.0,1,1
Alpignano,Via Valle,1,0,,,0.0,0,1
Alpignano,Via Veneto,1,0,,,1.0,0,1
Alpignano,Via Villa,1,0,,,3.0,0,1
Alpignano,Via dei Ronchi,2,1,140000.0,333.33,19.0,10,1
Alpignano,"Via dei Ronchi, si propone in locazione un capannone di circa",4,1,,,3.0,4,3
Alpignano,corso Torino,1,0,,,4.0,0,1
Alpignano,piazza dei Caduti,2,1,69000.0,,8.5,0,1
Alpignano,via 1 Maggio. Ottimo stato,1,1,,,8.0,0,0
Alpignano,via 11 Febbraio,1,0,,,9.0,0,1
Alpignano,via 25 Aprile Alpignano. Posto auto,1,0,,,6.0,0,1
Alpignano,via Alpignano,2,0,,,0.0,0,2
Alpignano,"via Alpignano Rivoli. Buono stato, posto auto, con terrazza, riscaldamento autonomo",1,0,,,0.0,0,1
Alpignano,via Beinasco,1,1,189000.0,,32.0,1,0
Alpignano,via Buttigliera Alpignano. Buono stato,1,0,,,4.0,0,1
Alpignano,"via Camillo Benso di Cavour ... Privato vende ad Alpignano, in Via Cavour",1,1,92000.0,1373.13,0.0,0,0
Alpignano,via Campagnola Alpignano. Ottimo stato,1,0,,,24.0,0,1
Alpignano,via Caselette Alpignano. Ottimo stato,1,0,,,0.0,0,1
Alpignano,via Cervino,1,1,285000.0,3166.67,0.0,0,0
Alpignano,via Colgiansesco Alpignano. Ottimo stato,1,0,,,7.0,0,1
Alpignano,via Collegno Alpignano. Posto auto,1,0,,,26.0,0,1
Alpignano,via Fornace,1,0,,,10.0,0,1
Alpignano,via Francesco baracca,1,0,,,2.0,0,1
Alpignano,via Fratelli Revelli,1,0,,,0.0,0,1
Alpignano,via G. Matteotti,1,0,,,0.0,0,1
Alpignano,via Germano Sommeiller,1,0,,,14.0,1,1
Alpignano,via Giacomo Matteotti,1,0,,,17.0,0,1
Alpignano,via Gioachino Rossini,1,0,,,5.0,0,1
Alpignano,via Giuseppe Bellagarda,1,0,,,0.0,0,1
Alpignano,via Giuseppe Mazzini,1,1,,,13.0,0,0
Alpignano,via Lanzo,2,0,,,19.0,0,2
Alpignano,via Migliarone. Alpignano. Nuovo,1,0,,,0.0,0,1
Alpignano,via Nestore Delù,1,0,,,0.0,0,1
Alpignano,via Pianezza,1,0,,,20.0,0,1
Alpignano,via Pianezza. Buono,2,0,,,4.0,0,2
Alpignano,via Pianezza. Buono stato,1,0,,,4.0,0,1
Alpignano,via Provana Alpignano. Buono stato,1,0,,,9.0,0,1
Alpignano,via Riccardo Arnò,1,1,248000.0,1653.33,2.0,0,0
Alpignano,via Roma,1,0,,,4.0,0,1
Alpignano,via SAN MAURIZIO. Buono,1,0,,,3.0,0,1
Alpignano,via Sant'ambrogio,1,1,,,10.0,0,0
Alpignano,via Scrivia,1,0,,,2.0,0,1
Alpignano,via Torelle,1,1,275000.0,,25.0,1,0
Alpignano,via Trana Alpignano. Buono stato,1,1,,,17.0,0,0
Alpignano,via Val della Torre,1,1,,,5.0,0,0
Alpignano,"via Valdellatorre, a soli",1,0,,,19.0,0,1
Alpignano,via Veneto,1,1,365000.0,,16.0,0,0
Alpignano,via Villa,1,1,298000.0,,15.0,0,0
Alpignano,via colgiansesco,1,0,,,0.0,0,1
Alpignano,via colgiansesco. Ottimo,1,0,,,0.0,0,1
Alpignano,via dei Ronchi,1,1,,,29.0,0,0
Alpignano,via dei Ronchi Alpignano. Nuova,1,0,,,27.0,0,1
Alpignano,via della Costa,1,1,179000.0,,3.0,0,0
Avigliana,Corso Laghi,7,2,44500.0,,7.0,6,5
Avigliana,Corso Torino,2,2,850000.0,894.74,1.5,0,0
Avigliana,Piazza del Popolo,1,0,,,0.0,0,1
Avigliana,Strada Antica Giaveno Sant'Ambrogio,1,1,15000.0,,13.0,0,0
Avigliana,VIA MONTE CUNEO,1,0,,,25.0,0,1
Avigliana,Via Avigliana,9,0,,,0.0,0,9
Avigliana,Via Benedetto Croce,1,0,,,0.0,0,1
Avigliana,Via Cesare Battisti,1,0,,,0.0,0,1
Avigliana,Via Drubiaglio,1,0,,,0.0,0,1
Avigliana,Via Felice Goffi,1,0,,,0.0,0,1
Avigliana,Via G. Matteotti,1,0,,,3.0,0,1
Avigliana,Via G. Portigliatti,2,0,,,11.5,0,2
Avigliana,Via Laghi di Avigliana,2,1,157000.0,,4.0,2,1
Avigliana,Via Micheletta,1,1,350000.0,,21.0,0,0
Avigliana,Via Micheletta a Avigliana - Rexer Villa di 239mq in vendita a Avigliana,1,0,,,0.0,0,1
Avigliana,Via Partigiani D'Italia,3,0,,,0.0,1,3
Avigliana,Via Sacra San Michele - Laghi,1,0,,,23.0,0,1
Avigliana,Via delle Chiuse,1,0,,,0.0,0,1
Avigliana,"Vicolo Statuto, Avigliana",1,0,,,0.0,0,1
Avigliana,corso Laghi,3,1,129000.0,,3.0,1,2
Avigliana,corso Torino,1,0,,,4.0,0,1
Avigliana,frazione Col San Giovanni Viù. Buono,1,0,,,0.0,0,1
Avigliana,"località Grangia, offre una superficie totale di",1,0,,,19.0,0,1
Avigliana,piazza del Popolo,1,1,178000.0,,37.0,0,0
Avigliana,piazza del popolo,1,0,,,9.0,0,1
Avigliana,via 4 Novembre,1,0,,,26.0,14,1
Avigliana,via Ailliaud Augusto,1,0,,,31.0,0,1
Avigliana,via Aldo Carnino,1,0,,,10.0,0,1
Avigliana,via Aldo Moro,1,0,,,29.0,0,1
Avigliana,via Alliaud,1,0,,,6.0,0,1
Avigliana,via Avigliana,7,1,440000.0,,1.0,0,6
Avigliana,via Avogadro,1,0,,,0.0,0,1
Avigliana,via Bacchiasso,1,0,,,3.0,0,1
Avigliana,via Chiattera,1,1,65000.0,,32.0,0,0
Avigliana,via Don Luigi Balbiano,2,0,,,2.0,0,2
Avigliana,via Drubiaglio,1,0,,,3.0,0,1
Avigliana,via Felice Goffi,1,0,,,4.0,0,1
Avigliana,via Francesca e Giovanni,1,1,,,4.0,0,0
Avigliana,via Fratelli Cervi,1,1,,,0.0,0,0
Avigliana,via Generale C. Alberto,1,1,,,3.0,0,0
Avigliana,via Generale C. Alberto dalla Chiesa,1,0,,,23.0,0,1
Avigliana,via Giacomo Matteotti,1,0,,,0.0,0,1
Avigliana,via Grignetto,2,0,,,2.0,0,2
Avigliana,via Grignetto Avigliana. Buono stato,1,0,,,0.0,0,1
Avigliana,via IV novembre. Avigliana. Buono stato,1,0,,,7.0,0,1
Avigliana,via IV novembre. Ottimo,1,0,,,26.0,0,1
Avigliana,via Micheletta,1,0,,,17.0,0,1
Avigliana,via Moncenisio,1,1,295000.0,1180.0,13.0,0,0
Avigliana,via Monte Cuneo,3,0,,,4.0,0,3
Avigliana,via Monte Pirchiriano,1,0,,,2.0,0,1
Avigliana,via Orsiera,1,0,,,17.0,0,1
Avigliana,via Oscar Borgesa,1,0,,,25.0,0,1
Avigliana,via Paolo Borsellino,2,1,149000.0,,2.0,0,1
Avigliana,via Pontetto,1,0,,,22.0,0,1
Avigliana,via Sacra San Michele,1,1,395000.0,,37.0,0,0
Avigliana,via Sant'Agostino Avigliana. Ottimo,1,0,,,4.0,0,1
Avigliana,via Sant'Agostino Avigliana. Ottimo stato,1,0,,,2.0,0,1
Avigliana,via Tetti Colombo,2,0,,,2.5,0,2
Avigliana,via Umberto I,1,0,,,3.0,0,1
Avigliana,via dei Testa,1,1,210000.0,,3.0,0,0
Avigliana,via dei Testa. Ottimo,1,0,,,17.0,0,1
Avigliana,via villar dora,1,0,,,36.0,0,1
Avigliana,viale Enrico Fermi,1,1,,,16.0,0,0
Avigliana,viale Roma. Ottimo,1,0,,,8.0,0,1
Avigliana,viale Roma. Ottimo stato,1,0,,,25.0,0,1
Avigliana,viale dei Tigli Avigliana. Buono stato,1,0,,,2.0,0,1
Avigliana,viale roma,2,1,,,1.5,0,1
Bardonecchia,Borgata Horres-Garnier. Bardonecchia. Buono,1,1,,,36.0,0,0
Bardonecchia,Piazza Europa,1,1,,,36.0,0,0
Bardonecchia,Via Bardonecchia,1,1,8000.0,,30.0,2,0
Bardonecchia,Via Giolitti,1,0,,,9.0,0,1
Bardonecchia,Via Medail,1,0,,,8.0,0,1
Bardonecchia,"Via Medail, proponiamo in vendita un appartamento di mq",1,0,,,0.0,0,1
Bardonecchia,Via Melezet,1,0,,,0.0,0,1
Bardonecchia,Via Montello,1,0,,,2.0,0,1
Bardonecchia,Via Pollicino,2,0,,,0.0,0,2
Bardonecchia,Via Sommeiller,1,0,,,6.0,0,1
Bardonecchia,Via des Geneys,1,0,,,0.0,0,1
Bardonecchia,Viale Roma,1,0,,,0.0,0,1
Bardonecchia,borgata pre richard,1,0,,,4.0,0,1
Bardonecchia,via Campo Principe,3,1,65000.0,,9.0,0,2
Bardonecchia,via Cianfuran. Ottimo,1,0,,,2.0,0,1
Bardonecchia,via Einaudi,2,0,,,7.0,0,2
Bardonecchia,via G. F. Medail,1,0,,,0.0,0,1
Bardonecchia,via Genova,1,1,69000.0,,37.0,0,0
Bardonecchia,via Giuseppe Francesco,1,0,,,0.0,0,1
Bardonecchia,via La Rho,1,0,,,4.0,0,1
Bardonecchia,via Luigi Einaudi,1,1,320000.0,,26.0,0,0
Bardonecchia,via Medail,2,1,,,14.5,0,1
Bardonecchia,via Melezet,1,1,,,29.0,0,0
Bardonecchia,via Montello,1,1,125000.0,,37.0,0,0
Bardonecchia,via Montenero,1,1,160000.0,,30.0,0,0
Bardonecchia,via Pollicino,1,0,,,0.0,0,1
Bardonecchia,via Susa,1,1,220000.0,,28.0,0,0
Bardonecchia,via Verdi,2,2,,,31.0,0,0
Bardonecchia,via generale cantore,1,0,,,0.0,0,1
Bardonecchia,viale Bramafam,1,0,,,0.0,0,1
Bardonecchia,viale Callet,1,1,133000.0,,32.0,0,0
Beinasco,Corso Cavour,1,1,,,25.0,0,0
Beinasco,Corso Vigevano,1,0,,,0.0,0,1
Beinasco,"Frazione Borgaretto, Via Galileo Galilei",1,0,,,2.0,0,1
Beinasco,Piazza Kennedy,1,0,,,0.0,0,1
Beinasco,"Piazza Vittorio, collegat Mappa aggiornato",1,0,,,1.0,3,1
Beinasco,Strada Borgaretto - Borgaretto Centro,1,0,,,10.0,0,1
Beinasco,Strada Torino,5,0,,,3.0,1,5
Beinasco,Via Aldo Moro,1,0,,,0.0,0,1
Beinasco,Via Aosta,5,0,,,2.0,0,5
Beinasco,Via Aosta numero,3,0,,,3.0,0,3
Beinasco,Via Don Bosco,1,0,,,1.0,0,1
Beinasco,Via Enrico De Nicola,1,0,,,1.0,0,1
Beinasco,Via G. Marconi,1,0,,,2.0,0,1
Beinasco,Via Gaetano Donizetti,1,0,,,0.0,0,1
Beinasco,Via Galileo Galilei,1,0,,,0.0,1,1
Beinasco,"Via Galileo Galilei, Borgaretto",1,0,,,0.0,0,1
Beinasco,Via Giorgio Amendola,1,0,,,0.0,0,1
Beinasco,Via Monginevro,2,0,,,0.0,0,2
Beinasco,Via Monte Bianco,4,0,,,0.0,0,4
Beinasco,Via Nenni,1,0,,,0.0,0,1
Beinasco,Via Principe Amedeo,1,0,,,4.0,0,1
Beinasco,Via San Giacomo,5,1,25000.0,625.0,0.0,0,4
Beinasco,Via San Giovanni,1,0,,,0.0,0,1
Beinasco,Via Torino,2,0,,,5.0,0,2
Beinasco,Via Vittorio Amedeo II,2,0,,,0.0,0,2
Beinasco,Viale papa giovanni XXIII - Borgaretto,1,1,134000.0,,0.0,0,0
Beinasco,corso Vigevano,1,0,,,0.0,0,1
Beinasco,corso principale di Beinasco vendesi locale commerciale composto da un unico locale di,1,0,,,16.0,2,1
Beinasco,"località nel comune di Beinasco, è disponibile un appartamento di",1,1,,,19.0,0,0
Beinasco,piazza Kennedy,1,0,,,0.0,0,1
Beinasco,piazza Kennedy. Buono stato,1,0,,,0.0,0,1
Beinasco,via 2 Giugno,1,0,,,2.0,0,1
Beinasco,via 8 Marzo,1,0,,,0.0,0,1
Beinasco,via Aosta,3,1,470000.0,940.0,7.0,1,2
Beinasco,via Beinasco,4,2,25000.0,,7.0,2,2
Beinasco,via Bernardo Rondò,1,0,,,3.0,0,1
Beinasco,via Danilo Dolci,1,0,,,1.0,0,1
Beinasco,via Dante Alighieri,1,1,78000.0,,24.0,0,0
Beinasco,via Delle Lose,1,1,,,0.0,0,0
Beinasco,via Don Minzoni,1,0,,,1.0,0,1
Beinasco,via Enrico De Nicola,1,0,,,20.0,0,1
Beinasco,via Gaetano Donizetti,1,1,193000.0,,25.0,0,0
Beinasco,via Giacomo Leopardi,1,1,720000.0,2790.7,12.0,0,0
Beinasco,via Gioacchino Rossini,1,0,,,0.0,0,1
Beinasco,via Giovanni Amendola,1,0,,,8.0,0,1
Beinasco,via Gorizia,1,0,,,2.0,0,1
Beinasco,via Guglielmo Marconi,1,0,,,4.0,0,1
Beinasco,"via II Giugno, Borgaretto",1,0,,,15.0,0,1
Beinasco,via Marconi,1,0,,,3.0,0,1
Beinasco,via Maria Teresa,1,0,,,3.0,0,1
Beinasco,via Mirafiori,1,0,,,13.0,0,1
Beinasco,via Mirafiori. Beinasco. Buono stato,1,0,,,0.0,0,1
Beinasco,via Monginevro,2,0,,,2.5,0,2
Beinasco,via Nenni,1,1,169000.0,,25.0,1,0
Beinasco,via Pietro Mascagni,1,1,94000.0,,3.0,0,0
Beinasco,via Principe Amedeo,3,1,49500.0,,4.0,1,2
Beinasco,via Rivalta,1,0,,,4.0,0,1
Beinasco,via Rivoli,1,0,,,0.0,0,1
Beinasco,via San Felice,2,0,,,12.5,0,2
Beinasco,via San Felice Beinasco,1,0,,,4.0,0,1
Beinasco,"via San Felice, zona industriale, proponiamo in vendita capannone di",1,0,,,8.0,3,1
Beinasco,via San Giacomo,1,0,,,0.0,0,1
Beinasco,via San Giovanni,2,2,21000.0,,25.0,3,0
Beinasco,via Schifani,1,0,,,3.0,0,1
Beinasco,via Torino,3,2,180000.0,1800.0,5.0,0,1
Beinasco,via Volta,1,1,1125000.0,10416.67,25.0,0,0
Beinasco,via dei Villini,1,0,,,22.0,2,1
Beinasco,via enrico de nicola,1,0,,,1.0,0,1
Beinasco,via fornasio,1,1,489000.0,1063.04,25.0,0,0
Beinasco,via manzoni,1,0,,,1.0,0,1
Beinasco,via rivalta,1,0,,,0.0,0,1
Beinasco,viale Generale Perotti,1,0,,,0.0,0,1
Beinasco,viale Papa Giovanni Xxiii,1,0,,,0.0,0,1
Beinasco,vicolo Antonio Trucchi,1,1,139000.0,,25.0,0,0
Borgone Susa,Piazza Montabone s.n.c,1,0,,,1.0,0,1
Borgone Susa,Strada Provinciale del Monginevro,1,0,,,24.0,0,1
Borgone Susa,Via A. Abegg,6,0,,,13.0,0,6
Borgone Susa,"Via A.... Piemonte, Torino Visualizza foto Villetta indipendente in vendita di",1,0,,,4.0,10,1
Borgone Susa,"Via Augusto... Piemonte, Torino Visualizza foto Villetta a schiera in vendita di",1,1,89000.0,,12.0,10,0
Borgone Susa,Via Bobba Guido,1,0,,,15.0,0,1
Borgone Susa,Via Bruno Mosconi,3,0,,,17.0,0,3
Borgone Susa,Via Condove,1,0,,,22.0,0,1
Borgone Susa,Via Dei Gravè,1,0,,,0.0,0,1
Borgone Susa,Via Florio Benvenuto,2,0,,,11.0,0,2
Borgone Susa,Via G. Tarro Boiro,1,0,,,0.0,0,1
Borgone Susa,Via Monte Bianco,1,0,,,23.0,0,1
Borgone Susa,Via Ponte Dora,1,0,,,15.0,0,1
Borgone Susa,Via Tarro Boiro,1,0,,,0.0,0,1
Borgone Susa,Via dei Gravè,1,0,,,13.0,0,1
Borgone Susa,frazione Chiampano Borgone Susa,1,0,,,10.0,0,1
Borgone Susa,piazza Montabone,2,1,,,15.0,0,1
Borgone Susa,via 4 Novembre,1,0,,,0.0,0,1
Borgone Susa,via A. Abegg,3,3,64000.0,,32.0,0,0
Borgone Susa,via Abegg,1,1,,,37.0,0,0
Borgone Susa,via Augusto Abegg,8,1,87000.0,915.79,16.0,0,7
Borgone Susa,via Augusto Abegg ... L'appartamento è stato ristrutturato circa,1,0,,,28.0,0,1
Borgone Susa,via Augusto Abegg Borgone Susa. Ottimo,2,2,350000.0,,19.5,0,0
Borgone Susa,via Augusto Abegg. Da,1,0,,,30.0,0,1
Borgone Susa,via Bruno Mosconi,1,0,,,0.0,0,1
Borgone Susa,via Condove,2,1,259000.0,,31.0,0,1
Borgone Susa,via Dei Gravè,1,0,,,0.0,0,1
Borgone Susa,via Felice Falco,1,0,,,23.0,0,1
Borgone Susa,via Guglielmo,1,0,,,0.0,0,1
Borgone Susa,via Guido Bobba,2,0,,,12.0,0,2
Borgone Susa,via Moncenisio,1,0,,,23.0,0,1
Borgone Susa,via Montenero,3,1,186000.0,,36.0,0,2
Borgone Susa,via Ponte Dora,2,1,108000.0,1800.0,18.5,2,1
Borgone Susa,via Roma,1,0,,,7.0,0,1
Borgone Susa,via Tarro Boiro,2,0,,,35.0,0,2
Borgone Susa,via Tenente Mario,1,0,,,0.0,0,1
Borgone Susa,via Tenente Mario Tacca,2,2,,,34.0,0,0
Borgone Susa,via XX Settembre,1,0,,,0.0,0,1
Borgone Susa,via dei Grave',1,0,,,0.0,0,1
Borgone Susa,via dei Gravè,1,0,,,32.0,0,1
Borgone Susa,via gravè,1,0,,,6.0,0,1
Bruino,"Piazza Municipio, proponiamo in locazione locale commerciale di",1,0,,,11.0,0,1
Bruino,Strada Dalmasso,2,0,,,15.5,10,2
Bruino,Via Bruino,2,0,,,0.0,0,2
Bruino,"Via Bruino Emilia-Romagna, Modena Visualizza foto Appartamento in affitto di",1,0,,,23.0,10,1
Bruino,Via Don Bosco,1,0,,,0.0,0,1
Bruino,Via G. Marconi,2,1,270000.0,540.0,11.0,4,1
Bruino,"Via Giaveno - Via Volvera ,precisamente in Via G. Marconi a circa",1,0,,,0.0,0,1
Bruino,"Via Giaveno - Via Volvera, precisamente in Via G. Marconi a circa",1,0,,,22.0,0,1
Bruino,Via Marconi57,1,0,,,4.0,0,1
Bruino,Via Monte Bianco,2,1,,,0.0,0,1
Bruino,Via Orbassano,1,0,,,4.0,0,1
Bruino,Via Piossasco,1,0,,,0.0,0,1
Bruino,Via Rocciamelone,3,1,169000.0,1373.98,0.0,0,2
Bruino,Via San Rocco,1,0,,,0.0,0,1
Bruino,Via Torino,1,0,,,0.0,0,1
Bruino,Viale dei Tigli a Bruino,1,0,,,0.0,0,1
Bruino,via Avigliana,1,1,,,5.0,0,0
Bruino,via Bruino,1,0,,,3.0,0,1
Bruino,via Bruino Comune del,1,0,,,9.0,0,1
Bruino,via Cruto,1,1,,,0.0,0,0
Bruino,via Don Bosco,1,0,,,21.0,0,1
Bruino,via Don Giovanni Bosco,1,1,,,25.0,0,0
Bruino,via Ferdinando Magellano,1,0,,,0.0,0,1
Bruino,via Galileo Ferraris,1,0,,,1.0,0,1
Bruino,via Giambattista Tiepolo,1,0,,,4.0,0,1
Bruino,via Giovanni Bosco. Buono,1,0,,,3.0,0,1
Bruino,via Monteverdi. Piano,1,0,,,4.0,0,1
Bruino,via Papa Giovanni XXIII,1,0,,,0.0,0,1
Bruino,via Pinerolo-Susa,1,0,,,1.0,0,1
Bruino,via Piossasco,1,0,,,3.0,0,1
Bruino,via Rocciamelone,3,2,169000.0,1690.0,1.0,0,1
Bruino,via Rocciamelone Bruino. Nuova,1,0,,,4.0,0,1
Bruino,via Torino,4,1,195000.0,4333.33,10.5,0,3
Bruino,via VOLVERA,1,0,,,2.0,1,1
Bruino,via Verdi,1,0,,,11.0,0,1
Bruino,via Volvera,1,0,,,4.0,0,1
Bruino,via dei Ciclamini,1,0,,,4.0,0,1
Bruino,via piossasco,2,1,75000.0,78.95,13.0,1,1
Bruino,via sangano,1,0,,,4.0,0,1
Bruino,via torino,1,1,195000.0,,9.0,0,0
Bruino,via vittorio alfieri,1,1,259000.0,,25.0,0,0
Bruino,viale Marconi,1,0,,,14.0,0,1
Bruzolo,Piazza del Moro,1,0,,,22.0,0,1
Bruzolo,Via Bologna,2,0,,,2.0,0,2
Bruzolo,Via Cassanera,5,1,285000.0,,22.0,11,4
Bruzolo,Via Monte Bianco,1,1,285000.0,,2.0,0,0
Bruzolo,"Via Silvio Borgis, Bruzolo",1,0,,,18.0,0,1
Bruzolo,Via dei Mille,1,0,,,6.0,0,1
Bruzolo,via Carlo Emanuele I,1,0,,,2.0,0,1
Bruzolo,via F. Marconcini Bruzolo. Nuova,1,0,,,4.0,0,1
Bruzolo,via carlo emanuele I,1,1,,,3.0,0,0
Bussoleno,Borgata coldimosso Susa. Da,1,0,,,4.0,0,1
Bussoleno,Strada Monginevro,3,1,185000.0,,0.0,0,2
Bussoleno,Via San Lorenzo,1,0,,,9.0,0,1
Bussoleno,"Via Traforo, Bussoleno",1,1,130000.0,,29.0,0,0
Bussoleno,Via della Bocciofila,3,0,,,2.0,1,3
Bussoleno,"Viale Lungo Dora, Bussoleno",1,0,,,0.0,0,1
Bussoleno,"strada principale, si trova un negozio di",1,0,,,3.0,0,1
Bussoleno,via Bussoleno,1,0,,,0.0,0,1
Bussoleno,via Torino Mattie. Buono stato,1,0,,,4.0,0,1
Bussoleno,via bussoleno,3,3,289000.0,4700.0,37.0,0,0
Buttigliera Alta,Corso Laghi,3,1,15000.0,,6.0,0,2
Buttigliera Alta,Corso Laghi s.n.c,1,0,,,25.0,0,1
Buttigliera Alta,Corso Superga,4,1,15000.0,147.06,20.0,2,3
Buttigliera Alta,Corso Torino,5,0,,,0.0,0,5
Buttigliera Alta,Via Avigliana,1,0,,,0.0,0,1
Buttigliera Alta,Via Conti Carron,1,0,,,42.0,0,1
Buttigliera Alta,Via Mario Greco,1,0,,,15.0,0,1
Buttigliera Alta,Via Monte Bianco,1,0,,,0.0,0,1
Buttigliera Alta,Via Reano,3,0,,,5.0,0,3
Buttigliera Alta,Via Rivoli,3,2,159000.0,1127.66,16.0,0,1
Buttigliera Alta,Via Rocciamelone,1,0,,,0.0,0,1
Buttigliera Alta,Via dei Comuni,2,1,79000.0,,13.0,2,1
Buttigliera Alta,Via della Torre,2,0,,,15.5,0,2
Buttigliera Alta,corso Laghi,1,0,,,31.0,0,1
Buttigliera Alta,corso Superga,1,0,,,0.0,0,1
Buttigliera Alta,corso Torino,1,0,,,4.0,0,1
Buttigliera Alta,"frazione Bessen Alto, Sauze di Cesana Sauze di Cesana",1,0,,,3.0,0,1
Buttigliera Alta,via Allende,1,0,,,10.0,0,1
Buttigliera Alta,via Reano,1,0,,,20.0,0,1
Buttigliera Alta,via al Castello,1,0,,,0.0,0,1
Buttigliera Alta,vicolo Moncenisio,1,0,,,8.0,0,1
Caprie,"Borgata Peroldrado, proponiamo una soluzione indipendente risalente al",1,0,,,0.0,0,1
Caprie,Borgata Sala,1,0,,,3.0,0,1
Caprie,Borgata sala,1,1,,,5.0,0,0
Caprie,Via Monte Bianco,1,0,,,0.0,0,1
Caprie,Viale Kennedy,2,0,,,1.0,0,2
Caprie,via Caprie,2,0,,,4.0,0,2
Caprie,via Caprie. Buono stato,1,1,,,37.0,0,0
Caprie,via Peroldrado,1,0,,,3.0,0,1
Caprie,via Pietra Rotonda,1,0,,,4.0,0,1
Caprie,via Roma,2,0,,,10.5,0,2
Caprie,vicolo Volpellato,1,1,49000.0,,27.0,0,0
Caselette,"Corso Susa, Caselette",1,0,,,0.0,0,1
Caselette,Località Favorita,1,0,,,29.0,0,1
Caselette,Piazza Carlo Cays,3,0,,,0.0,0,3
Caselette,Strada dei Comuni,1,1,,,5.0,0,0
Caselette,Strada dei comuni,1,0,,,0.0,0,1
Caselette,Via Ciriè,1,0,,,6.0,0,1
Caselette,Via Roma,2,0,,,3.5,0,2
Caselette,"Via Roma Piemonte, Torino Visualizza foto Appartamento in vendita di",2,0,,,14.0,1,2
Caselette,Via Val della Torre,1,0,,,0.0,0,1
Caselette,corso Susa,3,1,,,24.0,2,2
Caselette,corso Susa Caselette. Nuova,1,0,,,4.0,0,1
Caselette,via Alpignano,1,0,,,3.0,0,1
Caselette,via Caselette,2,1,,,6.5,0,1
Caselette,via Castello,1,1,,,17.0,0,0
Caselette,via Ciriè,1,0,,,3.0,0,1
Caselette,via Ciriè. Nuovo,1,1,,,1.0,0,0
Caselette,via Druento San Gillio. Nuova,2,1,,,18.0,0,1
Caselette,via Pianezza. Buono,1,0,,,4.0,0,1
Caselette,via Roma,4,1,,,4.0,0,3
Caselette,via San Giovanni Bosco Caselette. Buono,1,0,,,33.0,0,1
Caselette,via San Giovanni Bosco Caselette. Ottimo,1,0,,,4.0,0,1
Chianocco,Borgata Pavaglione,1,0,,,1.0,0,1
Chianocco,Frazione Crotte,3,0,,,4.0,0,3
Chianocco,Frazione Pavaglione,1,0,,,2.0,0,1
Chianocco,Frazione Vernetto,1,1,,,0.0,0,0
Chianocco,Via Primo Maggio n,1,0,,,31.0,0,1
Chianocco,frazione Crotte,1,0,,,4.0,0,1
Chianocco,frazione Pavaglione,1,0,,,0.0,0,1
Chianocco,frazione Vernetto,3,0,,,0.0,0,3
Chiomonte,via Assietta,1,1,,,36.0,0,0
Chiomonte,via III Reggimento,1,0,,,9.0,0,1
Chiomonte,via III Reggimento Alpini,4,2,,,14.0,0,2
Chiomonte,via Soubeyrand,1,1,,,36.0,0,0
Chiomonte,via Villa Ferraro,1,1,,,31.0,0,0
Chiomonte,via levis Chiomonte. Buono stato,1,1,,,29.0,0,0
Chiusa di San Michele,Borgata Basinatto,2,1,210000.0,,18.5,0,1
Chiusa di San Michele,Via Barella,2,0,,,0.0,0,2
Chiusa di San Michele,Via Ex Combattenti,1,0,,,0.0,0,1
Chiusa di San Michele,Via Pragallo,1,0,,,0.0,0,1
Chiusa di San Michele,Via Susa,6,0,,,0.0,0,6
Chiusa di San Michele,Via Susa a Chiusa di San Michele,1,0,,,5.0,0,1
Chiusa di San Michele,Via Torino,1,0,,,0.0,0,1
Chiusa di San Michele,Vicolo Amprimo,1,0,,,0.0,0,1
Chiusa di San Michele,via E. L,1,0,,,31.0,0,1
Chiusa di San Michele,via E. L. Barella,1,0,,,4.0,0,1
Chiusa di San Michele,via Ex,2,0,,,33.5,0,2
Chiusa di San Michele,via Generale,1,1,,,37.0,0,0
Chiusa di San Michele,via Roma,1,0,,,36.0,0,1
Chiusa di San Michele,via Susa,6,4,30000.0,,25.5,0,2
Chiusa di San Michele,via Torino,2,2,158000.0,1053.33,36.5,0,0
Chiusa di San Michele,vicolo G. Pietro Riva,1,0,,,20.0,0,1
Chiusa di San Michele,vicolo Nuovo,1,0,,,18.0,0,1
Coazze,Borgata Brando,1,0,,,2.0,0,1
Coazze,Borgata Bue,1,1,,,31.0,0,0
Coazze,Borgata Combacalda,3,0,,,4.0,0,3
Coazze,Borgata Freinetto,2,0,,,4.0,0,2
Coazze,Borgata Galleana,1,0,,,9.0,0,1
Coazze,Borgata Galleana. Buono stato,1,1,,,9.0,0,0
Coazze,Borgata Pantera,1,0,,,2.0,0,1
Coazze,Borgata Ruadamonte Coazze. Da,1,0,,,4.0,0,1
Coazze,Borgata freinetto,1,1,,,0.0,0,0
Coazze,Borgata prialli,1,0,,,31.0,0,1
Coazze,Borgata selvaggio sopra,1,1,,,0.0,0,0
Coazze,Borgata trucetto,1,1,,,14.0,0,0
Coazze,Strada Comunale da Villarbasse,1,0,,,0.0,0,1
Coazze,Via A. Amprino,1,0,,,0.0,0,1
Coazze,Via A. Amprino a Coazze,1,0,,,0.0,0,1
Coazze,Via Freinetto,2,0,,,0.0,0,2
Coazze,Via Giulio Cesare Gennai,1,0,,,3.0,0,1
Coazze,Via Matteotti,2,0,,,0.0,0,2
Coazze,Viale Italia,1,0,,,25.0,0,1
Coazze,via Armando Amprino,2,0,,,2.0,0,2
Coazze,via Benna,1,1,,,0.0,0,0
Coazze,via Camillo Benso di Cavour,1,0,,,4.0,0,1
Coazze,via Coazze,3,0,,,4.0,0,3
Coazze,via Coazze. Ottimo stato,1,0,,,8.0,0,1
Coazze,via Freinetto,3,1,,,4.0,0,2
Coazze,via Giaveno,3,0,,,15.0,0,3
Coazze,via Matteotti,2,1,,,1.5,0,1
Coazze,via Montenero,1,0,,,0.0,0,1
Coazze,via Sangonetto. Buono stato,1,0,,,4.0,0,1
Coazze,via coazze,1,0,,,0.0,0,1
Coazze,via dei Molè,2,0,,,8.5,0,2
Coazze,via dei Molè. Buono stato,1,0,,,4.0,0,1
Coazze,via freinetto,1,0,,,12.0,0,1
Coazze,via matteotti,1,1,,,32.0,0,0
Coazze,via selvaggio Coazze. Ottimo stato,1,1,,,19.0,0,0
Coazze,via sertorio,1,0,,,26.0,0,1
Coazze,viale Italia,1,0,,,4.0,0,1
Collegno,Corso Francia,2,0,,,0.0,0,2
Collegno,Piazza IV Novembre,4,0,,,0.0,0,4
Collegno,Piazza Sandro Pertini,1,0,,,0.0,0,1
Collegno,Strada Antica di Collegno,1,0,,,0.0,0,1
Collegno,Via A. Catalani,1,0,,,0.0,0,1
Collegno,Via A. Manzoni,2,0,,,0.0,0,2
Collegno,Via Alessandro Manzoni,1,0,,,0.0,0,1
Collegno,Via Alessandro Manzoni a Collegno,1,0,,,0.0,0,1
Collegno,Via Alfredo Catalani,1,0,,,0.0,0,1
Collegno,Via Almese appartamento,1,0,,,1.0,0,1
Collegno,Via Antico Filatoio,1,0,,,0.0,0,1
Collegno,Via Damiano Chiesa s.n.c,1,0,,,0.0,0,1
Collegno,Via Don Giovanni Bosco,1,0,,,0.0,0,1
Collegno,Via Fabio Filzi,1,0,,,0.0,0,1
Collegno,Via G. Rossini,1,0,,,0.0,0,1
Collegno,Via Giacinto Collegno,2,0,,,0.0,0,2
Collegno,Via Giorgio la Pira,3,0,,,2.0,0,3
Collegno,Via Giovanni Tobanelli,1,0,,,3.0,0,1
Collegno,Via Giuseppe Verdi,1,0,,,6.0,0,1
Collegno,Via Macedonia,1,0,,,6.0,0,1
Collegno,Via Maria Bricca,3,0,,,0.0,0,3
Collegno,Via Marsala,1,0,,,0.0,0,1
Collegno,Via Meana,1,0,,,0.0,0,1
Collegno,Via Mompantero,1,0,,,0.0,0,1
Collegno,Via Monte Nero,1,0,,,0.0,0,1
Collegno,Via Pianezza,1,0,,,0.0,0,1
Collegno,Via Pianfei,1,0,,,0.0,0,1
Collegno,Via Podgora,1,0,,,0.0,0,1
Collegno,Via Sacra S. Michele,1,0,,,0.0,0,1
Collegno,Via San Massimo,1,0,,,0.0,0,1
Collegno,Via Teresio Pochettino a Collegno,1,0,,,0.0,0,1
Collegno,Via Torino,2,0,,,9.5,0,2
Collegno,Via Vandalino,1,0,,,2.0,0,1
Collegno,Via Venaria,1,0,,,0.0,0,1
Collegno,Via Vittorio Sassi,1,0,,,0.0,0,1
Collegno,Via della Croce,1,0,,,0.0,0,1
Collegno,Viale Antonio Gramsci,1,0,,,1.0,0,1
Collegno,Viale Antonio Gramsci a Collegno,1,0,,,6.0,0,1
Collegno,corso Antony,1,0,,,5.0,0,1
Collegno,corso Francia,3,1,,,6.0,0,2
Collegno,corso Francia. Buono stato,2,0,,,9.0,0,2
Collegno,corso John Fitzgerald,2,1,,,20.5,0,1
Collegno,corso palmiro togliatti,1,0,,,9.0,0,1
Collegno,piazza 4 Novembre. Ottimo,1,0,,,0.0,0,1
Collegno,piazza IV Novembre,1,0,,,0.0,0,1
Collegno,piazza Sandro Pertini,2,0,,,15.0,0,2
Collegno,piazza iv novembre. Buono,1,0,,,4.0,0,1
Collegno,via 20 Settembre,3,0,,,4.0,0,3
Collegno,via Alfredo Catalani,1,0,,,18.0,0,1
Collegno,via Alpignano. Buono stato,1,0,,,1.0,0,1
Collegno,via Alpignano. Collegno. Buono stato,1,0,,,21.0,0,1
Collegno,via Antico Filatoio,2,0,,,0.0,0,2
Collegno,via Avigliana,1,0,,,34.0,0,1
Collegno,via Carlo Donat Cattin,1,0,,,0.0,0,1
Collegno,via Castagnevizza,2,1,,,25.0,0,1
Collegno,via Cristoforo Colombo,1,0,,,8.0,0,1
Collegno,via Don Giovanni Bosco,1,0,,,0.0,0,1
Collegno,via Edmondo De Amicis,1,0,,,4.0,0,1
Collegno,via Edmondo De Amicis. Buono,1,0,,,1.0,0,1
Collegno,via Fabbrichetta,2,0,,,0.0,0,2
Collegno,via Fabio Filzi,1,0,,,8.0,0,1
Collegno,via Gioacchino Rossini,1,0,,,12.0,0,1
Collegno,via Giorgio La Pira,3,0,,,24.0,0,3
Collegno,via Giorgio la Pira. Collegno. Nuovo,1,0,,,4.0,0,1
Collegno,via Giuseppe di Vittorio. Collegno. Da,1,0,,,4.0,0,1
Collegno,via Leonardo da Vinci,1,0,,,14.0,0,1
Collegno,via Luigi Galvani,1,0,,,0.0,0,1
Collegno,via Luigi Galvani Collegno. Ottimo stato,1,0,,,0.0,0,1
Collegno,via Manzoni,1,0,,,5.0,0,1
Collegno,via Marco Minghetti,1,0,,,30.0,0,1
Collegno,via Marco Minghetti. Ottimo,1,0,,,2.0,0,1
Collegno,via Maria Bricca,2,0,,,3.5,0,2
Collegno,via Meana,1,0,,,0.0,0,1
Collegno,via Niccolò Tommaseo,1,0,,,0.0,0,1
Collegno,via Pintor Giaime,1,0,,,1.0,0,1
Collegno,via Podgora,3,1,,,7.0,0,2
Collegno,via Primo Levi,1,0,,,14.0,0,1
Collegno,via Sacra San Michele,1,1,,,22.0,0,0
Collegno,via Sergio Allegri. Ottimo,1,1,,,8.0,0,0
Collegno,via Serpera,1,0,,,13.0,0,1
Collegno,via Sestriere,1,0,,,0.0,0,1
Collegno,via Susa,1,0,,,2.0,0,1
Collegno,via TORINO. Buono stato,1,0,,,0.0,0,1
Collegno,via Teresio Pochettino,2,0,,,6.5,0,2
Collegno,via Torino,1,0,,,2.0,0,1
Collegno,via Torquato Tasso,1,0,,,12.0,0,1
Collegno,via Trieste,1,0,,,1.0,0,1
Collegno,via Villa Cristina,1,0,,,4.0,0,1
Collegno,via Vincenzo Gioberti,1,1,,,37.0,0,0
Collegno,via XX Settembre,1,0,,,2.0,0,1
Collegno,via della Consolata,1,0,,,1.0,0,1
Collegno,via della Croce,1,0,,,0.0,0,1
Collegno,via della Croce Collegno. Buono,1,0,,,6.0,0,1
Collegno,via giuseppe verdi,1,0,,,15.0,0,1
Collegno,via minghetti. Nuovo,1,0,,,4.0,0,1
Collegno,via renzo cattaneo. Collegno. Buono stato,1,0,,,4.0,0,1
Collegno,via vittorio veneto,1,0,,,21.0,0,1
Collegno,viale XXIV Maggio,1,0,,,2.0,0,1
Condove,Borgata Alotti Condove. Buono stato,1,1,,,37.0,0,0
Condove,Borgata Bellafugera Condove. Buono,1,1,,,28.0,0,0
Condove,Borgata Belle Fugera Condove. Da,1,1,,,37.0,0,0
Condove,Borgata Bert,1,0,,,16.0,0,1
Condove,Borgata Borlera,2,0,,,10.5,0,2
Condove,Borgata Colombo,1,0,,,18.0,0,1
Condove,Borgata Combe,1,1,,,19.0,0,0
Condove,Borgata Pratobotrile,1,0,,,0.0,0,1
Condove,Borgata Pratobottrile,1,0,,,2.0,0,1
Condove,Strada Comunale Condove - Mocchie,3,1,,,4.0,0,2
Condove,Via Bergera,1,0,,,0.0,0,1
Condove,Via Braida,2,0,,,0.0,0,2
Condove,Via G. Matteotti,3,0,,,0.0,0,3
Condove,Via LEOPARDI,1,0,,,0.0,0,1
Condove,Via Moncenisio,1,0,,,6.0,0,1
Condove,Via Peirolero,1,0,,,0.0,0,1
Condove,Via Roma a Condove,1,0,,,20.0,0,1
Condove,Via delle Mura,1,0,,,0.0,0,1
Condove,via Baratta,1,0,,,27.0,0,1
Condove,via Bergera,1,0,,,1.0,0,1
Condove,via Condove,1,0,,,4.0,0,1
Condove,via Conte Verde,1,1,,,19.0,0,0
Condove,via Francesco Re,1,1,,,21.0,0,0
Condove,via G. Matteotti,6,0,,,1.5,0,6
Condove,via Generale Armando Pezzana,1,0,,,3.0,0,1
Condove,via Giacomo Matteotti,1,1,,,27.0,0,0
Condove,via Leopardi,2,0,,,0.0,0,2
Condove,via Superga,1,0,,,15.0,0,1
Condove,via delle Mura,1,0,,,4.0,0,1
Condove,via delle mura,1,0,,,4.0,0,1
Druento,Largo Oropa,1,0,,,4.0,0,1
Druento,Strada Druento,1,0,,,1.0,0,1
Druento,Strada Rive,1,0,,,17.0,0,1
Druento,Strada San Gillio,1,0,,,25.0,0,1
Druento,Strada della madonna,1,0,,,4.0,0,1
Druento,Strada provinciale delle Valli di Lanzo,1,0,,,4.0,0,1
Druento,Via Asilera,1,0,,,0.0,0,1
Druento,Via Druento,8,0,,,0.0,0,8
Druento,Via Forvilla,1,0,,,7.0,0,1
Druento,Via Garibaldi,6,0,,,0.0,0,6
Druento,Via Lanzo s.n.c,1,0,,,0.0,0,1
Druento,Via Madonna,1,0,,,0.0,0,1
Druento,Via Manzoni,2,0,,,1.5,0,2
Druento,Via Medici del Vascello,1,0,,,0.0,0,1
Druento,Vicolo Brunetta,1,0,,,0.0,0,1
Druento,Vicolo Coenda,1,0,,,0.0,0,1
Druento,corso Alexander Fleming,1,0,,,4.0,0,1
Druento,strada Balmera,1,0,,,4.0,0,1
Druento,via Druento,4,0,,,0.5,0,4
Druento,via Druento San Gillio. Nuova,1,0,,,11.0,0,1
Druento,via Druento viale Aldo Moro Pianezza. Nuovo,1,0,,,2.0,0,1
Druento,via Druento. Buono stato,1,0,,,0.0,0,1
Druento,via Garibaldi,1,0,,,3.0,0,1
Druento,via Giosuè Carducci,3,2,,,8.0,0,1
Druento,via Italia,1,0,,,0.0,0,1
Druento,via Madonna,1,1,,,25.0,0,0
Druento,via San Giovanni Bosco,1,1,,,13.0,0,0
Druento,via Torino,1,1,,,18.0,0,0
Druento,via Torino Druento,1,0,,,0.0,0,1
Druento,via Torino Druento. Da ristrutturare,1,1,,,4.0,0,0
Druento,via Vittorio Alfieri Druento. Da,1,1,,,21.0,0,0
Druento,via alessandro manzoni,1,0,,,8.0,0,1
Druento,via brunetta,1,0,,,4.0,0,1
Druento,via cesare pavese,1,0,,,7.0,0,1
Druento,via don cocchi,1,1,,,25.0,0,0
Druento,via druento,2,0,,,3.0,0,2
Druento,via giuseppe garibaldi,1,0,,,8.0,0,1
Druento,vicolo Brunetta,2,1,,,7.0,0,1
Exilles,Strada di San Colombano s.n.c,1,1,,,32.0,0,0
Exilles,Via Exilles,2,1,,,13.5,0,1
Exilles,frazione Cels Rif Exilles. Buono,1,1,,,32.0,0,0
Exilles,via Exilles,4,2,,,17.0,0,2
Exilles,via exilles,2,1,,,16.0,0,1
Ferriera di Buttigliera Alta,Via Cavallo Grigio a,1,0,,,1.0,0,1
Ferriera di Buttigliera Alta,strada Antica di Francia,1,0,,,0.0,0,1
Ferriera di Buttigliera Alta,via Capoluogo,1,0,,,0.0,0,1
Ferriera di Buttigliera Alta,via Rocciamelone,1,1,,,28.0,0,0
Ferriera di Buttigliera Alta,via dei Comuni,1,0,,,0.0,0,1
Ferriera di Buttigliera Alta,via del Cavallo Grigio Buttigliera Alta,1,0,,,0.0,0,1
Ferriera di Buttigliera Alta,via della Torre,1,1,,,28.0,0,0
Fiano,Strada Provinciale,1,0,,,10.0,0,1
Fiano,Via Bologna,3,0,,,0.0,0,3
Fiano,Via Fiano,2,0,,,0.0,0,2
Fiano,Via Fiano a Nocera Inferiore,1,0,,,0.0,0,1
Fiano,Via Guglielmo Marconi,1,0,,,1.0,0,1
Fiano,Via Milano,1,0,,,0.0,0,1
Fiano,Via Palmiro Togliatti,1,0,,,0.0,0,1
Fiano,Via Procoio,1,0,,,0.0,0,1
Fiano,Via Venezia,2,0,,,0.0,0,2
Fiano,Via Venezia a Fiano Romano,1,0,,,0.0,0,1
Fiano,Via Vittorio Bachelet,1,0,,,0.0,0,1
Fiano,Via del Laghetto a Fiano Romano,1,0,,,0.0,0,1
Fiano,via Antonio Gramsci,2,0,,,1.5,0,2
Fiano,via Capodimonte,1,0,,,2.0,0,1
Fiano,via Firenze,3,1,,,9.0,0,2
Fiano,via Giovanni Agnelli Fiano. Buono stato,1,1,850000.0,,25.0,0,0
Fiano,via Lanzo,1,0,,,2.0,0,1
Fiano,via Luigi Giustiniani,1,0,,,4.0,0,1
Fiano,via Milano,1,0,,,8.0,0,1
Fiano,via Misti,1,1,,,11.0,0,0
Fiano,via Padova,1,0,,,0.0,0,1
Fiano,via Padova Fiano Romano. Ottimo stato,1,0,,,14.0,0,1
Fiano,via Palermo,1,0,,,0.0,0,1
Fiano,via Palmiro Togliatti,1,0,,,0.0,0,1
Fiano,via Pescheria,1,0,,,0.0,0,1
Fiano,via Roma,1,1,,,14.0,0,0
Fiano,via San Sebastiano,1,0,,,4.0,0,1
Fiano,via Susa,1,1,,,23.0,0,0
Fiano,via Tiberina,1,0,,,0.0,0,1
Fiano,via Tiberina. Buono,1,0,,,1.0,0,1
Fiano,via Treves,1,0,,,17.0,0,1
Fiano,via Umberto Terracini,1,0,,,1.0,0,1
Fiano,via Venezia,4,1,,,4.0,0,3
Fiano,via carlo alberto dalla,1,1,,,25.0,0,0
Fiano,via del Laghetto,1,1,,,25.0,0,0
Fiano,via del Sassone,1,0,,,3.0,0,1
Fiano,via delle,1,0,,,4.0,0,1
Fiano,via delle Baiocchelle,1,0,,,0.0,0,1
Fiano,via delle Cascate,1,0,,,8.0,0,1
Fiano,via di Pacciano Fiano Romano. Buono stato,1,1,,,0.0,0,0
Fiano,via di Valle Conca,1,0,,,0.0,0,1
Fiano,via ottavio borla,1,0,,,19.0,0,1
Fiano,via torino,1,0,,,15.0,0,1
Giaglione,Frazione Rastella,1,1,,,37.0,0,0
Giaglione,Frazione San Giovanni a Giaglione,1,0,,,0.0,0,1
Giaglione,frazione San Giuseppe,1,0,,,0.0,0,1
Giaglione,frazione San Giuseppe Tsèina,1,0,,,5.0,0,1
Giaveno,Borgata Gaudi Ponte,1,1,,,0.0,0,0
Giaveno,Borgata Giacone,1,0,,,1.0,0,1
Giaveno,Borgata Magnana,1,0,,,21.0,0,1
Giaveno,Borgata Piancera,1,0,,,0.0,0,1
Giaveno,Borgata Piancera Giaveno. Ottimo stato,1,0,,,0.0,0,1
Giaveno,Borgata Pogolotti,1,0,,,0.0,0,1
Giaveno,Borgata Prafieul Giaveno. Buono stato,1,0,,,0.0,0,1
Giaveno,Borgata Provonda Giaveno. Ottimo,1,0,,,0.0,0,1
Giaveno,Borgata San Filippo,2,0,,,18.0,0,2
Giaveno,Borgata San Filippo Giaveno. Da,1,1,,,29.0,0,0
Giaveno,Borgata Sarà,1,0,,,4.0,0,1
Giaveno,Borgata Selvaggio Sopra,1,0,,,25.0,0,1
Giaveno,Borgata Selvaggio Sotto,1,0,,,6.0,0,1
Giaveno,Borgata Tunin,2,1,,,7.0,0,1
Giaveno,Borgata Ughettera,1,0,,,0.0,0,1
Giaveno,Borgata Verna,1,0,,,0.0,0,1
Giaveno,Borgata barolà,1,0,,,4.0,0,1
Giaveno,Borgata cordria,1,1,,,24.0,0,0
Giaveno,Borgata selvaggio sopra,1,1,,,29.0,0,0
Giaveno,Borgata verna,1,0,,,5.0,0,1
Giaveno,Strada Giaveno Sant'Ambrogio,1,0,,,0.0,0,1
Giaveno,Strada della Chioma,1,0,,,7.0,0,1
Giaveno,Via Alpe Colombino,1,0,,,19.0,0,1
Giaveno,Via Bovero Monsignor,1,0,,,0.0,0,1
Giaveno,Via Coazze,1,0,,,18.0,0,1
Giaveno,Via Colpastore,1,0,,,7.0,0,1
Giaveno,Via Giaveno,1,0,,,0.0,0,1
Giaveno,Via Giaveno s.n.c,1,0,,,0.0,0,1
Giaveno,Via Maria Ausiliatrice,1,0,,,0.0,0,1
Giaveno,Via Nurivalle,2,0,,,0.0,0,2
Giaveno,Via Ollasio,2,0,,,5.5,0,2
Giaveno,Via Pinerolo,1,0,,,0.0,0,1
Giaveno,Via Romarolo,1,0,,,0.0,0,1
Giaveno,Via Selvaggio,6,0,,,0.0,0,6
Giaveno,Via XX Settembre,1,0,,,2.0,0,1
Giaveno,Via dei Molè,1,0,,,3.0,0,1
Giaveno,Via dei Rododendri,1,0,,,0.0,0,1
Giaveno,Via dei Sabbioni,1,0,,,0.0,0,1
Giaveno,Viale Regina Elena,2,0,,,3.5,0,2
Giaveno,borgata verna,1,0,,,4.0,0,1
Giaveno,piazza Renato Ruffinatti,1,0,,,4.0,0,1
Giaveno,piazza san rocco,1,0,,,35.0,0,1
Giaveno,"via Beale Giaveno. Da ristrutturare, posto auto",1,0,,,12.0,0,1
Giaveno,via Caduti sul Lavoro,2,1,,,15.5,0,1
Giaveno,via Calvettera,2,0,,,2.0,0,2
Giaveno,via Canonico Pio Rolla,1,0,,,0.0,0,1
Giaveno,via Cardinale Maurizio di Savoia,1,1,,,10.0,0,0
Giaveno,via Colpastore,1,1,,,21.0,0,0
Giaveno,via Garnier Valletti,1,0,,,33.0,0,1
Giaveno,via Martiri della Libertà,1,0,,,0.0,0,1
Giaveno,via Maurizio Guglielmino,1,0,,,25.0,0,1
Giaveno,via Pinerolo,1,0,,,0.0,0,1
Giaveno,via Pontepietra Giaveno. Ottimo,1,0,,,30.0,0,1
Giaveno,via Ruata Sangone,2,0,,,3.0,0,2
Giaveno,via Sacra di San Michele,2,0,,,11.0,0,2
Giaveno,via San Luigi,1,1,,,37.0,0,0
Giaveno,via Umberto I. Ottimo,1,1,,,14.0,0,0
Giaveno,via Villanova,1,0,,,14.0,0,1
Giaveno,via Vittorio Emanuele II,1,1,,,13.0,0,0
Giaveno,via colle del vento,1,0,,,5.0,0,1
Giaveno,via dei rododendri,1,0,,,4.0,0,1
Giaveno,via genolino,1,0,,,34.0,0,1
Giaveno,via martiri della libertà,1,0,,,16.0,0,1
Giaveno,via san michele,2,1,,,3.5,0,1
Giaveno,via selvaggio,2,1,,,11.5,0,1
Giaveno,via teresa marchini,1,0,,,0.0,0,1
Giaveno,via vietta,1,0,,,11.0,0,1
Giaveno,viale Regina Elena,2,0,,,2.5,0,2
Givoletto,Via A. Avogadro,1,0,,,5.0,0,1
Givoletto,Via Alpignano,2,0,,,9.0,0,2
Givoletto,Via Ciriè,3,0,,,0.0,0,3
Givoletto,Via Druento,2,1,,,6.5,0,1
Givoletto,Via Givoletto,1,0,,,0.0,0,1
Givoletto,Via Monviso,1,0,,,0.0,0,1
Givoletto,Via Santa Maria s.n.c,1,0,,,0.0,0,1
Givoletto,via Alpignano,1,1,265000.0,,25.0,0,0
Givoletto,via Avigliana,1,0,,,8.0,0,1
Givoletto,via Borgo Nuovo,1,1,,,8.0,0,0
Givoletto,via Brione,1,0,,,5.0,0,1
Givoletto,via Capitan De Poi Givoletto. Da,1,1,,,25.0,0,0
Givoletto,via Don Rolle,1,1,,,22.0,0,0
Givoletto,via Druento Givoletto. Buono stato,1,1,,,8.0,0,0
Givoletto,via Forvilla,1,1,,,7.0,0,0
Givoletto,via Givoletto,2,1,,,5.0,0,1
Givoletto,via La Grange Givoletto. Buono stato,1,0,,,6.0,0,1
Givoletto,via Lanzo Givoletto. Posto auto,1,0,,,16.0,0,1
Givoletto,via Monviso,2,1,285000.0,,14.5,0,1
Givoletto,via San Gillio,1,0,,,4.0,0,1
Givoletto,via San Gillio Givoletto. Buono stato,1,0,,,16.0,0,1
Givoletto,via Santa Maria Givoletto. Nuova,1,0,,,10.0,0,1
Givoletto,via Torino,2,0,,,2.0,0,2
Givoletto,via Torino. Ottimo,1,0,,,11.0,0,1
Givoletto,via Varisella Givoletto. Ottimo stato,1,0,,,11.0,0,1
Givoletto,via santa maria,1,0,,,10.0,0,1
Givoletto,via torino,1,0,,,4.0,0,1
Gravere,Via Nazionale,1,1,,,43.0,0,0
Gravere,Via Terzo Reggimento Alpini,1,0,,,14.0,0,1
Gravere,via III Reggimento Alpini,1,1,,,30.0,0,0
Gravere,via San Lorenzo,1,1,,,41.0,0,0
Grugliasco,Corso F.lli Cervi,2,0,,,0.0,0,2
Grugliasco,Corso Torino,1,0,,,23.0,0,1
Grugliasco,Piazza Vittorio Allais,1,0,,,0.0,0,1
Grugliasco,Strada Antica di Grugliasco,1,0,,,25.0,0,1
Grugliasco,Strada Antica di Rivoli,1,0,,,6.0,0,1
Grugliasco,Strada Del Portone,1,0,,,2.0,0,1
Grugliasco,Strada del Gerbido,1,0,,,7.0,0,1
Grugliasco,Strada della Pronda,2,0,,,9.0,0,2
Grugliasco,Via Barbera del Valles,1,0,,,0.0,0,1
Grugliasco,Via Bongiovanni,3,0,,,0.0,0,3
Grugliasco,Via C.Girardi,1,0,,,1.0,0,1
Grugliasco,Via Crea,1,0,,,0.0,0,1
Grugliasco,Via Cristoforo Colombo,1,0,,,0.0,0,1
Grugliasco,Via Don Mario Caustico,1,0,,,2.0,0,1
Grugliasco,Via E. Montanaro,2,0,,,0.0,0,2
Grugliasco,Via Enrico Toti a Grugliasco,1,0,,,0.0,0,1
Grugliasco,Via Giotto,1,0,,,1.0,0,1
Grugliasco,Via Lamarmora,1,0,,,20.0,0,1
Grugliasco,Via Latina,2,0,,,4.0,0,2
Grugliasco,Via Marco Polo,1,0,,,0.0,0,1
Grugliasco,Via Michelangelo Buonarroti,2,0,,,4.0,0,2
Grugliasco,Via Michiardi,2,0,,,0.5,0,2
Grugliasco,Via Moncalieri,2,0,,,0.5,0,2
Grugliasco,Via Natale Palli,2,0,,,2.0,0,2
Grugliasco,Via Nino Bixio a Vinovo,1,0,,,0.0,0,1
Grugliasco,Via Primo Levi,1,0,,,4.0,0,1
Grugliasco,Via Rieti,2,0,,,2.0,0,2
Grugliasco,Via San Firmino,1,0,,,3.0,0,1
Grugliasco,Via San Gregorio Magno,2,0,,,3.5,0,2
Grugliasco,Via Severino Doppi,3,0,,,0.0,0,3
Grugliasco,Via Stampalia,1,0,,,1.0,0,1
Grugliasco,Via Vincenzo Foppa,1,0,,,0.0,0,1
Grugliasco,Viale Fabrizio de Andrè,1,0,,,4.0,0,1
Grugliasco,Viale Gramsci,1,0,,,2.0,0,1
Grugliasco,corso Adriatico. Buono,1,0,,,8.0,0,1
Grugliasco,corso Canonico Giuseppe Allamano,1,0,,,33.0,0,1
Grugliasco,corso Fratelli Cervi,2,1,,,4.5,0,1
Grugliasco,corso Gaetano Salvemini,2,0,,,7.5,0,2
Grugliasco,piazza 66 Martiri,1,0,,,1.0,0,1
Grugliasco,piazza Giacomo Matteotti,1,0,,,4.0,0,1
Grugliasco,via 20 Settembre,1,0,,,4.0,0,1
Grugliasco,via A. Vespucci,1,0,,,0.0,0,1
Grugliasco,via Adria,1,0,,,4.0,0,1
Grugliasco,via Antonio Cotta,1,0,,,5.0,0,1
Grugliasco,via Barberà Del Valles,1,1,,,29.0,0,0
Grugliasco,via Bongiovanni,1,0,,,4.0,0,1
Grugliasco,via Cavalieri di Vittorio,1,0,,,4.0,0,1
Grugliasco,via Cavour,1,1,,,25.0,0,0
Grugliasco,via Crea,1,0,,,16.0,0,1
Grugliasco,via Cristoforo Colombo,1,0,,,0.0,0,1
Grugliasco,via Don Caustico,1,0,,,6.0,0,1
Grugliasco,via Don Mario Caustico,2,1,,,11.5,0,1
Grugliasco,via E. Montanaro,1,0,,,22.0,0,1
Grugliasco,via Enrico Toti,1,0,,,0.0,0,1
Grugliasco,via Enrico Toti Grugliasco. Buono stato,1,1,,,2.0,0,0
Grugliasco,via Fogazzaro,1,0,,,0.0,0,1
Grugliasco,via Francesco,1,1,,,10.0,0,0
Grugliasco,via Francesco Baracca Grugliasco. Buono,1,0,,,31.0,0,1
Grugliasco,via Generale Antonio,1,1,,,12.0,0,0
Grugliasco,via Giotto,1,0,,,7.0,0,1
Grugliasco,via Giovanni Tobanelli,1,0,,,35.0,0,1
Grugliasco,via Giuseppe Di,1,0,,,4.0,0,1
Grugliasco,via Giuseppe di,1,0,,,0.0,0,1
Grugliasco,via Gorizia,1,0,,,6.0,0,1
Grugliasco,via Guglielmo d'Amico,2,0,,,28.0,0,2
Grugliasco,via Latina,1,0,,,0.0,0,1
Grugliasco,via Latina. Ottimo stato,1,0,,,13.0,0,1
Grugliasco,via Leonardo da Vinci,1,0,,,12.0,0,1
Grugliasco,via Michiardi,1,0,,,0.0,0,1
Grugliasco,via Milano,1,0,,,34.0,0,1
Grugliasco,via Moncalieri,2,0,,,1.0,0,2
Grugliasco,via Nazario Sauro,1,0,,,0.0,0,1
Grugliasco,via Odoardo Santorelli,1,0,,,21.0,0,1
Grugliasco,via Panealbo,1,0,,,28.0,0,1
Grugliasco,via Rieti,1,1,,,31.0,0,0
Grugliasco,via Rivalta,1,0,,,10.0,0,1
Grugliasco,via Rovereto,1,0,,,0.0,0,1
Grugliasco,via Severino Doppi,2,0,,,23.5,0,2
Grugliasco,via Silvio Allason,1,0,,,35.0,0,1
Grugliasco,via Stampalia. Da,1,1,,,31.0,0,0
Grugliasco,via Tripoli,2,0,,,22.0,0,2
Grugliasco,via Vittorio Alfieri,1,1,,,0.0,0,0
Grugliasco,via alessandro la marmora,1,0,,,16.0,0,1
Grugliasco,via dell'Indipendenza,1,0,,,18.0,0,1
Grugliasco,via enrico montanaro,1,0,,,23.0,0,1
Grugliasco,via giacosa. Nuovo,1,0,,,1.0,0,1
Grugliasco,via giotto,1,0,,,0.0,0,1
Grugliasco,via michelangelo,1,0,,,20.0,0,1
Grugliasco,via primo levi,1,1,,,36.0,0,0
Grugliasco,via stampalia,1,1,,,7.0,0,0
Grugliasco,via ughetto. Ottimo stato,1,1,,,29.0,0,0
Grugliasco,viale Fabrizio De Andrè,1,1,,,37.0,0,0
Grugliasco,viale a gramsci,1,0,,,0.0,0,1
La Cassa,VIA DELLE QUERCE,1,0,,,0.0,0,1
La Cassa,Via A. Diaz,1,0,,,0.0,0,1
La Cassa,Via Cambarlèt,2,0,,,3.0,0,2
La Cassa,Via Colverso s.n.c,1,0,,,0.0,0,1
La Cassa,Via Costabella s.n.c,1,0,,,0.0,0,1
La Cassa,Via Edgardo Sogno,2,1,,,7.5,0,1
La Cassa,Via Giuseppe Bonino,1,0,,,24.0,0,1
La Cassa,Via Grange,2,0,,,3.0,0,2
La Cassa,Via Lanzo,1,0,,,3.0,0,1
La Cassa,Via Mattodera,1,0,,,3.0,0,1
La Cassa,Via Regione Mattodera,1,0,,,19.0,0,1
La Cassa,Via delle Querce,1,0,,,8.0,0,1
La Cassa,piazza Michele Galetto,2,2,,,13.5,0,0
La Cassa,via Armando Diaz,2,1,,,12.5,0,1
La Cassa,via Avigliana,1,0,,,0.0,0,1
La Cassa,via Baratonia,3,2,,,10.0,0,1
La Cassa,via Giuseppe Bonino,3,0,,,15.0,0,3
La Cassa,via Givoletto,1,0,,,9.0,0,1
La Cassa,via Italia,2,1,250000.0,,9.0,0,1
La Cassa,via La Cassa,2,0,,,0.5,0,2
La Cassa,via La Cassa San Gillio. Buono stato,1,0,,,0.0,0,1
La Cassa,via Lanzo,2,2,209000.0,,3.0,0,0
La Cassa,via Sogno,1,1,,,1.0,0,0
La Cassa,via Torino,4,2,83000.0,,10.0,0,2
La Cassa,via Vittorio Veneto,2,2,,,25.0,0,0
La Cassa,via delle Querce,2,0,,,3.0,0,2
La Cassa,via italia,1,0,,,7.0,0,1
La Cassa,via la Cassa,1,0,,,1.0,0,1
La Cassa,via tORINO,2,1,,,23.0,0,1
La Cassa,via tORINO. Buono stato,1,0,,,13.0,0,1
La Cassa,via via delle Querce,6,0,,,6.5,0,6
Mattie,via Bellando,1,1,,,32.0,0,0
Mattie,via Grandi Tanze,1,1,,,37.0,0,0
Mattie,via Mattie,2,0,,,2.0,0,2
Mattie,via Mattie. Da,1,1,,,30.0,0,0
Mattie,via Torino,1,0,,,0.0,0,1
Mattie,via giordani,1,0,,,1.0,0,1
Meana di Susa,Borgata Rodetti,1,0,,,0.0,0,1
Meana di Susa,Borgata Sarette,1,0,,,1.0,0,1
Meana di Susa,Frazione Corboley,1,0,,,1.0,0,1
Meana di Susa,Via Cornalero s.n.c,1,0,,,1.0,0,1
Meana di Susa,Via Gran Borgata,1,0,,,0.0,0,1
Meana di Susa,Via Gravere,1,0,,,0.0,0,1
Meana di Susa,Via Gravere s.n.c,1,0,,,1.0,0,1
Meana di Susa,Via Mattie,1,0,,,0.0,0,1
Meana di Susa,Vicolo del Portico,1,0,,,0.0,0,1
Meana di Susa,via Colle delle Finestre,1,0,,,5.0,0,1
Meana di Susa,via Gravere Meana di Susa. Buono stato,1,0,,,0.0,0,1
Meana di Susa,via Mattie,1,0,,,0.0,0,1
Meana di Susa,via armona. Da,1,1,,,37.0,0,0
Mompantero,Frazione San Giuseppe,1,0,,,2.0,0,1
Moncenisio,Via Moncenisio,6,1,,,0.5,0,5
Moncenisio,Via Passo del Moncenisio,2,1,,,15.0,0,1
Moncenisio,via Moncenisio,7,5,,,30.0,0,2
Moncenisio,via moncenisio. Buono stato,1,1,,,29.0,0,0
Novalesa,Via Novalesa. Ville in vendita a Via Novalesa,1,0,,,9.0,0,1
Oulx,Borgata Amazas,1,0,,,0.0,0,1
Oulx,Piazza Federico Mistral,1,0,,,0.0,0,1
Oulx,Piazza Mistral,1,1,158000.0,,36.0,0,0
Oulx,Via Roma,2,1,,,14.0,0,1
Oulx,corso Frejus,1,1,,,29.0,0,0
Oulx,corso Ortigara,1,0,,,8.0,0,1
Oulx,corso Torino,1,1,,,29.0,0,0
Oulx,piazza Europa,1,1,,,32.0,0,0
Oulx,piazza Federico Mistral,1,0,,,3.0,0,1
Oulx,via 25 Aprile,1,1,,,26.0,0,0
Oulx,via Bardonecchia,1,0,,,9.0,0,1
Oulx,via Chateau,1,0,,,9.0,0,1
Oulx,via Cotolivier,1,1,,,37.0,0,0
Oulx,via Des Ambrois,1,1,,,30.0,0,0
Oulx,via Frejus,1,1,,,28.0,0,0
Oulx,via Monginevro,1,0,,,0.0,0,1
Oulx,via Papa Giovanni XXIII,1,0,,,8.0,0,1
Oulx,via Riccardo Ghiotti,1,1,,,37.0,0,0
Oulx,via Roma,1,1,,,37.0,0,0
Oulx,via Vittorio Emanuele,1,0,,,0.0,0,1
Oulx,via dei Laghi,4,4,,,37.0,0,0
Oulx,viale Pineta,1,1,,,28.0,0,0
Oulx,vicolo Bouchard,2,0,,,7.0,0,2
Pianezza,Corso Lucio Quinzio Cincinnato,1,0,,,0.0,0,1
Pianezza,Strada Pianezza,1,0,,,31.0,0,1
Pianezza,Via Alcide De Gasperi,1,0,,,0.0,0,1
Pianezza,Via Aldo Moro,1,0,,,0.0,0,1
Pianezza,Via Caduti,1,0,,,0.0,0,1
Pianezza,Via Caduti per la Libertà a Pianezza,1,0,,,0.0,0,1
Pianezza,Via Caduti per la Libertà s.n.c,1,0,,,0.0,0,1
Pianezza,Via Calvino,1,0,,,2.0,0,1
Pianezza,Via Cassagna s.n.c,1,0,,,0.0,0,1
Pianezza,Via Cervino,4,1,81937.0,910.41,0.0,0,3
Pianezza,Via Cervino s.n.c,2,0,,,0.0,0,2
Pianezza,Via Don Virginio Meloni s.n.c,1,0,,,0.0,0,1
Pianezza,Via Druento s.n.c,1,1,135000.0,1985.29,2.0,0,0
Pianezza,Via Massimo D'Azeglio,1,0,,,0.0,0,1
Pianezza,Via Mollardi,1,0,,,0.0,0,1
Pianezza,Via Pianezza,9,1,,,1.0,0,8
Pianezza,Via Pianezza s.n.c,2,1,130000.0,1547.62,1.0,0,1
Pianezza,Via Susa,1,1,139000.0,1828.95,0.0,0,0
Pianezza,Via Vercelli,1,0,,,4.0,0,1
Pianezza,Via Verdi,1,0,,,8.0,0,1
Pianezza,Via al Borgo a Pianezza,1,0,,,0.0,0,1
Pianezza,piazza San Pancrazio Pianezza. Da,1,0,,,3.0,0,1
Pianezza,piazza Vittorio Veneto,1,0,,,0.0,0,1
Pianezza,via 25 Aprile,1,1,,,36.0,0,0
Pianezza,via Alcide De Gasperi,1,0,,,0.0,0,1
Pianezza,via Aldo Moro Pianezza. Nuova,1,0,,,0.0,0,1
Pianezza,via Bachelet,1,0,,,6.0,0,1
Pianezza,via Biella,1,0,,,4.0,0,1
Pianezza,via Bricca. Buono stato,1,0,,,3.0,0,1
Pianezza,via Caduti per la Libertà,2,0,,,12.0,0,2
Pianezza,via Cassagna. Buono,1,0,,,7.0,0,1
Pianezza,via Cervino,2,0,,,2.0,0,2
Pianezza,via Claviere,1,0,,,0.0,0,1
Pianezza,via Cottolengo,1,0,,,0.0,0,1
Pianezza,via Don Virginio Meloni,4,0,,,3.5,0,4
Pianezza,via Druento,1,1,,,0.0,0,0
Pianezza,via Giacomo Matteotti,1,1,245000.0,2425.74,5.0,0,0
Pianezza,via Giacomo Matteotti Pianezza. Nuovo,1,1,,,5.0,0,0
Pianezza,via Giorgio La Pira. Ottimo,1,0,,,0.0,0,1
Pianezza,via Guglielmo Marconi,1,0,,,0.0,0,1
Pianezza,via La Cassa. Pianezza. Ottimo stato,1,1,,,43.0,0,0
Pianezza,via Magellano. Buono,1,0,,,6.0,0,1
Pianezza,via Maria Bricca,1,1,,,22.0,0,0
Pianezza,via Mario Lisa,1,0,,,28.0,0,1
Pianezza,via Massimo D'Azeglio,1,0,,,8.0,0,1
Pianezza,via Pianezza,6,0,,,0.0,0,6
Pianezza,via Pianezza. Nuovo,2,0,,,2.0,0,2
Pianezza,via Rosta,1,1,,,12.0,0,0
Pianezza,via Rubiana,1,1,,,32.0,0,0
Pianezza,via San Bernardo,1,1,,,22.0,0,0
Pianezza,via San Gabriele,4,0,,,4.0,0,4
Pianezza,via San Gabriele Pianezza. Riscaldamento,1,1,,,5.0,0,0
Pianezza,via San Gillio,1,1,,,37.0,0,0
Pianezza,via San Pancrazio No Number,1,1,,,37.0,0,0
Pianezza,via Sandro Pertini,1,0,,,3.0,0,1
Pianezza,via Susa,1,1,,,1.0,0,0
Pianezza,via Torino,2,0,,,10.0,0,2
Pianezza,via Torino. Buono stato,1,0,,,4.0,0,1
Pianezza,via Vercelli,1,0,,,0.0,0,1
Pianezza,via dei Prati,1,0,,,24.0,0,1
Pianezza,via druento Pianezza. Buono stato,1,1,,,37.0,0,0
Pianezza,via gentileschi,1,0,,,0.0,0,1
Pianezza,via jotty,1,0,,,2.0,0,1
Pianezza,via rocciamelone Pianezza. Buono stato,1,0,,,3.0,0,1
Pianezza,viale Aldo Moro,1,1,319000.0,,22.0,1,0
Reano,Via Maria Vittoria,1,0,,,0.0,0,1
Reano,Via Reano,1,0,,,0.0,0,1
Reano,Via Roma s.n.c,1,0,,,2.0,0,1
Reano,Via Tetto,3,1,119000.0,1416.67,3.0,0,2
Reano,Via Valgrana,4,0,,,0.0,0,4
Reano,via Maria Vittoria,3,3,,,16.0,0,0
Reano,via Monginevro. Rivoli. Nuovo,1,0,,,31.0,0,1
Reano,via Principe della Cisterna,2,0,,,2.0,0,2
Reano,via Reano,2,1,,,3.5,0,1
Reano,via Tetto,1,1,,,2.0,0,0
Reano,via Valgrana,2,0,,,4.0,0,2
Reano,via roma Reano. Buono stato,1,0,,,4.0,0,1
Reano,via valgrana Reano,6,1,,,4.0,0,5
Rivalta di Torino,Strada dei Foglienghi,1,0,,,9.0,0,1
Rivalta di Torino,Via Balma,1,0,,,15.0,0,1
Rivalta di Torino,Via Bellini,2,0,,,18.5,0,2
Rivalta di Torino,Via Carignano,1,0,,,0.0,0,1
Rivalta di Torino,Via Enrico Mattei a Rivalta di,1,0,,,0.0,0,1
Rivalta di Torino,Via Giacomo Puccini,1,0,,,2.0,0,1
Rivalta di Torino,Via Giaveno,1,0,,,21.0,0,1
Rivalta di Torino,Via Giuseppe Di Vittorio,1,0,,,0.0,0,1
Rivalta di Torino,Via Luigi Einaudi,1,0,,,15.0,0,1
Rivalta di Torino,Via Mattei,1,0,,,2.0,0,1
Rivalta di Torino,Via Piossasco,2,0,,,8.0,0,2
Rivalta di Torino,Via San Vittore,1,1,,,14.0,0,0
Rivalta di Torino,Via Sibilla Aleramo,2,0,,,0.0,0,2
Rivalta di Torino,Via Trento,1,0,,,0.0,0,1
Rivalta di Torino,Via Trieste,3,0,,,0.0,0,3
Rivalta di Torino,Via della Vallá,1,0,,,15.0,0,1
Rivalta di Torino,Via gioberti,1,0,,,15.0,0,1
Rivalta di Torino,via Carignano,1,0,,,15.0,0,1
Rivalta di Torino,via Cesare Benevello Rivalta di Torino,1,0,,,1.0,0,1
Rivalta di Torino,via Colle del,1,0,,,7.0,0,1
Rivalta di Torino,via Giaveno,1,0,,,1.0,0,1
Rivalta di Torino,via Giovanni da,1,0,,,21.0,0,1
Rivalta di Torino,via Montegrappa,1,0,,,0.0,0,1
Rivalta di Torino,via Roma,1,0,,,0.0,0,1
Rivalta di Torino,via Sibilla Aleramo,1,0,,,0.0,0,1
Rivalta di Torino,via Tetti Pereno Rivalta di Torino. Nuova,1,0,,,0.0,0,1
Rivalta di Torino,via Umberto I Rivalta di Torino. Da,1,0,,,0.0,0,1
Rivalta di Torino,via della Vallà,1,0,,,21.0,0,1
Rivoli,Corso Francia,2,0,,,0.5,0,2
Rivoli,Corso Francia a Rivoli,1,0,,,0.0,0,1
Rivoli,Corso Susa,3,0,,,1.0,0,3
Rivoli,Strada Bastone,1,1,,,32.0,0,0
Rivoli,Strada Moncalieri,1,0,,,6.0,0,1
Rivoli,Strada Pozzetto,1,0,,,10.0,0,1
Rivoli,Strada Scaravaglio Rivoli. Buono stato,1,0,,,21.0,0,1
Rivoli,Strada della Torretta,2,0,,,0.0,0,2
Rivoli,Via Alpignano,2,0,,,4.0,0,2
Rivoli,Via Biella,1,0,,,1.0,0,1
Rivoli,Via Caluso,1,0,,,0.0,0,1
Rivoli,Via Capra,1,0,,,8.0,0,1
Rivoli,Via Cristalliera,1,0,,,0.0,0,1
Rivoli,Via Cuorgnè,1,0,,,1.0,0,1
Rivoli,Via Felisio,1,0,,,0.0,0,1
Rivoli,Via Fratelli Piol,3,2,,,4.0,0,1
Rivoli,Via Frejus,1,0,,,0.0,0,1
Rivoli,Via G. Giolitti s.n.c,1,0,,,0.0,0,1
Rivoli,Via G. Salvemini,1,0,,,0.0,0,1
Rivoli,Via Monte Grappa,1,0,,,1.0,0,1
Rivoli,Via Orbassano a Rivoli,1,0,,,1.0,0,1
Rivoli,Via Orbassano s.n.c,1,0,,,1.0,0,1
Rivoli,Via Pavia,2,1,,,5.0,0,1
Rivoli,Via Pavia a Rivoli,1,0,,,0.0,0,1
Rivoli,Via Pietrino Belli,1,0,,,5.0,0,1
Rivoli,Via Po,1,0,,,0.0,0,1
Rivoli,Via Pullino,1,0,,,18.0,0,1
Rivoli,Via Pusterla,1,0,,,1.0,0,1
Rivoli,Via Rivoli,4,0,,,0.0,0,4
Rivoli,Via Roma,2,0,,,8.0,0,2
Rivoli,Via Rombò,2,0,,,12.0,0,2
Rivoli,Via San Pieretto,1,0,,,0.0,0,1
Rivoli,Via Sestriere a Rivoli,1,0,,,1.0,0,1
Rivoli,Via U. Foscolo,1,0,,,0.0,0,1
Rivoli,Via Villarbasse,1,0,,,0.0,0,1
Rivoli,Via al Castello,2,0,,,0.5,0,2
Rivoli,Viale Carrù,1,0,,,10.0,0,1
Rivoli,Viale Nuvoli,4,0,,,1.0,0,4
Rivoli,corso 25 Aprile,1,1,,,5.0,0,0
Rivoli,corso 4 Novembre,1,0,,,4.0,0,1
Rivoli,corso Canonico Giuseppe Allamano,1,0,,,9.0,0,1
Rivoli,corso De Gasperi,1,0,,,0.0,0,1
Rivoli,corso Francia,3,0,,,1.0,0,3
Rivoli,corso Susa,2,0,,,10.5,0,2
Rivoli,corso Torino,1,0,,,0.0,0,1
Rivoli,piazza Martiri della,1,0,,,6.0,0,1
Rivoli,piazza Martiri della libertà,1,0,,,15.0,0,1
Rivoli,piazza Principe Eugenio,1,0,,,0.0,0,1
Rivoli,piazza fratelli cervi,1,0,,,6.0,0,1
Rivoli,via 1 Maggio,1,0,,,0.0,0,1
Rivoli,via 24 Maggio,1,0,,,0.0,0,1
Rivoli,via Albenga,1,0,,,35.0,0,1
Rivoli,via Alberto da Rivoli Rivoli. Buono stato,1,0,,,1.0,0,1
Rivoli,via Alessandro Manzoni,1,0,,,0.0,0,1
Rivoli,via Alpi Carniche,1,0,,,8.0,0,1
Rivoli,via Alpignano,1,0,,,0.0,0,1
Rivoli,via Aosta,1,0,,,35.0,0,1
Rivoli,via Arona,1,0,,,0.0,0,1
Rivoli,via Assisi,1,0,,,6.0,0,1
Rivoli,via Avigliana,1,0,,,0.0,0,1
Rivoli,via Bessaneisa,2,0,,,0.0,0,2
Rivoli,via Biella,1,0,,,2.0,0,1
Rivoli,via Borgone,1,0,,,14.0,0,1
Rivoli,via Cadore Rivoli. Buono stato,1,0,,,9.0,0,1
Rivoli,via Cagliari,1,0,,,18.0,0,1
Rivoli,via Camillo Benso Cavour,1,0,,,4.0,0,1
Rivoli,via Caraglio,1,0,,,12.0,0,1
Rivoli,via Carlo Borgeisa. Quinto,1,0,,,0.0,0,1
Rivoli,via Carlo Ferrero,1,0,,,2.0,0,1
Rivoli,via Cavalieri di Vittorio Veneto,1,0,,,21.0,0,1
Rivoli,via Cervino,1,0,,,22.0,0,1
Rivoli,via Cervino. Buono stato,1,0,,,1.0,0,1
Rivoli,via Chisone,1,0,,,2.0,0,1
Rivoli,via Chisone. Ottimo stato,1,0,,,0.0,0,1
Rivoli,via Cuneo,1,0,,,20.0,0,1
Rivoli,via Cuorgnè,1,0,,,0.0,0,1
Rivoli,via Felisio,1,1,,,30.0,0,0
Rivoli,via Fratelli Macario,3,0,,,4.0,0,3
Rivoli,via Fratelli Piol,5,1,,,1.0,0,4
Rivoli,via Fratelli Rosselli,1,0,,,9.0,0,1
Rivoli,via G. Mazzini,1,1,45000.0,346.15,9.0,0,0
Rivoli,via Garavella,1,0,,,1.0,0,1
Rivoli,via Garessio,1,0,,,13.0,0,1
Rivoli,via Giolitti. Ottimo stato,1,0,,,0.0,0,1
Rivoli,via Giorgio Vecco,1,0,,,17.0,0,1
Rivoli,via Giovanni Battista,1,0,,,0.0,0,1
Rivoli,via Giovanni Battista Rossano,1,0,,,0.0,0,1
Rivoli,via Giuseppe Giacosa,1,0,,,1.0,0,1
Rivoli,via Grado,1,0,,,1.0,0,1
Rivoli,via L. Gatti,1,0,,,28.0,0,1
Rivoli,via Leumann Napoleone. Rivoli. Ottimo stato,1,0,,,27.0,0,1
Rivoli,via Monte Rosa,2,0,,,7.0,0,2
Rivoli,via Orbassano Rivoli. Buono stato,1,1,460000.0,1840.0,15.0,0,0
Rivoli,via Orbetello,1,0,,,4.0,0,1
Rivoli,via PISA,1,0,,,4.0,0,1
Rivoli,via Pasubio. Nuovo,1,0,,,0.0,0,1
Rivoli,via Pasubio. Ottimo stato,1,0,,,24.0,0,1
Rivoli,via Piero Gobetti. Rivoli. Buono stato,1,0,,,3.0,0,1
Rivoli,via Piol,1,0,,,33.0,0,1
Rivoli,via Querro,1,0,,,0.0,0,1
Rivoli,via Rita Levi Montalcini,2,0,,,33.5,0,2
Rivoli,via Rivoli. Genova. Ottimo stato,1,0,,,12.0,0,1
Rivoli,via Roma,1,0,,,0.0,0,1
Rivoli,via Rombò,1,0,,,0.0,0,1
Rivoli,via Rossini,1,0,,,22.0,0,1
Rivoli,via Rovigo,1,1,,,29.0,0,0
Rivoli,via SanPaolo,1,0,,,5.0,0,1
Rivoli,via Sondrio,1,0,,,4.0,0,1
Rivoli,via Stresa,2,0,,,8.0,0,2
Rivoli,via Tevere,1,0,,,16.0,0,1
Rivoli,via Unità d'Italia,1,0,,,5.0,0,1
Rivoli,via al Castello,2,1,,,1.5,0,1
Rivoli,via alpi graie,1,1,,,20.0,0,0
Rivoli,via capra,1,0,,,0.0,0,1
Rivoli,via della Vittoria Rivoli. Nuova,1,0,,,0.0,0,1
Rivoli,via fenestrelle. Buono,1,0,,,11.0,0,1
Rivoli,via fratelli piol. Buono,1,0,,,4.0,0,1
Rivoli,via ivrea,1,0,,,26.0,0,1
Rivoli,via monte sabotino,1,0,,,12.0,0,1
Rivoli,via omegna,1,0,,,18.0,0,1
Rivoli,via pasteur,1,1,,,4.0,0,0
Rivoli,via po,1,1,,,9.0,0,0
Rivoli,via re di puglia,1,0,,,0.0,0,1
Rivoli,via rivoli. Buono stato,1,0,,,1.0,0,1
Rivoli,via roma,1,0,,,14.0,0,1
Rivoli,via rombò,1,0,,,0.0,0,1
Rivoli,via san rocco,1,0,,,2.0,0,1
Rivoli,via volturno,1,0,,,4.0,0,1
Rivoli,via xxiv maggio,1,1,,,3.0,0,0
Rivoli,viale Carrù,2,0,,,16.0,0,2
Rivoli,viale Luigi Nuvoli,1,0,,,0.0,0,1
Rivoli,viale Partigiani d'Italia,1,1,,,10.0,0,0
Rivoli,viale Roberto Simondetti,1,0,,,1.0,0,1
Rivoli,vicolo Castagnevizza,1,0,,,1.0,0,1
Rivoli,vicolo San Pietro,1,1,,,0.0,0,0
Robassomero,Strada del bruco,1,0,,,6.0,0,1
Robassomero,Via Anna Frank,1,0,,,0.0,0,1
Robassomero,Via Giovanni Giolitti,3,0,,,4.0,0,3
Robassomero,Via Giovanni Losa,1,1,,,20.0,0,0
Robassomero,Via Robassomero,1,0,,,0.0,0,1
Robassomero,corso Alcide De Gasperi,1,0,,,1.0,0,1
Robassomero,corso Italia,1,0,,,0.0,0,1
Robassomero,via Diani,1,0,,,0.0,0,1
Robassomero,via Fiano. Nuovo,1,1,,,4.0,0,0
Robassomero,via Giovanni Giolitti,1,0,,,4.0,0,1
Robassomero,via Giovanni Losa Robassomero. Ottimo,1,0,,,4.0,0,1
Robassomero,via Giuseppe Di,1,0,,,22.0,0,1
Robassomero,via Leopoldo Usseglio,1,1,,,0.0,0,0
Robassomero,via Robassomero,3,1,,,5.0,0,2
Robassomero,via San Pietro,3,0,,,4.0,0,3
Robassomero,via Torino,1,0,,,3.0,0,1
Robassomero,via anna frank,1,0,,,4.0,0,1
Robassomero,via canonico maffei,2,0,,,11.0,0,2
Robassomero,via fiano,1,0,,,4.0,0,1
Rosta,Corso Moncenisio,2,1,,,2.0,0,1
Rosta,Corso Susa,1,0,,,0.0,0,1
Rosta,Strada Bucet,4,1,,,4.0,0,3
Rosta,Strada Camporosso,1,0,,,0.0,0,1
Rosta,Strada Ponata,1,0,,,4.0,0,1
Rosta,Strada dei Campi,1,1,930000.0,,7.0,0,0
Rosta,Strada del Verné,1,0,,,2.0,0,1
Rosta,Strada del closio,1,0,,,6.0,0,1
Rosta,Strada della Risera,1,0,,,1.0,0,1
Rosta,Via Józef Wybicki,1,0,,,0.0,0,1
Rosta,Via Józef Wybicki s.n.c,1,0,,,0.0,0,1
Rosta,Via Leonardo Da Vinci,1,0,,,3.0,0,1
Rosta,Via Margrot,1,0,,,3.0,0,1
Rosta,Via Piave,2,0,,,10.0,0,2
Rosta,Via Roberto Vittorangeli,1,0,,,0.0,0,1
Rosta,Via Rosta,1,0,,,0.0,0,1
Rosta,Via Scrivia,1,0,,,0.0,0,1
Rosta,Via Silvio Pellico,1,0,,,3.0,0,1
Rosta,Via Stazione,2,0,,,5.5,0,2
Rosta,Viale Risorgimento,1,0,,,0.0,0,1
Rosta,Viale Risorgimento s.n.c,2,0,,,0.0,0,2
Rosta,corso Moncenisio,7,1,,,5.0,0,6
Rosta,piazza san michele,1,1,,,37.0,0,0
Rosta,via Buttigliera Alta,1,1,339000.0,,37.0,0,0
Rosta,via Chiesa,2,1,,,9.5,0,1
Rosta,via Collodi,1,1,,,28.0,0,0
Rosta,via Faran,1,0,,,4.0,0,1
Rosta,via Faran Rosta. Nuovo,1,1,,,30.0,0,0
Rosta,via Faran. Nuovo,1,0,,,4.0,0,1
Rosta,via Gabriele D'Annunzio,1,0,,,0.0,0,1
Rosta,via Józef Wybicki,1,0,,,1.0,0,1
Rosta,via Luciano Manara,2,1,136000.0,,5.5,0,1
Rosta,via Martiri Di,1,0,,,8.0,0,1
Rosta,via Nino Costa,1,0,,,4.0,0,1
Rosta,via Ottorino Davoli,1,0,,,8.0,0,1
Rosta,via Patrice Lumumba,1,0,,,0.0,0,1
Rosta,via Piave,1,0,,,34.0,0,1
Rosta,via Rivoli,3,0,,,0.0,0,3
Rosta,via Rivoli. Nuovo,2,0,,,7.0,0,2
Rosta,via Rosta,1,1,,,37.0,0,0
Rosta,via Rosta Quinto di Treviso. Ottimo stato,1,0,,,2.0,0,1
Rosta,via Sant'Antonio di Ranverso,2,0,,,1.0,0,2
Rosta,via Stazione,3,0,,,0.0,0,3
Rosta,via Vittorio Valletta,1,0,,,0.0,0,1
Rosta,via corbiglia,1,0,,,34.0,0,1
Rosta,via gabriele d'annunzio,1,0,,,4.0,0,1
Rosta,via rosta,1,0,,,20.0,0,1
Rosta,via stazione,2,1,,,17.0,0,1
Rosta,viale Parigi Riano. Buono stato,1,0,,,0.0,0,1
Rubiana,Borgata Balma,7,1,,,1.0,0,6
Rubiana,Borgata Balma Rubiana,2,0,,,4.0,0,2
Rubiana,Borgata Favella,2,1,,,20.5,0,1
Rubiana,Borgata Gabaira,1,0,,,0.0,0,1
Rubiana,Borgata Girardi Inferiore,1,1,,,10.0,0,0
Rubiana,Borgata Grattasola,2,0,,,6.5,0,2
Rubiana,Borgata Meinà,1,0,,,0.0,0,1
Rubiana,Borgata Ruatta,1,0,,,0.0,0,1
Rubiana,Borgata ferro raimondo,2,0,,,5.5,0,2
Rubiana,Via Roma,3,0,,,0.0,0,3
Rubiana,Via Rubiana,4,1,,,0.0,0,3
Rubiana,borgata franchino,1,0,,,4.0,0,1
Rubiana,borgata roggero,1,1,,,9.0,0,0
Rubiana,strada del Boschetto,1,0,,,15.0,0,1
Rubiana,via Dosso di Rubiana,1,0,,,4.0,0,1
Rubiana,via Europa,1,0,,,4.0,0,1
Rubiana,via Roma,10,3,32400.0,341.05,3.5,0,7
Rubiana,via Rubiana,4,3,310000.0,620.0,2.0,0,1
Salbertrand,Via Salbertrand,2,2,,,27.0,0,0
Salbertrand,frazione San Romano Salbertrand. Buono,1,0,,,3.0,0,1
Salbertrand,via Ludovico Bellardi,1,1,,,27.0,0,0
Salbertrand,via Millaures,1,0,,,0.0,0,1
Salbertrand,via SALBERTRAND,1,1,,,30.0,0,0
Salbertrand,via Salbertrand,1,1,,,32.0,0,0
Salbertrand,via Salbertrand. Buono,1,1,,,32.0,0,0
San Didero,Strada Gaudietti,3,0,,,14.0,0,3
San Didero,Strada della Triglia,1,0,,,4.0,0,1
San Didero,Via A. Abegg,2,0,,,1.0,0,2
San Didero,Via Braida,2,0,,,7.0,0,2
San Didero,Via Frassinere,1,0,,,14.0,0,1
San Didero,Via Roma,2,0,,,8.5,0,2
San Didero,strada della Triglia,1,0,,,14.0,0,1
San Didero,via A. Abegg,2,1,,,18.5,0,1
San Didero,via A.Abegg,1,1,,,37.0,0,0
San Didero,via Augusto Abegg,2,2,68000.0,755.56,24.5,0,0
San Didero,via Braida,2,1,,,34.0,0,1
San Didero,via Braida San Didero. Ottimo stato,1,0,,,2.0,0,1
San Didero,via Braida. Nuovo,1,1,,,31.0,0,0
San Didero,via Frassinere,1,0,,,2.0,0,1
San Didero,via Maometto,2,2,,,15.5,0,0
San Gillio,Strada San Gillio,2,0,,,0.0,0,2
San Gillio,Via Alfieri,6,0,,,7.0,0,6
San Gillio,Via Petrarca,1,0,,,7.0,0,1
San Gillio,Via Silvio Pellico,2,0,,,12.0,0,2
San Gillio,Via Val della Torre,2,0,,,3.5,0,2
San Gillio,Via dei Campi Sportivi,1,0,,,0.0,0,1
San Gillio,strada pianezza,1,0,,,0.0,0,1
San Gillio,via Pietro Micca. San Gillio. Buono stato,1,0,,,0.0,0,1
San Gillio,via Silvio Pellico,1,0,,,16.0,0,1
San Gillio,via Val della Torre,1,0,,,0.0,0,1
San Gillio,via vignati,1,0,,,0.0,0,1
San Giorio,borgata Malpasso,1,1,,,36.0,0,0
San Giorio di Susa,Borgata Adrit,1,0,,,0.0,0,1
San Giorio di Susa,Frazione Martinetti,1,0,,,1.0,0,1
San Giorio di Susa,Frazione Viglietti,1,0,,,0.0,0,1
San Giorio di Susa,Via Carlo Carli,1,0,,,17.0,0,1
San Giorio di Susa,Via Carlo Carli s.n.c,1,0,,,2.0,0,1
San Giorio di Susa,Via Combattenti,1,0,,,15.0,0,1
San Giorio di Susa,Via Susa,4,0,,,3.0,0,4
San Giorio di Susa,frazione Città San Giorio di Susa. Buono,2,2,31500.0,630.0,20.0,0,0
San Giorio di Susa,frazione Martinetti,2,0,,,13.0,0,2
San Giorio di Susa,frazione viglietti,1,0,,,0.0,0,1
San Giorio di Susa,via Carlo,3,1,,,2.0,0,2
San Giorio di Susa,via Carlo Carli,9,4,,,18.0,0,5
San Giorio di Susa,via Carlo Carli San Giorio di Susa,1,1,,,36.0,0,0
San Giorio di Susa,via Combattenti,1,0,,,36.0,0,1
San Giorio di Susa,via Don Cesare,2,0,,,18.0,0,2
San Giorio di Susa,via Don Cesare Martinetti,2,0,,,18.0,0,2
San Giorio di Susa,via Francesco,1,1,38000.0,506.67,28.0,0,0
San Giorio di Susa,via Martinetti,1,1,,,4.0,0,0
San Giorio di Susa,via Susa,6,3,,,21.0,0,3
San Giorio di Susa,via Walter Fontan,1,1,,,31.0,0,0
San Giorio di Susa,via carlo carli,1,0,,,34.0,0,1
San Giorio di Susa,via susa,1,1,,,36.0,0,0
San Valeriano,via Montenero,1,0,,,0.0,0,1
San Valeriano,via Ponte Dora,1,0,,,0.0,0,1
San Valeriano,via San Valeriano,8,4,,,20.0,0,4
San Valeriano,"via San Valeriano ,20",2,1,,,16.0,0,1
San Valeriano,via San Valeriano. Buono,1,1,,,31.0,0,0
San Valeriano,via ponte dora,1,0,,,0.0,0,1
San Valeriano,"via principale del paese e vicina al centro, appartamento al piano terra di",1,1,87000.0,,31.0,0,0
Sangano,Via Gino,1,0,,,0.0,0,1
Sangano,piazza Marco Matta,1,0,,,0.0,0,1
Sangano,via Cuminalunga,1,1,,,28.0,0,0
Sangano,via Merlino,1,1,,,27.0,0,0
Sangano,via Venezia,1,0,,,4.0,0,1
Sant'Ambrogio di Torino,Strada Antica di Francia,1,1,225000.0,1562.5,32.0,0,0
Sant'Ambrogio di Torino,Via Falconero,1,0,,,1.0,0,1
Sant'Ambrogio di Torino,Via Umberto I,3,0,,,1.0,0,3
Sant'Ambrogio di Torino,Via Umberto I s.n.c,1,0,,,0.0,0,1
Sant'Ambrogio di Torino,via Giaveno Sant'Ambrogio di Torino. Da,2,2,,,30.0,0,0
Sant'Ambrogio di Torino,via Pautassi Sant'Ambrogio di Torino,1,1,,,32.0,0,0
Sant'Ambrogio di Torino,via Umberto I,1,0,,,0.0,0,1
Sant'Ambrogio di Torino,via ex internati,1,1,,,32.0,0,0
Sant'Antonino di Susa,Borgata San Tamborno,2,0,,,6.0,0,2
Sant'Antonino di Susa,Piazza Libertà,1,0,,,24.0,0,1
Sant'Antonino di Susa,Strada Pianpalmero s.n.c,1,0,,,36.0,0,1
Sant'Antonino di Susa,Via Augusto Abegg,4,0,,,0.0,0,4
Sant'Antonino di Susa,Via Giuseppe Verdi,1,0,,,24.0,0,1
Sant'Antonino di Susa,Via Maisonetta,3,0,,,2.0,0,3
Sant'Antonino di Susa,Via Medagli,2,0,,,12.0,0,2
Sant'Antonino di Susa,Via Moncenisio,3,0,,,0.0,0,3
Sant'Antonino di Susa,Via Moncenisio a Sant'Antonino di Susa,1,0,,,0.0,0,1
Sant'Antonino di Susa,Via Superga,1,0,,,2.0,0,1
Sant'Antonino di Susa,Via Torino,5,0,,,0.0,0,5
Sant'Antonino di Susa,Via Vaie,1,0,,,2.0,0,1
Sant'Antonino di Susa,Viale IV Novembre,2,0,,,7.5,0,2
Sant'Antonino di Susa,corso Stati Uniti,1,0,,,4.0,0,1
Sant'Antonino di Susa,via Abegg,1,0,,,1.0,0,1
Sant'Antonino di Susa,via Assietta,1,1,,,37.0,0,0
Sant'Antonino di Susa,via Assietta Sant'Antonino di Susa. Nuova,1,1,,,1.0,0,0
Sant'Antonino di Susa,via Augusto Abegg,1,0,,,3.0,0,1
Sant'Antonino di Susa,via Celso,1,1,,,22.0,0,0
Sant'Antonino di Susa,via Giuseppe,1,1,34832.0,622.0,37.0,0,0
Sant'Antonino di Susa,via Maisonetta,2,1,,,19.0,0,1
Sant'Antonino di Susa,via Maisonetta. Sant'Antonino di Susa,1,0,,,11.0,0,1
Sant'Antonino di Susa,via Mario,3,3,,,31.0,0,0
Sant'Antonino di Susa,via Mario Celso,1,0,,,2.0,0,1
Sant'Antonino di Susa,via Medagli,8,4,,,23.5,0,4
Sant'Antonino di Susa,via Moncenisio,3,1,,,6.0,0,2
Sant'Antonino di Susa,via Rocciamelone,1,0,,,16.0,0,1
Sant'Antonino di Susa,via Roma,2,0,,,18.0,0,2
Sant'Antonino di Susa,via Superga,3,0,,,1.0,0,3
Sant'Antonino di Susa,via Torino. Sant'Antonino di Susa,1,0,,,8.0,0,1
Sant'Antonino di Susa,via Torino. Sant'Antonino di Susa. Ottimo stato,1,1,,,37.0,0,0
Sant'Antonino di Susa,via Vaie,1,0,,,29.0,0,1
Sant'Antonino di Susa,via Vaie. Sant'Antonino di Susa. Ottimo stato,1,0,,,5.0,0,1
Sant'Antonino di Susa,via Vignassa,2,1,,,18.0,0,1
Sant'Antonino di Susa,via Vignassa. Sant'Antonino di Susa. Buono,1,0,,,1.0,0,1
Sant'Antonino di Susa,via abegg,1,0,,,26.0,0,1
Sant'Antonino di Susa,via aurelia,1,0,,,34.0,0,1
Sant'Antonino di Susa,via medagli,1,1,,,37.0,0,0
Sant'Antonino di Susa,via moncenisio Sant'Antonino di Susa,1,0,,,1.0,0,1
Sant'Antonino di Susa,viale IV Novembre,1,0,,,0.0,0,1
Sant'Antonino di Susa,vicolo Frejus,1,0,,,0.0,0,1
Susa,Corso Susa,1,0,,,0.0,0,1
Susa,Via Antica di Susa,1,0,,,0.0,0,1
Susa,Via Martiri della Libertà,1,0,,,4.0,0,1
Susa,Via Susa,1,0,,,0.0,0,1
Susa,corso Luciano Couvert,1,1,,,37.0,0,0
Susa,corso Susa,4,2,,,14.5,0,2
Susa,corso stati uniti. Susa. Buono stato,1,0,,,0.0,0,1
Susa,via Antica di Susa,1,1,,,32.0,0,0
Susa,via Suffis Meana di Susa. Da,1,1,,,36.0,0,0
Susa,via Susa,2,1,,,18.5,0,1
Susa,via Traverse Meana di Susa. Buono,1,0,,,4.0,0,1
Susa,via Traverse. Buono,1,1,,,31.0,0,0
Susa,via dei Sei Martiri,1,1,,,37.0,0,0
Susa,via dei sei martiri. Buono,1,0,,,0.0,0,1
Trana,Borgata Colombè Inferiore,2,0,,,1.5,0,2
Trana,Borgata Cordero,1,1,,,42.0,0,0
Trana,Borgata San Giovanni,1,0,,,4.0,0,1
Trana,Borgata Udritto,1,1,120000.0,,42.0,0,0
Trana,Piazza della libertà s.n.c,1,0,,,0.0,0,1
Trana,Strada Avigliana,2,1,,,25.5,0,1
Trana,Strada Mollar,1,1,,,0.0,0,0
Trana,Via Giuseppe Mazzini,1,0,,,2.0,0,1
Trana,Via Giuseppe Mazzini a Trana,1,0,,,0.0,0,1
Trana,Via Raffaello,3,0,,,0.0,0,3
Trana,Via Santuario,1,0,,,40.0,0,1
Trana,Via Trana,1,0,,,0.0,0,1
Trana,Via Vercelli,1,0,,,0.0,0,1
Trana,Via Zona Industriale a Trana,1,0,,,4.0,0,1
Trana,piazza Libertà. Ottimo stato,2,1,,,1.5,0,1
Trana,piazza dei Caduti,1,0,,,3.0,0,1
Trana,via Dante Alighieri,1,1,,,42.0,0,0
Trana,via Giacomo Leopardi,1,1,,,3.0,0,0
Trana,via Giordano Bruno,1,0,,,5.0,0,1
Trana,via Lunga,1,0,,,15.0,0,1
Trana,via Piave,1,0,,,26.0,0,1
Trana,via Raffaello,1,0,,,3.0,0,1
Trana,via Raffaello Sanzio,1,1,185000.0,1350.36,42.0,0,0
Trana,via Roma,2,0,,,22.5,0,2
Trana,via Ugo Foscolo,1,0,,,4.0,0,1
Trana,via Ugo Foscolo Trana. Ottimo stato,1,0,,,4.0,0,1
Trana,via Vercelli,1,1,,,42.0,0,0
Trana,via alessandria,1,0,,,0.0,0,1
Trana,via raffaello,1,0,,,0.0,0,1
Vaie,Via Peirolero,1,1,,,47.0,0,0
Vaie,Via Roma,1,0,,,26.0,0,1
Vaie,Vicolo Superiore,1,0,,,20.0,0,1
Vaie,piazza del Priore,1,0,,,0.0,0,1
Vaie,via 1 Maggio,1,0,,,4.0,0,1
Vaie,via I Maggio,1,1,,,37.0,0,0
Vaie,via Peirolero,2,1,,,20.5,0,1
Vaie,via Roma Vaie. Da ristrutturare,1,0,,,4.0,0,1
Vaie,via Torino,1,0,,,34.0,0,1
Vaie,via Vaie,1,0,,,4.0,0,1
Vaie,via torino,1,0,,,4.0,0,1
Val della Torre,Via Bertolotto,2,0,,,27.0,0,2
Val della Torre,Via Borgonuovo,1,0,,,27.0,0,1
Val della Torre,Via Chiaberge,1,0,,,27.0,0,1
Val della Torre,Via Gibbione s.n.c,1,0,,,0.0,0,1
Val della Torre,Via Montelera,1,0,,,6.0,0,1
Val della Torre,Via Mulino,2,1,,,1.5,0,1
Val della Torre,Via San Lucia,1,0,,,27.0,0,1
Val della Torre,Via Sis,2,0,,,3.0,0,2
Val della Torre,Via Sis a Val della Torre,1,0,,,0.0,0,1
Val della Torre,Via Val della Torre,11,0,,,9.0,0,11
Val della Torre,via Alpignano,2,0,,,0.0,0,2
Val della Torre,via Bertolotto,1,0,,,4.0,0,1
Val della Torre,via Borgo Nuovo,1,0,,,27.0,0,1
Val della Torre,via Bussoneis,1,0,,,18.0,0,1
Val della Torre,via Chiaberge,1,1,,,2.0,0,0
Val della Torre,via Ciaine,1,1,,,19.0,0,0
Val della Torre,via Fornace,2,1,338000.0,422.5,14.0,0,1
Val della Torre,via Gibbione,1,0,,,2.0,0,1
Val della Torre,via Montelera,1,0,,,15.0,0,1
Val della Torre,via Sis,1,0,,,9.0,0,1
Val della Torre,via Val Della Torre,1,0,,,0.0,0,1
Val della Torre,via Val della Torre,5,1,,,2.0,0,4
Val della Torre,via mulino,1,0,,,0.0,0,1
Valgioie,Borgata Bussone,2,0,,,0.0,0,2
Valgioie,Borgata Chiapero,2,2,,,37.0,0,0
Valgioie,Borgata Chiappero,4,2,20000.0,,8.0,0,2
Valgioie,Borgata Chiodrero,1,0,,,0.0,0,1
Valgioie,Borgata Combravino,1,1,,,14.0,0,0
Valgioie,Borgata Modoprato. Ottimo,1,0,,,4.0,0,1
Valgioie,Via Valgioie,1,0,,,0.0,0,1
Valgioie,via Valgioie,3,1,,,14.0,0,2
Varisella,Borgata Moncolombone,1,0,,,4.0,0,1
Varisella,via varisella,1,1,,,1.0,0,0
Venaus,Frazione Bar Cenisio,2,0,,,2.0,0,2
Venaus,Via Antica Reale,1,0,,,1.0,0,1
Venaus,frazione Molino,1,1,44043.0,,29.0,0,0
Villar Dora,Borgata Bert,3,0,,,4.0,0,3
Villar Dora,Borgata Cordonatto,1,0,,,3.0,0,1
Villar Dora,Borgata Molino,2,0,,,6.5,0,2
Villar Dora,Borgata Richetto,1,0,,,4.0,0,1
Villar Dora,Borgata Vindrola,1,0,,,3.0,0,1
Villar Dora,VIA ARDUINO,1,1,27000.0,,13.0,0,0
Villar Dora,Via Al Cerrone,2,0,,,13.0,0,2
Villar Dora,Via Avigliana,1,0,,,13.0,0,1
Villar Dora,Via Celle,3,0,,,4.0,0,3
Villar Dora,Via Cuminie,1,0,,,0.0,0,1
Villar Dora,Via Merlo,1,0,,,4.0,0,1
Villar Dora,Via San Vincenzo,1,0,,,0.0,0,1
Villar Dora,Via Sant'Ambrogio,3,0,,,13.0,0,3
Villar Dora,Vicolo Marchetti,1,0,,,0.0,0,1
Villar Dora,via Al Cerrone,1,0,,,14.0,0,1
Villar Dora,via Almese,1,0,,,0.0,0,1
Villar Dora,via Borgionera,1,0,,,10.0,0,1
Villar Dora,via Borgionera Villar Dora. Ottimo stato,1,0,,,6.0,0,1
Villar Dora,via Celle,3,1,,,11.0,0,2
Villar Dora,via Celle s.n.c,1,0,,,0.0,0,1
Villar Dora,via Cuminie,1,0,,,14.0,0,1
Villar Dora,via San Vincenzo,1,0,,,14.0,0,1
Villar Dora,via Sant'Ambrogio,1,0,,,4.0,0,1
Villar Dora,via Sant'Anastasio,1,0,,,4.0,0,1
Villar Dora,via Sotto Castello,1,0,,,28.0,0,1
Villar Dora,vicolo Genta,1,0,,,11.0,0,1
Villar Focchiardo,Borgata Castellaro,1,1,,,23.0,0,0
Villar Focchiardo,Borgata Lanzore,1,0,,,19.0,0,1
Villar Focchiardo,Via Chiesali,5,0,,,0.0,0,5
Villar Focchiardo,Via Chiesali a Villar Focchiardo,1,0,,,42.0,0,1
Villar Focchiardo,Via Chiesali s.n.c,1,0,,,42.0,0,1
Villar Focchiardo,Via Conte Carroccio,1,0,,,8.0,0,1
Villar Focchiardo,Via Dante Alighieri,1,0,,,2.0,0,1
Villar Focchiardo,Via Fratelli Rumiano,1,0,,,0.0,0,1
Villar Focchiardo,Via Giaconera,1,0,,,19.0,0,1
Villar Focchiardo,Via Pelissero,1,0,,,19.0,0,1
Villar Focchiardo,Via Preinera a Villar Focchiardo,1,0,,,5.0,0,1
Villar Focchiardo,Via Roma,2,0,,,9.5,0,2
Villar Focchiardo,Via Roma s.n.c,1,0,,,0.0,0,1
Villar Focchiardo,via Chiapinetto,1,0,,,0.0,0,1
Villar Focchiardo,via Chiesali,5,0,,,15.0,0,5
Villar Focchiardo,via Chiesali Villar Focchiardo. Posto,1,0,,,2.0,0,1
Villar Focchiardo,via Copotti,1,0,,,33.0,0,1
Villar Focchiardo,via Dante,1,0,,,6.0,0,1
Villar Focchiardo,via Pelissero,1,0,,,0.0,0,1
Villar Focchiardo,via Villar Focchiardo,4,1,,,12.5,0,3
Villarbasse,Strada Camporosso,1,0,,,0.0,0,1
Villarbasse,Strada Truc Carlevè,1,0,,,4.0,0,1
Villarbasse,Via Maria Vittone,1,0,,,0.0,0,1
Villarbasse,Via Rivoli,2,0,,,0.5,0,2
Villarbasse,Via San Rocco,1,0,,,3.0,0,1
Villarbasse,Via Villarbasse,1,0,,,1.0,0,1
Villarbasse,via Castaudi,1,1,,,32.0,0,0
Villarbasse,via Cesare Pavese,1,1,,,10.0,0,0
Villarbasse,via Combabona,1,0,,,4.0,0,1
Villarbasse,via Fratelli Cervi,1,0,,,0.0,0,1
Villarbasse,via Fratelli Roasio,1,0,,,5.0,0,1
Villarbasse,via Fratelli Vitrani,1,1,,,30.0,0,0
Villarbasse,via Frejus,1,0,,,0.0,0,1
Villarbasse,via Giuseppe Castaudi,1,1,,,32.0,0,0
Villarbasse,via Maria Vittone,1,1,,,22.0,0,0
Villarbasse,via Matteotti,1,0,,,0.0,0,1
Villarbasse,via Pavarolo. Buono stato,1,0,,,2.0,0,1
Villarbasse,via Primo Sole,1,0,,,4.0,0,1
Villarbasse,via Rivoli,3,1,,,4.0,0,2
Villarbasse,via Rivoli. Villarbasse. Ottimo stato,1,0,,,0.0,0,1
Villarbasse,via Rocciamelone,1,1,,,11.0,0,0
Villarbasse,via San Rocco,2,1,,,13.5,0,1
Villarbasse,via Villarbasse,5,0,,,4.0,0,5
Villarbasse,via Villarbasse Roma. Buono stato,1,0,,,6.0,0,1
Villarbasse,via casotto,1,0,,,0.0,0,1
Villarbasse,via delle Ginestre,1,0,,,3.0,0,1
Villarbasse,vicolo Cristoforo Colombo,1,0,,,0.0,0,1
