ID,COMUNE,TITOLO,FONTE,URL,MOTIVO_SCARTO
8c2bf7566b731a977793,Almese,161 immobili in vendita a Almese - Trovit,Trovit,https://case.trovit.it/almese,EVIDENZA_INSUFFICIENTE
1f6a089f092103b77b70,Almese,Case e appartamenti a Almese. Immobili in vendita a Almese - Nestoria,Nestoria,https://www.nestoria.it/immobiliare/vendita/almese,EVIDENZA_INSUFFICIENTE
2bcdb0fc06c342a547fe,Almese,476 Immobili in vendita a Almese - Mitula Case,Mercato generale,https://immobiliare.mitula.it/almese,EVIDENZA_INSUFFICIENTE
9bd098c51c8133127d2c,Alpignano,26.535 immobili in vendita a Alpignano - Nestoria,Nestoria,https://www.nestoria.it/immobiliare/vendita/alpignano,EVIDENZA_INSUFFICIENTE
b1401933cac7e2c369de,Avigliana,"7 immobili in vendita a Villaggio Primavera, Avigliana - Trovit",Trovit,https://case.trovit.it/avigliana-villaggio-primavera,EVIDENZA_INSUFFICIENTE
26cf0943b957c20d714b,Bardonecchia,Bardonecchia - Vendita case Piemonte - Subito.it,Subito privati,https://www.subito.it/annunci-piemonte/vendita/immobili/?q=bardonecchia,PAGINA_CATEGORIA
0e12d064bae5d860bc52,Borgone Susa,Case e appartamenti a Borgone Susa. Immobili in vendita a ... - Nestoria,Nestoria,https://www.nestoria.it/immobiliare/vendita/borgone-susa,EVIDENZA_INSUFFICIENTE
47135bc91bf7c508eab1,Borgone Susa,Instagram,Mercato generale,https://www.instagram.com/p/DZKRZL7jUzy/,EVIDENZA_INSUFFICIENTE
e099c779e47a7c196687,Bruzolo,Case in vendita Bruzolo - Immobili - Subito.it,Subito privati,https://www.subito.it/annunci-piemonte/vendita/immobili/torino/bruzolo/,PAGINA_CATEGORIA
19c9ef1d5bdcb15f3a4f,Bussoleno,3.510 immobili in vendita a Bussoleno - Nestoria,Nestoria,https://www.nestoria.it/immobiliare/vendita/bussoleno,EVIDENZA_INSUFFICIENTE
10698c969fa8042304d9,Bussoleno,Case in vendita Bussoleno - Immobili - Subito.it,Subito privati,https://www.subito.it/annunci-piemonte/vendita/immobili/torino/bussoleno/,PAGINA_CATEGORIA
5d924ed7c79b8294bb53,Buttigliera Alta,"19 immobili in vendita a Le Fronde, Buttigliera Alta - Trovit",Trovit,https://case.trovit.it/fronde,EVIDENZA_INSUFFICIENTE
192f1494fe8063fb7926,Buttigliera Alta,Case in vendita Buttigliera Alta - Immobili - Subito.it,Subito privati,https://www.subito.it/annunci-piemonte/vendita/immobili/torino/buttigliera-alta/,PAGINA_CATEGORIA
0a1a6405fa7461e888f5,Buttigliera Alta,24.555 immobili in vendita a Ferriera Buttigliera Alta,Nestoria,https://www.nestoria.it/immobiliare/vendita/ferriera_buttigliera-alta,EVIDENZA_INSUFFICIENTE
f0b63c6b7d702cf5af2f,Buttigliera Alta,"Prisma Immobili | case in vendita | Buttigliera Alta, Metropolitan City ...",Mercato generale,https://www.prismaimmobili.it/,EVIDENZA_INSUFFICIENTE
759393e92676dd05461a,Buttigliera Alta,L'osservatorio del mercato immobiliare a Buttigliera Alta.,Mercato generale,https://www.mercato-immobiliare.info/piemonte/torino/buttigliera-alta.html,EVIDENZA_INSUFFICIENTE
6ab96465c7547b817e67,Caprie,61 immobili in vendita a Caprie - Trovit,Trovit,https://case.trovit.it/caprie,EVIDENZA_INSUFFICIENTE
c12a87e042743f06ae75,Caprie,Case in vendita Caprie - Immobili - Subito.it,Subito privati,https://www.subito.it/annunci-piemonte/vendita/immobili/torino/caprie/,PAGINA_CATEGORIA
371b712dd76612136457,Caselette,41 Rustici in vendita a Caselette - Mitula Case,Mercato generale,https://immobiliare.mitula.it/rustico-caselette,EVIDENZA_INSUFFICIENTE
40faefc3a05b5aff18ff,Caselette,Case in vendita Caselette - Immobili - Subito.it,Subito privati,https://www.subito.it/annunci-piemonte/vendita/immobili/torino/caselette/,PAGINA_CATEGORIA
a1ea668f112be24ab116,Chianocco,Case a Chianocco. Ville in vendita a Chianocco - Nestoria,Nestoria,https://www.nestoria.it/case/vendita/chianocco,EVIDENZA_INSUFFICIENTE
d364c8e882bb12849ed6,Chianocco,Case in vendita Chianocco - Immobili - Subito.it,Subito privati,https://www.subito.it/annunci-piemonte/vendita/immobili/torino/chianocco/,PAGINA_CATEGORIA
6c14180f0dc09ba30a71,Chiusa di San Michele,Case e appartamenti a Chiusa di San Michele. Immobili in vendita a ...,Nestoria,https://www.nestoria.it/immobiliare/vendita/chiusa-di-san-michele,EVIDENZA_INSUFFICIENTE
51b94506b0079e4b2d9c,Chiusa di San Michele,58 immobili in vendita a Chiusa di San Michele - Trovit,Trovit,https://case.trovit.it/chiusa-san-michele,EVIDENZA_INSUFFICIENTE
81f71c98d2297e125f38,Chiusa di San Michele,Case in vendita Chiusa di San Michele - Immobili - Subito.it,Subito privati,https://www.subito.it/annunci-piemonte/vendita/immobili/torino/chiusa-di-san-michele/,PAGINA_CATEGORIA
0539cd5cdf49fef7b4ec,Chiusa di San Michele,Appartamento in vendita a Chiusa di San Michele (Torino) - rif. Chiusa 2,Mercato generale,https://www.denhouseimmobiliare.it/web/immobile_dettaglio.asp?cod_annuncio=371446&language=ita,EVIDENZA_INSUFFICIENTE
5f5f9e6cc112357bba42,Chiusa di San Michele,Cascina/Casale in vendita a Chiusa di San Michele Cod. 34221003-1955,Mercato generale,https://www.fcimmobiliare.it/i-671934-vendita-cascinacasale-chiusa-di-san-michele/,EVIDENZA_INSUFFICIENTE
5fc55514401c879f86c1,Coazze,66 immobili villa in vendita a Coazze - Trovit,Trovit,https://case.trovit.it/villa-coazze,EVIDENZA_INSUFFICIENTE
7af666f251eb1ae977a9,Coazze,Case in vendita Coazze - Immobili - Subito.it,Subito privati,https://www.subito.it/annunci-piemonte/vendita/immobili/torino/coazze/,PAGINA_CATEGORIA
9b93ebd08af5840b06a9,Coazze,"30 immobili in vendita a Forno, Coazze - Trovit",Trovit,https://case.trovit.it/forno-coazze,EVIDENZA_INSUFFICIENTE
6d0da11f6f37738e7b11,Collegno,25 Immobili in vendita gramsci a Collegno - Mitula Case,Mercato generale,https://immobiliare.mitula.it/gramsci-collegno,EVIDENZA_INSUFFICIENTE
109b2937ad76b2c31e45,Condove,Case e appartamenti a Condove. Immobili in vendita a Condove - Nestoria,Nestoria,https://www.nestoria.it/immobiliare/vendita/condove,EVIDENZA_INSUFFICIENTE
26c747e2aec55e38fc2b,Condove,163 immobili in vendita a Condove - Trovit,Trovit,https://case.trovit.it/condove,EVIDENZA_INSUFFICIENTE
4c07fb8f9747121faed9,Condove,172 Case in vendita a Condove - Mitula Case,Mercato generale,https://immobiliare.mitula.it/casa-condove,EVIDENZA_INSUFFICIENTE
583d14f0d7e8f197362f,Giaglione,Case in vendita Giaglione - Immobili - Subito.it,Subito privati,https://www.subito.it/annunci-piemonte/vendita/immobili/torino/giaglione/,PAGINA_CATEGORIA
9d870772ada9f3aaf340,Giaglione,Instagram,Mercato generale,https://www.instagram.com/p/DZcPoC0jctl/,EVIDENZA_INSUFFICIENTE
e8644e45333078f370fa,Gravere,Case e appartamenti a Gravere. Immobili in vendita a Gravere - Nestoria,Nestoria,https://www.nestoria.it/immobiliare/vendita/gravere,EVIDENZA_INSUFFICIENTE
a0b8aba80a5c39d09e6e,Gravere,49 immobili in vendita a Gravere - Trovit,Trovit,https://case.trovit.it/gravere,EVIDENZA_INSUFFICIENTE
8deb529003110157d70e,Gravere,Case in vendita Gravere - Immobili - Subito.it,Subito privati,https://www.subito.it/annunci-piemonte/vendita/immobili/torino/gravere/,PAGINA_CATEGORIA
36eacc8c750655d7e243,Grugliasco,18 Appartamenti in vendita gramsci a Grugliasco - Mitula Case,Mercato generale,https://immobiliare.mitula.it/appartamento-gramsci-grugliasco,EVIDENZA_INSUFFICIENTE
57cbed1f606dba9ecb04,Grugliasco,5 Case in vendita gramsci a Grugliasco - Mitula Case,Mercato generale,https://immobiliare.mitula.it/casa-gramsci-grugliasco,EVIDENZA_INSUFFICIENTE
9521e4b8eb97f77f0598,Mattie,Case in vendita Mattie - Immobili - Subito.it,Subito privati,https://www.subito.it/annunci-piemonte/vendita/immobili/torino/mattie/,PAGINA_CATEGORIA
09d92d9e2db450bdab7e,Meana di Susa,Case in vendita Meana di Susa - Immobili - Subito.it,Subito privati,https://www.subito.it/annunci-piemonte/vendita/immobili/torino/meana-di-susa/,PAGINA_CATEGORIA
25e4b98bb02380b29043,Mompantero,Case in vendita Mompantero - Immobili - Subito.it,Subito privati,https://www.subito.it/annunci-piemonte/vendita/immobili/torino/mompantero/,PAGINA_CATEGORIA
c0878aeada2ed6008db8,Oulx,236 immobili in vendita a Oulx - Trovit,Trovit,https://case.trovit.it/oulx,EVIDENZA_INSUFFICIENTE
23c627a164536b503246,Pianezza,Pianezza - Vendita case Piemonte - Subito.it,Subito privati,https://www.subito.it/annunci-piemonte/vendita/immobili/?q=pianezza,PAGINA_CATEGORIA
34a652fd73504a581aed,Pianezza,Case indipendenti e ville a schiera in vendita Pianezza - Subito.it,Subito privati,https://www.subito.it/annunci-piemonte/vendita/ville-singole-e-a-schiera/torino/pianezza/,EVIDENZA_INSUFFICIENTE
812d44942fb61458cf21,Reano,Case e appartamenti a Reano. Immobili in vendita a Reano - Nestoria,Nestoria,https://www.nestoria.it/immobiliare/vendita/reano,EVIDENZA_INSUFFICIENTE
f073bf97e2a0894b0f8a,Reano,Case in vendita Reano - Immobili - Subito.it,Subito privati,https://www.subito.it/annunci-piemonte/vendita/immobili/torino/reano/,PAGINA_CATEGORIA
180fd3b192de1a3ccffe,Reano,61 Rustici in vendita a Reano - Mitula Case,Mercato generale,https://immobiliare.mitula.it/rustico-reano,EVIDENZA_INSUFFICIENTE
75bea38c2e641daa5e3e,Rivoli,57 immobili villa collina in vendita a Rivoli - Trovit,Trovit,https://case.trovit.it/villa-collina-rivoli,EVIDENZA_INSUFFICIENTE
033e4c5815c3ce197d27,Rivoli,Immobili in vendita a Rivoli | Gabetti,Mercato generale,https://www.gabetti.it/vendita/rivoli,PAGINA_CATEGORIA
19e4d46c5e7c11ee620c,Rivoli,Case e appartamenti a Rivoli Torino. Immobili in vendita a Rivoli ...,Nestoria,https://www.nestoria.it/immobiliare/vendita/rivoli,EVIDENZA_INSUFFICIENTE
6fdcf9be95ed00e1f4ff,Rubiana,131 immobili in vendita a Rubiana - Trovit,Trovit,https://case.trovit.it/rubiana,EVIDENZA_INSUFFICIENTE
bc143baaf07add9ead26,Rubiana,Case in vendita Rubiana - Immobili - Subito.it,Subito privati,https://www.subito.it/annunci-piemonte/vendita/immobili/torino/rubiana/,PAGINA_CATEGORIA
b74a134d730b31fa0bc7,Rubiana,Case in vendita Rubiana Caprino veronese (Verona) da agenzie immobiliari,Mercato generale,https://www.caseinvendita360.com/case-vendita-agenzie-rubiana-caprino-veronese-vr,PAGINA_CATEGORIA
78a40ead67d790da4b21,San Giorio,Case in vendita San Giorio di Susa - Immobili - Subito.it,Subito privati,https://www.subito.it/annunci-piemonte/vendita/immobili/torino/san-giorio-di-susa/,PAGINA_CATEGORIA
f6ed4722bcf102d0b386,Sangano,60 immobili villa in vendita a Sangano - Trovit,Trovit,https://case.trovit.it/villa-sangano,EVIDENZA_INSUFFICIENTE
50c18056a4760e9cba2b,Sangano,Case in vendita Sangano - Immobili - Subito.it,Subito privati,https://www.subito.it/annunci-piemonte/vendita/immobili/torino/sangano/,PAGINA_CATEGORIA
744d2e5b3957380bdd05,Sangano,Pragma Case,Mercato generale,https://pragmacase.it/,EVIDENZA_INSUFFICIENTE
2e12fd31e6f76c8469cd,Sant'Antonino di Susa,"Case in vendita a Sant'Antonino di Susa, Valli Susa, Sangone",Mercato generale,https://caseinvenditainaffitto.it/case-in-vendita/sant-antonino-di-susa-valli-susa-sangone,PAGINA_CATEGORIA
3444bb3f22989d4a87cb,Sant'Antonino di Susa,41 immobili in vendita a Sant'Antonino di Susa - Trovit,Trovit,https://case.trovit.it/sant-antonino-susa,EVIDENZA_INSUFFICIENTE
93c25228125292ec5155,Sant'Antonino di Susa,Sant'antonino Di Susa - 48 case in vendita in Sant'Antonino Di Susa de ...,Mercato generale,https://www.nuroa.it/vendita-immobili/sant-antonino-di-susa,EVIDENZA_INSUFFICIENTE
9d980b4eaccd23c79a1b,Susa,72 immobili in vendita a Susa - Trovit,Trovit,https://case.trovit.it/susa,EVIDENZA_INSUFFICIENTE
8217649129383c1f5fe9,Susa,106 Appartamenti in vendita a Susa - Mitula Case,Mercato generale,https://immobiliare.mitula.it/appartamento-susa,EVIDENZA_INSUFFICIENTE
925e143232e86a0615ba,Susa,Casa Val Susa - 14 case in vendita in Susa de Nuroa.it,Mercato generale,https://www.nuroa.it/vendita-immobili/casa-val-susa,EVIDENZA_INSUFFICIENTE
7b797b2a5923d775c2bb,Trana,Case e appartamenti a Trana. Immobili in vendita a Trana - Nestoria,Nestoria,https://www.nestoria.it/immobiliare/vendita/trana,EVIDENZA_INSUFFICIENTE
09a6daabc96537c3d798,Trana,"Case in vendita a Moranda, Trana - Case in Vendita e in Affitto",Mercato generale,https://caseinvenditainaffitto.it/case-in-vendita/moranda-trana,PAGINA_CATEGORIA
021b9fd9d5d81cfe9731,Trana,Case in vendita a Trana - Wikicasa,Wikicasa,https://www.wikicasa.it/vendita-case/trana/,PAGINA_CATEGORIA
e9afe4cf450cf2bd3da1,Val della Torre,Case in vendita Val della Torre - Immobili - Subito.it,Subito privati,https://www.subito.it/annunci-piemonte/vendita/immobili/torino/val-della-torre/,PAGINA_CATEGORIA
a14b983efe1f237f4698,Valgioie,159 Case in vendita a Valgioie - Mitula Case,Mercato generale,https://immobiliare.mitula.it/casa-valgioie,EVIDENZA_INSUFFICIENTE
fc85710dfca4473b9da7,Valgioie,Case in vendita Valgioie - Immobili - Subito.it,Subito privati,https://www.subito.it/annunci-piemonte/vendita/immobili/torino/valgioie/,PAGINA_CATEGORIA
e54fb59cd15056e1c29f,Villar Dora,Case in vendita Villar Dora - Immobili - Subito.it,Subito privati,https://www.subito.it/annunci-piemonte/vendita/immobili/torino/villar-dora/,PAGINA_CATEGORIA
4f9840d7dc44baba7376,Villar Focchiardo,8.189 immobili in vendita a Villar Focchiardo - Nestoria,Nestoria,https://www.nestoria.it/immobiliare/vendita/villar-focchiardo,EVIDENZA_INSUFFICIENTE
2066b977f1eb3a9601a7,Villar Focchiardo,"Case in vendita a Villar Focchiardo, Valli Susa, Sangone",Mercato generale,https://caseinvenditainaffitto.it/case-in-vendita/villar-focchiardo-valli-susa-sangone,PAGINA_CATEGORIA
829d769851b3f5f63e15,Villar Focchiardo,Case in vendita Villar Focchiardo - Immobili - Subito.it,Subito privati,https://www.subito.it/annunci-piemonte/vendita/immobili/torino/villar-focchiardo/,PAGINA_CATEGORIA
67650d5baf1875e414c1,Villar Focchiardo,Porzione di casa in vendita a Villar Focchiardo Cod. 34221003-1778,Mercato generale,https://www.fcimmobiliare.it/i-671756-vendita-porzione-di-casa-villar-focchiardo/,EVIDENZA_INSUFFICIENTE
aa2a7977de1fbef1ad7d,Villar Focchiardo,Bassa Susa - 48 case in vendita in Susa de Nuroa.it,Mercato generale,https://www.nuroa.it/vendita-immobili/bassa-susa,EVIDENZA_INSUFFICIENTE
551bcebb029a786437d0,Villarbasse,Case in vendita a Villarbasse - Wikicasa,Wikicasa,https://www.wikicasa.it/vendita-case/villarbasse/,PAGINA_CATEGORIA
46307b17219ffd611036,Villarbasse,67 immobili villa in vendita a Villarbasse - Trovit,Trovit,https://case.trovit.it/villa-villarbasse,EVIDENZA_INSUFFICIENTE
56956488ae34a4c54e88,Villarbasse,Case in vendita Villarbasse - Immobili - Subito.it,Subito privati,https://www.subito.it/annunci-piemonte/vendita/immobili/torino/villarbasse/,PAGINA_CATEGORIA
007501736cd72e197d7c,Villarbasse,513 Ville Indipendenti in vendita a Villarbasse - Mitula Case,Mercato generale,https://immobiliare.mitula.it/villa-indipendente-villarbasse,EVIDENZA_INSUFFICIENTE
e28163f4853d4f9313e1,Bardonecchia,Case e appartamenti a Bardonecchia. Immobili in vendita a ... - Nestoria,Nestoria,https://www.nestoria.it/immobiliare/vendita/bardonecchia,EVIDENZA_INSUFFICIENTE
fb8e03d8101b8a9cea31,Bruzolo,"Casa indipendente in vendita, Bruzolo, Ristrutturato con box, 190 mq ...",Wikicasa,https://www.wikicasa.it/annuncio/30661366,EVIDENZA_INSUFFICIENTE
369c8faa870279f34cf4,Coazze,110 casas in vendita a Coazze - Trovit,Trovit,https://case.trovit.it/casa-coazze,EVIDENZA_INSUFFICIENTE
7cda5f3339f0283e1b6b,Collegno,"63 immobili in vendita a Leumann, Collegno - Trovit",Trovit,https://case.trovit.it/leumann,EVIDENZA_INSUFFICIENTE
46a26260a54e88462f74,Condove,Casa singola in vendita a Condove Cod. BELLAFUGERA,Mercato generale,https://www.fcimmobiliare.it/i-672094-vendita-casa-singola-condove/,EVIDENZA_INSUFFICIENTE
a1de59aa4dc36eee7c23,Giaveno,586 immobili in vendita a Giaveno - Trovit,Trovit,https://case.trovit.it/giaveno,EVIDENZA_INSUFFICIENTE
3d481b8732ec62135ccb,Giaveno,Immobiliare Giavenese,Mercato generale,https://www.immobiliaregiavenese.it/,EVIDENZA_INSUFFICIENTE
dcca0694688746bd4182,Mompantero,Villa singola in vendita a Mompantero - Urbiano Cod. SUSA143,Mercato generale,https://www.fcimmobiliare.it/i-672129-vendita-villa-singola-mompantero-urbiano/,EVIDENZA_INSUFFICIENTE
889e6d621b6e64a5d38c,Rivoli,Rivoli - Vendita case - Subito.it,Subito privati,https://www.subito.it/annunci-italia/vendita/immobili/?q=rivoli,EVIDENZA_INSUFFICIENTE
041892b6563d1bcfafa2,Rosta,"Case in vendita a Rosta, Torino Ovest",Mercato generale,https://caseinvenditainaffitto.it/case-in-vendita/rosta-torino-ovest,PAGINA_CATEGORIA
3f6bd9d29253fb02279a,Rosta,Case in vendita Rosta - Immobili - Subito.it,Subito privati,https://www.subito.it/annunci-piemonte/vendita/immobili/torino/rosta/,PAGINA_CATEGORIA
ffaae4d8e4906bedb534,Rubiana,"Appartamento in vendita a Rubiana, 4 locali, 95 mq | PCase.it",Mercato generale,https://www.pcase.it/immobili/quadrilocale-vendita-rubiana-sc9698461/,EVIDENZA_INSUFFICIENTE
efee920c4187a9b0c4c0,San Giorio,"1 immobili in vendita a Malpasso, San Giorio di Susa - Trovit",Trovit,https://case.trovit.it/malpasso,EVIDENZA_INSUFFICIENTE
3e4ee9b8411e76f28ea2,Sant'Antonino di Susa,Case in vendita Sant'Antonino di Susa - Immobili - Subito.it,Subito privati,https://www.subito.it/annunci-piemonte/vendita/immobili/torino/sant-antonino-di-susa/,PAGINA_CATEGORIA
f8de2593abe626c0d539,Susa,"Case in vendita a Susa, Valli Susa, Sangone",Mercato generale,https://caseinvenditainaffitto.it/case-in-vendita/susa-valli-susa-sangone,PAGINA_CATEGORIA
109f6f12102b36ee5655,Susa,Case in vendita da Privati a Susa - CasaDaPrivato.it,Mercato generale,https://www.casadaprivato.it/annunci-vendita/immobili/torino-susa,PAGINA_CATEGORIA
e20df286bfce7076ef6a,Susa,Case in vendita Susa - Immobili - Subito.it,Subito privati,https://www.subito.it/annunci-piemonte/vendita/immobili/torino/susa/,PAGINA_CATEGORIA
93665adc2504e2dce758,Trana,Più di dieci ville in vendita a Trana Moranda. - Caasa,Mercato generale,https://www.caasa.it/torino/trana-zona-moranda/villa/in-vendita.html,EVIDENZA_INSUFFICIENTE
d289c9f4223e046d30bc,Venaus,287 Immobili in vendita a Venaus - Mitula Case,Mercato generale,https://immobiliare.mitula.it/venaus,EVIDENZA_INSUFFICIENTE
7508b733beefa70e7c85,Villarbasse,Vendita Ville a Villarbasse: Annunci Immobiliari | YesCasa,Mercato generale,https://www.yescasa.it/vendita-ville/villarbasse/,EVIDENZA_INSUFFICIENTE
eb21a7194edb3f169bea,Bardonecchia,Case in vendita Bardonecchia - Immobili - Subito.it,Subito privati,https://www.subito.it/annunci-piemonte/vendita/immobili/torino/bardonecchia/,PAGINA_CATEGORIA
5649ec0eb4392b9eda5c,Borgone Susa,Case a Borgone Susa. Ville in vendita a Borgone Susa - Nestoria,Nestoria,https://www.nestoria.it/case/vendita/borgone-susa,EVIDENZA_INSUFFICIENTE
af08fd890ebe132d1a48,Borgone Susa,274 Immobili in vendita a Borgone Susa - Mitula Case,Mercato generale,https://immobiliare.mitula.it/borgone-susa,EVIDENZA_INSUFFICIENTE
a984b5642dca97af5a62,Condove,Case in vendita Condove - Immobili - Subito.it,Subito privati,https://www.subito.it/annunci-piemonte/vendita/immobili/torino/condove/,PAGINA_CATEGORIA
aead058de8b8af15f838,Giaglione,Case a Giaglione. Ville in vendita a Giaglione - Nestoria,Nestoria,https://www.nestoria.it/case/vendita/giaglione,EVIDENZA_INSUFFICIENTE
84b54a494922c3f71596,Meana di Susa,39 immobili in vendita a Meana di Susa - Trovit,Trovit,https://case.trovit.it/meana-susa,EVIDENZA_INSUFFICIENTE
16b17770da0928a0825c,Rivoli,Case in Vendita da Privati Rivoli - ClickCase.it,Mercato generale,https://www.clickcase.it/annunci/vendita-case-privati-rivoli.html,PAGINA_CATEGORIA
05d5ca7161fecf206fee,Trana,Case in vendita Trana - Immobili - Subito.it,Subito privati,https://www.subito.it/annunci-piemonte/vendita/immobili/torino/trana/,PAGINA_CATEGORIA
5c3fa8da79ad24c05139,Vaie,"Case in vendita a Vaie, Valli Susa, Sangone",Mercato generale,https://caseinvenditainaffitto.it/case-in-vendita/vaie-valli-susa-sangone,PAGINA_CATEGORIA
7ca6d133fec2832a3e77,Vaie,Case in vendita Vaie - Immobili - Subito.it,Subito privati,https://www.subito.it/annunci-piemonte/vendita/immobili/torino/vaie/,PAGINA_CATEGORIA
08457ed9166d8b5663bd,Villar Focchiardo,Monolocali in vendita Villar Focchiardo (TO),Mercato generale,https://www.caseinvendita360.com/monolocale-vendita-villar-focchiardo-to,EVIDENZA_INSUFFICIENTE
86b759f47381baaa78bf,Avigliana,23.123 immobili in vendita a Avigliana - Nestoria,Nestoria,https://www.nestoria.it/immobiliare/vendita/avigliana,EVIDENZA_INSUFFICIENTE
899f1b1a99b411684f64,Buttigliera Alta,Case in vendita a Buttigliera Alta - Wikicasa,Wikicasa,https://www.wikicasa.it/vendita-case/buttigliera-alta/,PAGINA_CATEGORIA
c1bee8e431e849082b41,Buttigliera Alta,970 Immobili in vendita a Buttigliera Alta - Mitula Case,Mercato generale,https://immobiliare.mitula.it/buttigliera-alta,EVIDENZA_INSUFFICIENTE
c21365ea16b964f6c0a4,Giaglione,29 Rustici in vendita a Giaglione - Mitula Case,Mercato generale,https://immobiliare.mitula.it/rustico-giaglione,EVIDENZA_INSUFFICIENTE
06b3700b9109ecb2a716,Pianezza,Case in vendita Pianezza - Immobili - Subito.it,Subito privati,https://www.subito.it/annunci-piemonte/vendita/immobili/torino/pianezza/,PAGINA_CATEGORIA
fa1766875ffd2a6d95a1,Rivoli,Ghigo agenzia immobiliare a Rivoli - Trova o vendi casa,Mercato generale,https://www.ghigoimmobiliare.it/,EVIDENZA_INSUFFICIENTE
